-- phpMyAdmin SQL Dump
-- version 5.2.1
-- https://www.phpmyadmin.net/
--
-- Host: 127.0.0.1
-- Generation Time: Maj 15, 2025 at 07:35 PM
-- Wersja serwera: 10.4.32-MariaDB
-- Wersja PHP: 8.2.12

SET SQL_MODE = "NO_AUTO_VALUE_ON_ZERO";
START TRANSACTION;
SET time_zone = "+00:00";


/*!40101 SET @OLD_CHARACTER_SET_CLIENT=@@CHARACTER_SET_CLIENT */;
/*!40101 SET @OLD_CHARACTER_SET_RESULTS=@@CHARACTER_SET_RESULTS */;
/*!40101 SET @OLD_COLLATION_CONNECTION=@@COLLATION_CONNECTION */;
/*!40101 SET NAMES utf8mb4 */;

--
-- Database: `cmsms`
--

-- --------------------------------------------------------

--
-- Struktura tabeli dla tabeli `cms_additional_users`
--

CREATE TABLE `cms_additional_users` (
  `additional_users_id` int(11) NOT NULL,
  `user_id` int(11) DEFAULT NULL,
  `page_id` int(11) DEFAULT NULL,
  `content_id` int(11) DEFAULT NULL
) ENGINE=MyISAM DEFAULT CHARSET=utf8 COLLATE=utf8_general_ci;

-- --------------------------------------------------------

--
-- Struktura tabeli dla tabeli `cms_additional_users_seq`
--

CREATE TABLE `cms_additional_users_seq` (
  `id` int(11) NOT NULL
) ENGINE=MyISAM DEFAULT CHARSET=utf8mb4 COLLATE=utf8mb4_general_ci;

--
-- Dumping data for table `cms_additional_users_seq`
--

INSERT INTO `cms_additional_users_seq` (`id`) VALUES
(0);

-- --------------------------------------------------------

--
-- Struktura tabeli dla tabeli `cms_adminlog`
--

CREATE TABLE `cms_adminlog` (
  `timestamp` int(11) DEFAULT NULL,
  `user_id` int(11) DEFAULT NULL,
  `username` varchar(25) DEFAULT NULL,
  `item_id` int(11) DEFAULT NULL,
  `item_name` varchar(50) DEFAULT NULL,
  `action` varchar(255) DEFAULT NULL,
  `ip_addr` varchar(40) DEFAULT NULL
) ENGINE=MyISAM DEFAULT CHARSET=utf8 COLLATE=utf8_general_ci;

--
-- Dumping data for table `cms_adminlog`
--

INSERT INTO `cms_adminlog` (`timestamp`, `user_id`, `username`, `item_id`, `item_name`, `action`, `ip_addr`) VALUES
(1747324495, 0, NULL, 1, 'CMSMS', 'Design Minimal created', NULL),
(1747324495, 0, NULL, 2, 'CMSMS', 'Design Simplex created', NULL),
(1747324495, 0, NULL, 3, 'CMSMS', 'Design CSSMenu left + 1 column created', NULL),
(1747324495, 0, NULL, 4, 'CMSMS', 'Design CSSMenu top + 2 columns created', NULL),
(1747324495, 0, NULL, 5, 'CMSMS', 'Design Left simple navigation + 1 column created', NULL),
(1747324495, 0, NULL, 6, 'CMSMS', 'Design NCleanBlue created', NULL),
(1747324495, 0, NULL, 7, 'CMSMS', 'Design ShadowMenu left + 1 column created', NULL),
(1747324495, 0, NULL, 8, 'CMSMS', 'Design ShadowMenu Tab + 2 columns created', NULL),
(1747324495, 0, NULL, 9, 'CMSMS', 'Design Top simple navigation + left subnavigation + 1 column created', NULL),
(1747324495, 0, NULL, 1, 'CMSMS', 'Template Type page Created', NULL),
(1747324495, 0, NULL, 2, 'CMSMS', 'Template Type generic Created', NULL),
(1747324495, 0, NULL, 1, 'CMSMS', 'Template footer Created', NULL),
(1747324495, 0, NULL, 2, 'CMSMS', 'Template Minimal Created', NULL),
(1747324495, 0, NULL, 3, 'CMSMS', 'Template CSSMenu left + 1 column Created', NULL),
(1747324495, 0, NULL, 4, 'CMSMS', 'Template CSSMenu top + 2 columns Created', NULL),
(1747324495, 0, NULL, 5, 'CMSMS', 'Template Left simple navigation + 1 column Created', NULL),
(1747324495, 0, NULL, 6, 'CMSMS', 'Template Top simple navigation + left subnavigation + 1 column Created', NULL),
(1747324495, 0, NULL, 7, 'CMSMS', 'Template ShadowMenu Tab + 2 columns Created', NULL),
(1747324495, 0, NULL, 8, 'CMSMS', 'Template ShadowMenu left + 1 column Created', NULL),
(1747324495, 0, NULL, 9, 'CMSMS', 'Template NCleanBlue Created', NULL),
(1747324495, 0, NULL, 10, 'CMSMS', 'Template Simplex Created', NULL),
(1747324495, 0, NULL, 11, 'CMSMS', 'Template Simplex Slideshow Created', NULL),
(1747324495, 0, NULL, 12, 'CMSMS', 'Template Simplex Footer Created', NULL),
(1747324495, 0, NULL, 1, 'CMSMS', 'Stylesheet Handheld Created', NULL),
(1747324495, 0, NULL, 2, 'CMSMS', 'Stylesheet Print Created', NULL),
(1747324495, 0, NULL, 3, 'CMSMS', 'Stylesheet Accessibility and cross-browser tools Created', NULL),
(1747324495, 0, NULL, 4, 'CMSMS', 'Stylesheet Layout Left sidebar + 1 column Created', NULL),
(1747324495, 0, NULL, 5, 'CMSMS', 'Stylesheet Navigation CSSMenu - Vertical Created', NULL),
(1747324495, 0, NULL, 6, 'CMSMS', 'Stylesheet Navigation CSSMenu - Horizontal Created', NULL),
(1747324495, 0, NULL, 7, 'CMSMS', 'Stylesheet Module News Created', NULL),
(1747324495, 0, NULL, 8, 'CMSMS', 'Stylesheet Navigation Simple - Horizontal Created', NULL),
(1747324495, 0, NULL, 9, 'CMSMS', 'Stylesheet Layout Top menu + 2 columns Created', NULL),
(1747324495, 0, NULL, 10, 'CMSMS', 'Stylesheet Navigation Simple - Vertical Created', NULL),
(1747324495, 0, NULL, 11, 'CMSMS', 'Stylesheet Navigation ShadowMenu - Horizontal Created', NULL),
(1747324495, 0, NULL, 12, 'CMSMS', 'Stylesheet Navigation ShadowMenu - Vertical Created', NULL),
(1747324495, 0, NULL, 13, 'CMSMS', 'Stylesheet Navigation FatFootMenu Created', NULL),
(1747324495, 0, NULL, 14, 'CMSMS', 'Stylesheet ncleanbluecore Created', NULL),
(1747324495, 0, NULL, 15, 'CMSMS', 'Stylesheet ncleanblueutils Created', NULL),
(1747324495, 0, NULL, 16, 'CMSMS', 'Stylesheet Layout NCleanBlue Created', NULL),
(1747324495, 0, NULL, 17, 'CMSMS', 'Stylesheet Simplex Core Created', NULL),
(1747324495, 0, NULL, 18, 'CMSMS', 'Stylesheet Simplex Layout Created', NULL),
(1747324495, 0, NULL, 19, 'CMSMS', 'Stylesheet Simplex Slideshow Created', NULL),
(1747324495, 0, NULL, 20, 'CMSMS', 'Stylesheet Simplex Print Created', NULL),
(1747324495, 0, NULL, 3, 'CMSMS', 'Design CSSMenu left + 1 column updated', NULL),
(1747324495, 0, NULL, 4, 'CMSMS', 'Design CSSMenu top + 2 columns updated', NULL),
(1747324495, 0, NULL, 5, 'CMSMS', 'Design Left simple navigation + 1 column updated', NULL),
(1747324495, 0, NULL, 6, 'CMSMS', 'Design NCleanBlue updated', NULL),
(1747324495, 0, NULL, 7, 'CMSMS', 'Design ShadowMenu left + 1 column updated', NULL),
(1747324495, 0, NULL, 8, 'CMSMS', 'Design ShadowMenu Tab + 2 columns updated', NULL),
(1747324495, 0, NULL, 2, 'CMSMS', 'Design Simplex updated', NULL),
(1747324495, 0, NULL, 9, 'CMSMS', 'Design Top simple navigation + left subnavigation + 1 column updated', NULL),
(1747324497, 0, NULL, -1, 'Module', 'Installed AdminSearch version 1.0.5', NULL),
(1747324497, 0, NULL, -1, 'Module', 'Installed CMSContentManager version 1.1.9', NULL),
(1747324497, 0, NULL, -1, 'Module', 'Installed CmsJobManager version 0.1.3', NULL),
(1747324497, 0, NULL, -1, 'Module', 'Installed DesignManager version 1.1.8', NULL),
(1747324497, 0, NULL, -1, 'Module', 'Installed FileManager version 1.6.11', NULL),
(1747324497, 0, NULL, -1, 'Module', 'Installed FilePicker version 1.0.4.1', NULL),
(1747324497, 0, NULL, 3, 'CMSMS', 'Template Type navigation Created', NULL),
(1747324497, 0, NULL, 13, 'CMSMS', 'Template Simple Navigation Menu Created', NULL),
(1747324497, 0, NULL, -1, 'Module', 'Installed MenuManager version 1.50.3', NULL),
(1747324497, 0, NULL, -1, 'Module', 'Installed MicroTiny version 2.2.4', NULL),
(1747324497, 0, NULL, -1, 'Module', 'Installed ModuleManager version 2.1.7', NULL),
(1747324497, 0, NULL, 4, 'CMSMS', 'Template Type navigation Created', NULL),
(1747324497, 0, NULL, 5, 'CMSMS', 'Template Type breadcrumbs Created', NULL),
(1747324497, 0, NULL, 14, 'CMSMS', 'Template Simple Navigation Created', NULL),
(1747324497, 0, NULL, 15, 'CMSMS', 'Template Breadcrumbs Created', NULL),
(1747324497, 0, NULL, 16, 'CMSMS', 'Template cssmenu Created', NULL),
(1747324497, 0, NULL, 17, 'CMSMS', 'Template cssmenu_ulshadow Created', NULL),
(1747324497, 0, NULL, 18, 'CMSMS', 'Template minimal_menu Created', NULL),
(1747324497, 0, NULL, 19, 'CMSMS', 'Template Simplex Main Navigation Created', NULL),
(1747324497, 0, NULL, 20, 'CMSMS', 'Template Simplex Footer Navigation Created', NULL),
(1747324497, 0, NULL, -1, 'Module', 'Installed Navigator version 1.0.9', NULL),
(1747324497, 0, NULL, 6, 'CMSMS', 'Template Type summary Created', NULL),
(1747324497, 0, NULL, 21, 'CMSMS', 'Template News Summary Sample Created', NULL),
(1747324497, 0, NULL, 22, 'CMSMS', 'Template Simplex News Summary Created', NULL),
(1747324497, 0, NULL, 7, 'CMSMS', 'Template Type detail Created', NULL),
(1747324497, 0, NULL, 23, 'CMSMS', 'Template News Detail Sample Created', NULL),
(1747324497, 0, NULL, 24, 'CMSMS', 'Template Simplex News Detail Created', NULL),
(1747324497, 0, NULL, 8, 'CMSMS', 'Template Type form Created', NULL),
(1747324497, 0, NULL, 25, 'CMSMS', 'Template News Fesubmit Form Sample Created', NULL),
(1747324497, 0, NULL, 9, 'CMSMS', 'Template Type browsecat Created', NULL),
(1747324497, 0, NULL, 26, 'CMSMS', 'Template News Browse Category Sample Created', NULL),
(1747324497, 0, NULL, -1, 'Module', 'Installed News version 2.51.9', NULL),
(1747324497, 0, NULL, 10, 'CMSMS', 'Template Type searchform Created', NULL),
(1747324497, 0, NULL, 27, 'CMSMS', 'Template Search Form Sample Created', NULL),
(1747324497, 0, NULL, 28, 'CMSMS', 'Template Simplex Search Created', NULL),
(1747324497, 0, NULL, 11, 'CMSMS', 'Template Type searchresults Created', NULL),
(1747324497, 0, NULL, 29, 'CMSMS', 'Template Search Results Sample Created', NULL),
(1747324497, 0, NULL, -1, 'Module', 'Installed Search version 1.51.8', NULL),
(1747324513, 1, 'admin', 1, 'Admin Username: admin', 'Logged In', '::1'),
(1747324704, 0, NULL, -1, 'Core', 'CMSMS version 2.2.21 is available', NULL),
(1747325027, 1, 'admin', 21, 'CMSMS', 'Stylesheet PSS_moj Created', '::1'),
(1747325154, 1, 'admin', 30, 'CMSMS', 'Template Main Created', '::1'),
(1747325199, 1, 'admin', 10, 'CMSMS', 'Design moj design created', '::1'),
(1747325238, 1, 'admin', 33, 'Content Item: Strona główna', ' Edited', '::1'),
(1747325252, 1, 'admin', 33, 'Content Item: Strona główna', ' Edited', '::1'),
(1747325259, 1, 'admin', 1, 'Core', 'Deleted content page', '::1'),
(1747325292, 1, 'admin', 12, 'Core', 'Deleted content page', '::1'),
(1747325300, 1, 'admin', -1, 'Core', 'Deleted 5 pages', '::1'),
(1747325307, 1, 'admin', -1, 'Core', 'Deleted 25 pages', '::1'),
(1747325367, 1, 'admin', 15, 'CMSMS', 'Template Breadcrumbs Deleted', '::1'),
(1747325367, 1, 'admin', 16, 'CMSMS', 'Template cssmenu Deleted', '::1'),
(1747325367, 1, 'admin', 3, 'CMSMS', 'Template CSSMenu left + 1 column Deleted', '::1'),
(1747325367, 1, 'admin', 4, 'CMSMS', 'Template CSSMenu top + 2 columns Deleted', '::1'),
(1747325367, 1, 'admin', 17, 'CMSMS', 'Template cssmenu_ulshadow Deleted', '::1'),
(1747325367, 1, 'admin', 1, 'CMSMS', 'Template footer Deleted', '::1'),
(1747325367, 1, 'admin', 5, 'CMSMS', 'Template Left simple navigation + 1 column Deleted', '::1'),
(1747325367, 1, 'admin', 2, 'CMSMS', 'Template Minimal Deleted', '::1'),
(1747325367, 1, 'admin', 18, 'CMSMS', 'Template minimal_menu Deleted', '::1'),
(1747325367, 1, 'admin', 9, 'CMSMS', 'Template NCleanBlue Deleted', '::1'),
(1747325367, 1, 'admin', 26, 'CMSMS', 'Template News Browse Category Sample Deleted', '::1'),
(1747325367, 1, 'admin', 23, 'CMSMS', 'Template News Detail Sample Deleted', '::1'),
(1747325367, 1, 'admin', 25, 'CMSMS', 'Template News Fesubmit Form Sample Deleted', '::1'),
(1747325367, 1, 'admin', 21, 'CMSMS', 'Template News Summary Sample Deleted', '::1'),
(1747325367, 1, 'admin', 27, 'CMSMS', 'Template Search Form Sample Deleted', '::1'),
(1747325367, 1, 'admin', 29, 'CMSMS', 'Template Search Results Sample Deleted', '::1'),
(1747325367, 1, 'admin', 8, 'CMSMS', 'Template ShadowMenu left + 1 column Deleted', '::1'),
(1747325367, 1, 'admin', 7, 'CMSMS', 'Template ShadowMenu Tab + 2 columns Deleted', '::1'),
(1747325367, 1, 'admin', 14, 'CMSMS', 'Template Simple Navigation Deleted', '::1'),
(1747325367, 1, 'admin', 13, 'CMSMS', 'Template Simple Navigation Menu Deleted', '::1'),
(1747325367, 1, 'admin', 10, 'CMSMS', 'Template Simplex Deleted', '::1'),
(1747325367, 1, 'admin', 12, 'CMSMS', 'Template Simplex Footer Deleted', '::1'),
(1747325367, 1, 'admin', 20, 'CMSMS', 'Template Simplex Footer Navigation Deleted', '::1'),
(1747325367, 1, 'admin', 19, 'CMSMS', 'Template Simplex Main Navigation Deleted', '::1'),
(1747325367, 1, 'admin', 24, 'CMSMS', 'Template Simplex News Detail Deleted', '::1'),
(1747325367, 1, 'admin', 22, 'CMSMS', 'Template Simplex News Summary Deleted', '::1'),
(1747325367, 1, 'admin', 28, 'CMSMS', 'Template Simplex Search Deleted', '::1'),
(1747325367, 1, 'admin', 11, 'CMSMS', 'Template Simplex Slideshow Deleted', '::1'),
(1747325367, 1, 'admin', 6, 'CMSMS', 'Template Top simple navigation + left subnavigation + 1 column Deleted', '::1'),
(1747325435, 1, 'admin', 30, 'CMSMS', 'Template Main Updated', '::1'),
(1747325437, 1, 'admin', -1, 'Smarty Error', 'Could not find default CmsLayoutTemplate row for type navigation', '::1'),
(1747325454, 1, 'admin', 30, 'CMSMS', 'Template Main Updated', '::1'),
(1747325456, 1, 'admin', -1, 'Smarty Error', 'Could not find default CmsLayoutTemplate row for type navigation', '::1'),
(1747325469, 1, 'admin', 30, 'CMSMS', 'Template Main Updated', '::1'),
(1747325470, 1, 'admin', -1, 'Smarty Error', 'Could not find default CmsLayoutTemplate row for type navigation', '::1'),
(1747325481, 1, 'admin', 30, 'CMSMS', 'Template Main Updated', '::1'),
(1747325482, 1, 'admin', -1, 'Smarty Error', 'Could not find default CmsLayoutTemplate row for type navigation', '::1'),
(1747325492, 1, 'admin', 30, 'CMSMS', 'Template Main Updated', '::1'),
(1747325493, 1, 'admin', -1, 'Smarty Error', 'Could not find default CmsLayoutTemplate row for type navigation', '::1'),
(1747325497, 1, 'admin', -1, 'Smarty Error', 'Could not find default CmsLayoutTemplate row for type navigation', '::1'),
(1747325530, 1, 'admin', -1, 'Smarty Error', 'Could not find default CmsLayoutTemplate row for type navigation', '::1'),
(1747325534, 1, 'admin', -1, 'Smarty Error', 'Could not find default CmsLayoutTemplate row for type navigation', '::1'),
(1747325577, 1, 'admin', 30, 'CMSMS', 'Template Main Updated', '::1'),
(1747325579, 1, 'admin', -1, 'Smarty Error', 'Could not find default CmsLayoutTemplate row for type navigation', '::1'),
(1747325640, 1, 'admin', 31, 'CMSMS', 'Template navigation Created', '::1'),
(1747325644, 1, 'admin', -1, 'Smarty Error', 'Could not find default CmsLayoutTemplate row for type navigation', '::1'),
(1747325645, 1, 'admin', -1, 'Smarty Error', 'Could not find default CmsLayoutTemplate row for type navigation', '::1'),
(1747325663, 1, 'admin', 31, 'CMSMS', 'Template navigation Updated', '::1'),
(1747325749, 1, 'admin', 30, 'CMSMS', 'Template Main Updated', '::1'),
(1747325785, 1, 'admin', 30, 'CMSMS', 'Template Main Updated', '::1'),
(1747325891, 1, 'admin', 31, 'CMSMS', 'Template navigation Updated', '::1'),
(1747325981, 1, 'admin', 30, 'CMSMS', 'Template Main Updated', '::1'),
(1747326006, 1, 'admin', 30, 'CMSMS', 'Template Main Updated', '::1'),
(1747326036, 1, 'admin', 33, 'Content Item: HealthyTeeth', ' Edited', '::1'),
(1747326158, 1, 'admin', 30, 'CMSMS', 'Template Main Updated', '::1'),
(1747326182, 1, 'admin', 32, 'CMSMS', 'Template tpl_top Created', '::1'),
(1747326194, 1, 'admin', 33, 'CMSMS', 'Template tpl_mid Created', '::1'),
(1747326205, 1, 'admin', 34, 'CMSMS', 'Template tpl_bottom Created', '::1'),
(1747326213, 1, 'admin', 30, 'CMSMS', 'Template Main Updated', '::1'),
(1747326235, 1, 'admin', 34, 'CMSMS', 'Template tpl_bottom Updated', '::1'),
(1747326240, 1, 'admin', 33, 'CMSMS', 'Template tpl_mid Updated', '::1'),
(1747326244, 1, 'admin', 32, 'CMSMS', 'Template tpl_top Updated', '::1'),
(1747326314, 1, 'admin', 30, 'CMSMS', 'Template Main Updated', '::1'),
(1747326323, 1, 'admin', 30, 'CMSMS', 'Template Main Updated', '::1'),
(1747326331, 1, 'admin', 30, 'CMSMS', 'Template Main Updated', '::1'),
(1747326400, 1, 'admin', 30, 'CMSMS', 'Template Main Updated', '::1'),
(1747326447, 1, 'admin', 32, 'CMSMS', 'Template tpl_top Updated', '::1'),
(1747326472, 1, 'admin', 30, 'CMSMS', 'Template Main Updated', '::1'),
(1747326585, 1, 'admin', 30, 'CMSMS', 'Template Main Updated', '::1'),
(1747326591, 1, 'admin', 30, 'CMSMS', 'Template Main Updated', '::1'),
(1747326630, 1, 'admin', 30, 'CMSMS', 'Template Main Updated', '::1'),
(1747326631, 1, 'admin', -1, 'Core', 'Missing Template: simple_navigation', '::1'),
(1747326631, 1, 'admin', -1, 'Smarty Error', 'Unable to load template \'cms_template:simple_navigation\' in \'cms_template:tpl_top\'', '::1'),
(1747326661, 1, 'admin', 30, 'CMSMS', 'Template Main Updated', '::1'),
(1747326662, 1, 'admin', -1, 'Core', 'Missing Template: simple_navigation', '::1'),
(1747326662, 1, 'admin', -1, 'Smarty Error', 'Unable to load template \'cms_template:simple_navigation\' in \'cms_template:tpl_top\'', '::1'),
(1747326667, 1, 'admin', 30, 'CMSMS', 'Template Main Updated', '::1'),
(1747326680, 1, 'admin', 30, 'CMSMS', 'Template Main Updated', '::1'),
(1747326699, 1, 'admin', 30, 'CMSMS', 'Template Main Updated', '::1'),
(1747326700, 1, 'admin', -1, 'Core', 'Missing Template: simple_navigation', '::1'),
(1747326700, 1, 'admin', -1, 'Smarty Error', 'Unable to load template \'cms_template:simple_navigation\' in \'cms_template:tpl_top\'', '::1'),
(1747326714, 1, 'admin', 30, 'CMSMS', 'Template Main Updated', '::1'),
(1747326741, 1, 'admin', 30, 'CMSMS', 'Template Main Updated', '::1'),
(1747326743, 1, 'admin', -1, 'Core', 'Missing Template: simple_navigation', '::1'),
(1747326743, 1, 'admin', -1, 'Smarty Error', 'Unable to load template \'cms_template:simple_navigation\' in \'cms_template:tpl_top\'', '::1'),
(1747326747, 1, 'admin', 30, 'CMSMS', 'Template Main Updated', '::1'),
(1747326751, 1, 'admin', 30, 'CMSMS', 'Template Main Updated', '::1'),
(1747326769, 1, 'admin', 30, 'CMSMS', 'Template Main Updated', '::1'),
(1747326770, 1, 'admin', -1, 'Core', 'Missing Template: simple_navigation', '::1'),
(1747326770, 1, 'admin', -1, 'Smarty Error', 'Unable to load template \'cms_template:simple_navigation\' in \'cms_template:tpl_top\'', '::1'),
(1747326799, 1, 'admin', 30, 'CMSMS', 'Template Main Updated', '::1'),
(1747326801, 1, 'admin', -1, 'Core', 'Missing Template: simple_navigation', '::1'),
(1747326801, 1, 'admin', -1, 'Smarty Error', 'Unable to load template \'cms_template:simple_navigation\' in \'cms_template:tpl_top\'', '::1'),
(1747326804, 1, 'admin', 30, 'CMSMS', 'Template Main Updated', '::1'),
(1747326858, 1, 'admin', 32, 'CMSMS', 'Template tpl_top Updated', '::1'),
(1747326861, 1, 'admin', -1, 'DesignManager', 'Cleared all content locks', '::1'),
(1747326876, 1, 'admin', 30, 'CMSMS', 'Template Main Updated', '::1'),
(1747326877, 1, 'admin', -1, 'Core', 'Missing Template: simple_navigation', '::1'),
(1747326877, 1, 'admin', -1, 'Smarty Error', 'Unable to load template \'cms_template:simple_navigation\' in \'cms_template:tpl_top\'', '::1'),
(1747326922, 1, 'admin', 32, 'CMSMS', 'Template tpl_top Updated', '::1'),
(1747326958, 1, 'admin', 32, 'CMSMS', 'Template tpl_top Updated', '::1'),
(1747326985, 1, 'admin', 33, 'Content Item: HealthyTeeth', ' Edited', '::1'),
(1747327008, 1, 'admin', 32, 'CMSMS', 'Template tpl_top Updated', '::1'),
(1747327086, 1, 'admin', 32, 'CMSMS', 'Template tpl_top Updated', '::1'),
(1747327177, 1, 'admin', 32, 'CMSMS', 'Template tpl_top Updated', '::1'),
(1747327208, 1, 'admin', 32, 'CMSMS', 'Template tpl_top Updated', '::1'),
(1747327229, 1, 'admin', 32, 'CMSMS', 'Template tpl_top Updated', '::1'),
(1747327322, 1, 'admin', 32, 'CMSMS', 'Template tpl_top Updated', '::1'),
(1747327373, 1, 'admin', 32, 'CMSMS', 'Template tpl_top Updated', '::1'),
(1747327429, 1, 'admin', 32, 'CMSMS', 'Template tpl_top Updated', '::1'),
(1747327456, 1, 'admin', 22, 'CMSMS', 'Stylesheet noscript moj Created', '::1'),
(1747327477, 1, 'admin', 10, 'CMSMS', 'Design moj design updated', '::1'),
(1747327749, 1, 'admin', 33, 'Content Item: HealthyTeeth', ' Edited', '::1'),
(1747327786, 1, 'admin', 33, 'Content Item: HealthyTeeth', ' Edited', '::1'),
(1747327948, 1, 'admin', 33, 'Content Item: HealthyTeeth', ' Edited', '::1'),
(1747327977, 1, 'admin', 33, 'Content Item: HealthyTeeth', ' Edited', '::1'),
(1747328130, 1, 'admin', 33, 'Content Item: HealthyTeeth', ' Edited', '::1'),
(1747328143, 1, 'admin', 33, 'Content Item: HealthyTeeth', ' Edited', '::1'),
(1747328194, 1, 'admin', 33, 'Content Item: HealthyTeeth', ' Edited', '::1'),
(1747328259, 1, 'admin', 33, 'Content Item: HealthyTeeth', ' Edited', '::1'),
(1747328274, 1, 'admin', 23, 'CMSMS', 'Stylesheet fontawesome moj Created', '::1'),
(1747328297, 1, 'admin', 33, 'Content Item: HealthyTeeth', ' Edited', '::1'),
(1747328348, 1, 'admin', 21, 'CMSMS', 'Stylesheet PSS_moj Updated', '::1'),
(1747328626, 1, 'admin', 21, 'CMSMS', 'Stylesheet PSS_moj Updated', '::1'),
(1747328667, 1, 'admin', 21, 'CMSMS', 'Stylesheet PSS_moj Updated', '::1'),
(1747328722, 1, 'admin', 21, 'CMSMS', 'Stylesheet PSS_moj Updated', '::1'),
(1747328789, 1, 'admin', 33, 'CMSMS', 'Template tpl_mid Updated', '::1'),
(1747328809, 1, 'admin', 33, 'CMSMS', 'Template tpl_mid Updated', '::1'),
(1747328842, 1, 'admin', 33, 'Content Item: HealthyTeeth', ' Edited', '::1'),
(1747328858, 1, 'admin', 21, 'CMSMS', 'Stylesheet PSS_moj Updated', '::1'),
(1747328914, 1, 'admin', 21, 'CMSMS', 'Stylesheet PSS_moj Updated', '::1'),
(1747329005, 1, 'admin', 33, 'Content Item: HealthyTeeth', ' Edited', '::1'),
(1747329022, 1, 'admin', 33, 'Content Item: HealthyTeeth', ' Edited', '::1'),
(1747329070, 1, 'admin', 33, 'Content Item: HealthyTeeth', ' Edited', '::1'),
(1747329155, 1, 'admin', 23, 'CMSMS', 'Stylesheet fontawesome moj Updated', '::1'),
(1747329170, 1, 'admin', 21, 'CMSMS', 'Stylesheet PSS_moj Updated', '::1'),
(1747329180, 1, 'admin', 34, 'CMSMS', 'Template tpl_bottom Updated', '::1'),
(1747329231, 1, 'admin', 33, 'Content Item: HealthyTeeth', ' Edited', '::1'),
(1747329280, 1, 'admin', 33, 'Content Item: HealthyTeeth', ' Edited', '::1'),
(1747329290, 1, 'admin', 33, 'Content Item: HealthyTeeth', ' Edited', '::1'),
(1747329335, 1, 'admin', 33, 'Content Item: HealthyTeeth', ' Edited', '::1'),
(1747329548, 1, 'admin', 34, 'CMSMS', 'Template tpl_bottom Updated', '::1'),
(1747329580, 1, 'admin', 34, 'CMSMS', 'Template tpl_bottom Updated', '::1'),
(1747329605, 1, 'admin', 34, 'CMSMS', 'Template tpl_bottom Updated', '::1'),
(1747329658, 1, 'admin', 33, 'CMSMS', 'Template tpl_mid Updated', '::1'),
(1747329684, 1, 'admin', 33, 'CMSMS', 'Template tpl_mid Updated', '::1'),
(1747329707, 1, 'admin', 34, 'Content Item: Cennik', ' Edited', '::1'),
(1747329725, 1, 'admin', 34, 'Content Item: Cennik', ' Edited', '::1'),
(1747329760, 1, 'admin', 34, 'Content Item: Cennik', ' Edited', '::1'),
(1747329917, 1, 'admin', 34, 'Content Item: Cennik', ' Edited', '::1'),
(1747329951, 1, 'admin', 34, 'Content Item: Cennik', ' Edited', '::1'),
(1747329989, 1, 'admin', 34, 'Content Item: Cennik', ' Edited', '::1'),
(1747330116, 1, 'admin', 34, 'Content Item: Cennik', ' Edited', '::1'),
(1747330146, 1, 'admin', 21, 'CMSMS', 'Stylesheet PSS_moj Updated', '::1'),
(1747330196, 1, 'admin', 21, 'CMSMS', 'Stylesheet PSS_moj Updated', '::1'),
(1747330217, 1, 'admin', 34, 'Content Item: Cennik', ' Edited', '::1'),
(1747330251, 1, 'admin', 34, 'Content Item: Cennik', ' Edited', '::1'),
(1747330292, 1, 'admin', 32, 'CMSMS', 'Template tpl_top Updated', '::1'),
(1747330299, 1, 'admin', 32, 'CMSMS', 'Template tpl_top Updated', '::1'),
(1747330338, 1, 'admin', 32, 'CMSMS', 'Template tpl_top Updated', '::1'),
(1747330360, 1, 'admin', 21, 'CMSMS', 'Stylesheet PSS_moj Updated', '::1'),
(1747330410, 1, 'admin', 34, 'CMSMS', 'Template tpl_bottom Updated', '::1'),
(1747330416, 1, 'admin', 34, 'CMSMS', 'Template tpl_bottom Updated', '::1');

-- --------------------------------------------------------

--
-- Struktura tabeli dla tabeli `cms_admin_bookmarks`
--

CREATE TABLE `cms_admin_bookmarks` (
  `bookmark_id` int(11) NOT NULL,
  `user_id` int(11) DEFAULT NULL,
  `title` varchar(255) DEFAULT NULL,
  `url` varchar(255) DEFAULT NULL
) ENGINE=MyISAM DEFAULT CHARSET=utf8 COLLATE=utf8_general_ci;

-- --------------------------------------------------------

--
-- Struktura tabeli dla tabeli `cms_admin_bookmarks_seq`
--

CREATE TABLE `cms_admin_bookmarks_seq` (
  `id` int(11) NOT NULL
) ENGINE=MyISAM DEFAULT CHARSET=utf8mb4 COLLATE=utf8mb4_general_ci;

--
-- Dumping data for table `cms_admin_bookmarks_seq`
--

INSERT INTO `cms_admin_bookmarks_seq` (`id`) VALUES
(0);

-- --------------------------------------------------------

--
-- Struktura tabeli dla tabeli `cms_content`
--

CREATE TABLE `cms_content` (
  `content_id` int(11) NOT NULL,
  `content_name` varchar(255) DEFAULT NULL,
  `type` varchar(25) DEFAULT NULL,
  `owner_id` int(11) DEFAULT NULL,
  `parent_id` int(11) DEFAULT NULL,
  `template_id` int(11) DEFAULT NULL,
  `item_order` int(11) DEFAULT NULL,
  `hierarchy` varchar(255) DEFAULT NULL,
  `default_content` tinyint(4) DEFAULT NULL,
  `menu_text` varchar(255) DEFAULT NULL,
  `content_alias` varchar(255) DEFAULT NULL,
  `show_in_menu` tinyint(4) DEFAULT NULL,
  `active` tinyint(4) DEFAULT NULL,
  `cachable` tinyint(4) DEFAULT NULL,
  `id_hierarchy` varchar(255) DEFAULT NULL,
  `hierarchy_path` text DEFAULT NULL,
  `prop_names` text DEFAULT NULL,
  `metadata` text DEFAULT NULL,
  `titleattribute` varchar(255) DEFAULT NULL,
  `tabindex` varchar(10) DEFAULT NULL,
  `accesskey` varchar(5) DEFAULT NULL,
  `last_modified_by` int(11) DEFAULT NULL,
  `create_date` datetime DEFAULT NULL,
  `modified_date` datetime DEFAULT NULL,
  `secure` tinyint(4) DEFAULT NULL,
  `page_url` varchar(255) DEFAULT NULL
) ENGINE=MyISAM DEFAULT CHARSET=utf8 COLLATE=utf8_general_ci;

--
-- Dumping data for table `cms_content`
--

INSERT INTO `cms_content` (`content_id`, `content_name`, `type`, `owner_id`, `parent_id`, `template_id`, `item_order`, `hierarchy`, `default_content`, `menu_text`, `content_alias`, `show_in_menu`, `active`, `cachable`, `id_hierarchy`, `hierarchy_path`, `prop_names`, `metadata`, `titleattribute`, `tabindex`, `accesskey`, `last_modified_by`, `create_date`, `modified_date`, `secure`, `page_url`) VALUES
(33, 'HealthyTeeth', 'content', 1, -1, 30, 1, '00001', 1, 'Strona główna', 'strona-główna', 1, 1, 1, '33', 'strona-główna', NULL, '', '', '', '', 1, '2025-05-15 18:07:18', '2025-05-15 19:15:35', 0, ''),
(34, 'Cennik', 'content', 1, -1, 30, 2, '00002', 0, 'Cennik', 'cennik', 1, 1, 1, '34', 'cennik', NULL, '', '', '', '', 1, '2025-05-15 19:21:47', '2025-05-15 19:30:51', 0, '');

-- --------------------------------------------------------

--
-- Struktura tabeli dla tabeli `cms_content_props`
--

CREATE TABLE `cms_content_props` (
  `content_id` int(11) DEFAULT NULL,
  `type` varchar(25) DEFAULT NULL,
  `prop_name` varchar(255) DEFAULT NULL,
  `param1` varchar(255) DEFAULT NULL,
  `param2` varchar(255) DEFAULT NULL,
  `param3` varchar(255) DEFAULT NULL,
  `content` longtext DEFAULT NULL,
  `create_date` datetime DEFAULT NULL,
  `modified_date` datetime DEFAULT NULL
) ENGINE=MyISAM DEFAULT CHARSET=utf8 COLLATE=utf8_general_ci;

--
-- Dumping data for table `cms_content_props`
--

INSERT INTO `cms_content_props` (`content_id`, `type`, `prop_name`, `param1`, `param2`, `param3`, `content`, `create_date`, `modified_date`) VALUES
(34, 'string', 'extra1', NULL, NULL, NULL, '', NULL, '2025-05-15 19:30:51'),
(34, 'string', 'extra2', NULL, NULL, NULL, '', NULL, '2025-05-15 19:30:51'),
(34, 'string', 'extra3', NULL, NULL, NULL, '', NULL, '2025-05-15 19:30:51'),
(34, 'string', 'pagedata', NULL, NULL, NULL, '', NULL, '2025-05-15 19:30:51'),
(34, 'string', 'disable_wysiwyg', NULL, NULL, NULL, '0', NULL, '2025-05-15 19:30:51'),
(34, 'string', 'wantschildren', NULL, NULL, NULL, '1', NULL, '2025-05-15 19:30:51'),
(34, 'string', 'image', NULL, NULL, NULL, '', NULL, '2025-05-15 19:30:51'),
(34, 'string', 'thumbnail', NULL, NULL, NULL, '', NULL, '2025-05-15 19:30:51'),
(34, 'string', 'target', NULL, NULL, NULL, '', NULL, '2025-05-15 19:30:51'),
(34, 'string', 'content_en', NULL, NULL, NULL, '<h2 style=\"text-align: center;\">Cennik usług stomatologicznych</h2>\r\n<div class=\"pricing-grid\">\r\n<div class=\"price-box\">\r\n<h3>Przegląd stomatologiczny</h3>\r\n<p class=\"price\">0 zł</p>\r\n</div>\r\n<div class=\"price-box\">\r\n<h3>Skaling (usuwanie kamienia)</h3>\r\n<p class=\"price\">150 zł</p>\r\n</div>\r\n<div class=\"price-box\">\r\n<h3>Piaskowanie zęb&oacute;w</h3>\r\n<p class=\"price\">120 zł</p>\r\n</div>\r\n<div class=\"price-box\">\r\n<h3>Wybielanie zęb&oacute;w</h3>\r\n<p class=\"price\">800 zł</p>\r\n</div>\r\n<div class=\"price-box\">\r\n<h3>Wypełnienie</h3>\r\n<p class=\"price\">250 zł</p>\r\n</div>\r\n<div class=\"price-box\">\r\n<h3>Leczenie kanałowe (1 kanał)</h3>\r\n<p class=\"price\">500 zł</p>\r\n</div>\r\n<div class=\"price-box\">\r\n<h3>Leczenie kanałowe (3 kanały)</h3>\r\n<p class=\"price\">900 zł</p>\r\n</div>\r\n<div class=\"price-box\">\r\n<h3>Ekstrakcja zęba</h3>\r\n<p class=\"price\">250 zł</p>\r\n</div>\r\n<div class=\"price-box\">\r\n<h3>Korona protetyczna</h3>\r\n<p class=\"price\">1200 zł</p>\r\n</div>\r\n<div class=\"price-box\">\r\n<h3>Proteza całkowita</h3>\r\n<p class=\"price\">1800 zł</p>\r\n</div>\r\n<div class=\"price-box\">\r\n<h3>Szyna relaksacyjna</h3>\r\n<p class=\"price\">350 zł</p>\r\n</div>\r\n<div class=\"price-box\">\r\n<h3>RTG punktowe</h3>\r\n<p class=\"price\">60 zł</p>\r\n</div>\r\n</div>\r\n<p style=\"text-align: center; margin-top: 3em; font-size: 1.1em;\">Masz pytania dotyczące innych zabieg&oacute;w lub potrzebujesz indywidualnej wyceny?<br /> <strong><a style=\"color: #e44c65;\" href=\"mailto:kontakt@healthyteeth.pl\">Skontaktuj się z nami</a></strong> &ndash; chętnie pomożemy!</p>', NULL, '2025-05-15 19:30:51'),
(34, 'string', 'design_id', NULL, NULL, NULL, '10', NULL, '2025-05-15 19:30:51'),
(34, 'string', 'searchable', NULL, NULL, NULL, '1', NULL, '2025-05-15 19:30:51'),
(33, 'string', 'design_id', NULL, NULL, NULL, '10', NULL, '2025-05-15 19:15:35'),
(33, 'string', 'searchable', NULL, NULL, NULL, '1', NULL, '2025-05-15 19:15:35'),
(33, 'string', 'content_en', NULL, NULL, NULL, '<div class=\"row aln-center\">\r\n<div class=\"col-4 col-6-medium col-12-small\">\r\n<section class=\"box feature fa-box hygiene\">\r\n<h3>Higiena jamy ustnej</h3>\r\n<p>Profesjonalne czyszczenie zęb&oacute;w, usuwanie kamienia, piaskowanie i fluoryzacja.</p>\r\n</section>\r\n</div>\r\n<div class=\"col-4 col-6-medium col-12-small\">\r\n<section class=\"box feature fa-box treatment\">\r\n<h3>Leczenie pr&oacute;chnicy</h3>\r\n<p>Nowoczesne wypełnienia, bez b&oacute;lu i stresu.</p>\r\n</section>\r\n</div>\r\n<div class=\"col-4 col-6-medium col-12-small\">\r\n<section class=\"box feature fa-box tips\">\r\n<h3>Porady i profilaktyka</h3>\r\n<p>Dbamy o Tw&oacute;j uśmiech na co dzień &ndash; zapytaj naszego specjalisty!</p>\r\n</section>\r\n</div>\r\n</div>\r\n<h1 style=\"text-align: center;\">Nasz zesp&oacute;ł</h1>\r\n<section class=\"image-highlight\"><img style=\"display: block; margin-left: auto; margin-right: auto;\" src=\"uploads/images/dent-bottom.png\" alt=\"Zesp&oacute;ł HealthyTeeth\" /></section>', NULL, '2025-05-15 19:15:35'),
(33, 'string', 'extra1', NULL, NULL, NULL, '', NULL, '2025-05-15 19:15:35'),
(33, 'string', 'extra2', NULL, NULL, NULL, '', NULL, '2025-05-15 19:15:35'),
(33, 'string', 'extra3', NULL, NULL, NULL, '', NULL, '2025-05-15 19:15:35'),
(33, 'string', 'pagedata', NULL, NULL, NULL, '', NULL, '2025-05-15 19:15:35'),
(33, 'string', 'disable_wysiwyg', NULL, NULL, NULL, '0', NULL, '2025-05-15 19:15:35'),
(33, 'string', 'wantschildren', NULL, NULL, NULL, '1', NULL, '2025-05-15 19:15:35'),
(33, 'string', 'image', NULL, NULL, NULL, '', NULL, '2025-05-15 19:15:35'),
(33, 'string', 'thumbnail', NULL, NULL, NULL, '', NULL, '2025-05-15 19:15:35'),
(33, 'string', 'target', NULL, NULL, NULL, '', NULL, '2025-05-15 19:15:35');

-- --------------------------------------------------------

--
-- Struktura tabeli dla tabeli `cms_content_props_seq`
--

CREATE TABLE `cms_content_props_seq` (
  `id` int(11) NOT NULL
) ENGINE=MyISAM DEFAULT CHARSET=utf8mb4 COLLATE=utf8mb4_general_ci;

--
-- Dumping data for table `cms_content_props_seq`
--

INSERT INTO `cms_content_props_seq` (`id`) VALUES
(0);

-- --------------------------------------------------------

--
-- Struktura tabeli dla tabeli `cms_content_seq`
--

CREATE TABLE `cms_content_seq` (
  `id` int(11) NOT NULL
) ENGINE=MyISAM DEFAULT CHARSET=utf8mb4 COLLATE=utf8mb4_general_ci;

--
-- Dumping data for table `cms_content_seq`
--

INSERT INTO `cms_content_seq` (`id`) VALUES
(34);

-- --------------------------------------------------------

--
-- Struktura tabeli dla tabeli `cms_events`
--

CREATE TABLE `cms_events` (
  `originator` varchar(200) NOT NULL,
  `event_name` varchar(200) NOT NULL,
  `event_id` int(11) NOT NULL
) ENGINE=MyISAM DEFAULT CHARSET=utf8 COLLATE=utf8_general_ci;

--
-- Dumping data for table `cms_events`
--

INSERT INTO `cms_events` (`originator`, `event_name`, `event_id`) VALUES
('Core', 'LoginPost', 1),
('Core', 'LogoutPost', 2),
('Core', 'LoginFailed', 3),
('Core', 'LostPassword', 4),
('Core', 'LostPasswordReset', 5),
('Core', 'AddUserPre', 6),
('Core', 'AddUserPost', 7),
('Core', 'EditUserPre', 8),
('Core', 'EditUserPost', 9),
('Core', 'DeleteUserPre', 10),
('Core', 'DeleteUserPost', 11),
('Core', 'AddGroupPre', 12),
('Core', 'AddGroupPost', 13),
('Core', 'EditGroupPre', 14),
('Core', 'EditGroupPost', 15),
('Core', 'DeleteGroupPre', 16),
('Core', 'DeleteGroupPost', 17),
('Core', 'AddStylesheetPre', 18),
('Core', 'AddStylesheetPost', 19),
('Core', 'EditStylesheetPre', 20),
('Core', 'EditStylesheetPost', 21),
('Core', 'DeleteStylesheetPre', 22),
('Core', 'DeleteStylesheetPost', 23),
('Core', 'AddTemplatePre', 24),
('Core', 'AddTemplatePost', 25),
('Core', 'EditTemplatePre', 26),
('Core', 'EditTemplatePost', 27),
('Core', 'DeleteTemplatePre', 28),
('Core', 'DeleteTemplatePost', 29),
('Core', 'AddTemplateTypePre', 30),
('Core', 'AddTemplateTypePost', 31),
('Core', 'EditTemplateTypePre', 32),
('Core', 'EditTemplateTypePost', 33),
('Core', 'DeleteTemplateTypePre', 34),
('Core', 'DeleteTemplateTypePost', 35),
('Core', 'AddDesignPre', 36),
('Core', 'AddDesignPost', 37),
('Core', 'EditDesignPre', 38),
('Core', 'EditDesignPost', 39),
('Core', 'DeleteDesignPre', 40),
('Core', 'DeleteDesignPost', 41),
('Core', 'TemplatePreCompile', 42),
('Core', 'TemplatePreFetch', 43),
('Core', 'TemplatePostCompile', 44),
('Core', 'ContentEditPre', 45),
('Core', 'ContentEditPost', 46),
('Core', 'ContentDeletePre', 47),
('Core', 'ContentDeletePost', 48),
('Core', 'AddUserDefinedTagPre', 49),
('Core', 'AddUserDefinedTagPost', 50),
('Core', 'EditUserDefinedTagPre', 51),
('Core', 'EditUserDefinedTagPost', 52),
('Core', 'DeleteUserDefinedTagPre', 53),
('Core', 'DeleteUserDefinedTagPost', 54),
('Core', 'ModuleInstalled', 55),
('Core', 'ModuleUninstalled', 56),
('Core', 'ModuleUpgraded', 57),
('Core', 'ContentPreCompile', 58),
('Core', 'ContentPostCompile', 59),
('Core', 'ContentPreRender', 60),
('Core', 'ContentPostRender', 61),
('Core', 'SmartyPreCompile', 62),
('Core', 'SmartyPostCompile', 63),
('Core', 'ChangeGroupAssignPre', 64),
('Core', 'ChangeGroupAssignPost', 65),
('Core', 'StylesheetPreCompile', 66),
('Core', 'StylesheetPostCompile', 67),
('Core', 'StylesheetPostRender', 68),
('CmsJobManager', 'CmsJobManager::OnJobFailed', 69),
('FileManager', 'OnFileUploaded', 70),
('FileManager', 'OnFileDeleted', 71),
('News', 'NewsArticleAdded', 72),
('News', 'NewsArticleEdited', 73),
('News', 'NewsArticleDeleted', 74),
('News', 'NewsCategoryAdded', 75),
('News', 'NewsCategoryEdited', 76),
('News', 'NewsCategoryDeleted', 77),
('Search', 'SearchInitiated', 78),
('Search', 'SearchCompleted', 79),
('Search', 'SearchItemAdded', 80),
('Search', 'SearchItemDeleted', 81),
('Search', 'SearchAllItemsDeleted', 82);

-- --------------------------------------------------------

--
-- Struktura tabeli dla tabeli `cms_events_seq`
--

CREATE TABLE `cms_events_seq` (
  `id` int(11) NOT NULL
) ENGINE=MyISAM DEFAULT CHARSET=utf8mb4 COLLATE=utf8mb4_general_ci;

--
-- Dumping data for table `cms_events_seq`
--

INSERT INTO `cms_events_seq` (`id`) VALUES
(82);

-- --------------------------------------------------------

--
-- Struktura tabeli dla tabeli `cms_event_handlers`
--

CREATE TABLE `cms_event_handlers` (
  `event_id` int(11) DEFAULT NULL,
  `tag_name` varchar(255) DEFAULT NULL,
  `module_name` varchar(160) DEFAULT NULL,
  `removable` int(11) DEFAULT NULL,
  `handler_order` int(11) DEFAULT NULL,
  `handler_id` int(11) NOT NULL
) ENGINE=MyISAM DEFAULT CHARSET=utf8 COLLATE=utf8_general_ci;

--
-- Dumping data for table `cms_event_handlers`
--

INSERT INTO `cms_event_handlers` (`event_id`, `tag_name`, `module_name`, `removable`, `handler_order`, `handler_id`) VALUES
(56, NULL, 'CmsJobManager', 0, 1, 1),
(46, NULL, 'Search', 0, 1, 2),
(48, NULL, 'Search', 0, 1, 3),
(25, NULL, 'Search', 0, 1, 4),
(27, NULL, 'Search', 0, 1, 5),
(29, NULL, 'Search', 0, 1, 6),
(56, NULL, 'Search', 0, 2, 7);

-- --------------------------------------------------------

--
-- Struktura tabeli dla tabeli `cms_event_handler_seq`
--

CREATE TABLE `cms_event_handler_seq` (
  `id` int(11) NOT NULL
) ENGINE=MyISAM DEFAULT CHARSET=utf8mb4 COLLATE=utf8mb4_general_ci;

--
-- Dumping data for table `cms_event_handler_seq`
--

INSERT INTO `cms_event_handler_seq` (`id`) VALUES
(7);

-- --------------------------------------------------------

--
-- Struktura tabeli dla tabeli `cms_groups`
--

CREATE TABLE `cms_groups` (
  `group_id` int(11) NOT NULL,
  `group_name` varchar(25) DEFAULT NULL,
  `group_desc` varchar(255) DEFAULT NULL,
  `active` tinyint(4) DEFAULT NULL,
  `create_date` datetime DEFAULT NULL,
  `modified_date` datetime DEFAULT NULL
) ENGINE=MyISAM DEFAULT CHARSET=utf8 COLLATE=utf8_general_ci;

--
-- Dumping data for table `cms_groups`
--

INSERT INTO `cms_groups` (`group_id`, `group_name`, `group_desc`, `active`, `create_date`, `modified_date`) VALUES
(1, 'Admin', 'Members of this group can manage the entire site.', 1, '2025-05-15 17:54:55', '2025-05-15 17:54:55'),
(2, 'Editor', 'Members of this group can manage content', 1, '2025-05-15 17:54:55', '2025-05-15 17:54:55'),
(3, 'Designer', 'Members of this group can manage stylesheets, templates, and content', 1, '2025-05-15 17:54:55', '2025-05-15 17:54:55');

-- --------------------------------------------------------

--
-- Struktura tabeli dla tabeli `cms_groups_seq`
--

CREATE TABLE `cms_groups_seq` (
  `id` int(11) NOT NULL
) ENGINE=MyISAM DEFAULT CHARSET=utf8mb4 COLLATE=utf8mb4_general_ci;

--
-- Dumping data for table `cms_groups_seq`
--

INSERT INTO `cms_groups_seq` (`id`) VALUES
(3);

-- --------------------------------------------------------

--
-- Struktura tabeli dla tabeli `cms_group_perms`
--

CREATE TABLE `cms_group_perms` (
  `group_perm_id` int(11) NOT NULL,
  `group_id` int(11) DEFAULT NULL,
  `permission_id` int(11) DEFAULT NULL,
  `create_date` datetime DEFAULT NULL,
  `modified_date` datetime DEFAULT NULL
) ENGINE=MyISAM DEFAULT CHARSET=utf8 COLLATE=utf8_general_ci;

--
-- Dumping data for table `cms_group_perms`
--

INSERT INTO `cms_group_perms` (`group_perm_id`, `group_id`, `permission_id`, `create_date`, `modified_date`) VALUES
(1, 2, 18, '2025-05-15 17:54:55', '2025-05-15 17:54:55'),
(2, 2, 21, '2025-05-15 17:54:55', '2025-05-15 17:54:55'),
(3, 2, 20, '2025-05-15 17:54:55', '2025-05-15 17:54:55'),
(4, 2, 22, '2025-05-15 17:54:55', '2025-05-15 17:54:55'),
(5, 3, 3, '2025-05-15 17:54:55', '2025-05-15 17:54:55'),
(6, 3, 13, '2025-05-15 17:54:55', '2025-05-15 17:54:55'),
(7, 3, 7, '2025-05-15 17:54:55', '2025-05-15 17:54:55'),
(8, 3, 12, '2025-05-15 17:54:55', '2025-05-15 17:54:55'),
(9, 3, 18, '2025-05-15 17:54:55', '2025-05-15 17:54:55'),
(10, 3, 21, '2025-05-15 17:54:55', '2025-05-15 17:54:55'),
(11, 3, 20, '2025-05-15 17:54:55', '2025-05-15 17:54:55'),
(12, 3, 22, '2025-05-15 17:54:55', '2025-05-15 17:54:55'),
(13, 3, 10, '2025-05-15 17:54:55', '2025-05-15 17:54:55'),
(14, 3, 14, '2025-05-15 17:54:55', '2025-05-15 17:54:55'),
(15, 2, 23, '2025-05-15 17:54:57', '2025-05-15 17:54:57'),
(16, 3, 23, '2025-05-15 17:54:57', '2025-05-15 17:54:57'),
(17, 1, 26, '2025-05-15 17:54:57', '2025-05-15 17:54:57'),
(18, 2, 26, '2025-05-15 17:54:57', '2025-05-15 17:54:57');

-- --------------------------------------------------------

--
-- Struktura tabeli dla tabeli `cms_group_perms_seq`
--

CREATE TABLE `cms_group_perms_seq` (
  `id` int(11) NOT NULL
) ENGINE=MyISAM DEFAULT CHARSET=utf8mb4 COLLATE=utf8mb4_general_ci;

--
-- Dumping data for table `cms_group_perms_seq`
--

INSERT INTO `cms_group_perms_seq` (`id`) VALUES
(18);

-- --------------------------------------------------------

--
-- Struktura tabeli dla tabeli `cms_layout_designs`
--

CREATE TABLE `cms_layout_designs` (
  `id` int(11) NOT NULL,
  `name` varchar(100) NOT NULL,
  `description` text DEFAULT NULL,
  `dflt` tinyint(4) DEFAULT NULL,
  `created` int(11) DEFAULT NULL,
  `modified` int(11) DEFAULT NULL
) ENGINE=MyISAM DEFAULT CHARSET=utf8 COLLATE=utf8_general_ci;

--
-- Dumping data for table `cms_layout_designs`
--

INSERT INTO `cms_layout_designs` (`id`, `name`, `description`, `dflt`, `created`, `modified`) VALUES
(1, 'Minimal', 'Minimal templates and stylesheets', 0, 1747324495, 1747324495),
(2, 'Simplex', 'Simplex Template is a HTML5 based theme, introduced with CMSMS 1.11 release and improved with 2.0 release.\nPurpose of this theme is to demonstrate what and how can be done with CMSMS Templates using HTML5 and responsive CSS for a better mobile experience.\nAll Smarty templates which are used by Simplex Theme are prefix with \"Simplex\", therefore be careful when renaming or deleting these templates.\nTheme itself is using jQuery, which is included with {cms_jquery} tag, the functions JavaScript file is minified, in case you wish to change some JavaScript functions, refer to /uploads/simplex/js/functions.js file and replace functions.min.js file.', 1, 1747324495, 1747324495),
(3, 'CSSMenu left + 1 column', 'This is basically the same as the last one, CSSMenu top + 2 column, with the menu on the left instead of across the top there isn\'t a whole lot to say about it.', 0, 1747324495, 1747324495),
(4, 'CSSMenu top + 2 columns', 'This is a drop-down menu that is using only CSS (although some Javascript is required for Internet Explorer 6, note: IE6 will not let you use 2 of these menu types in a template at the same time as the second one will fail to open). It can be either vertical or horizontal.', 0, 1747324495, 1747324495),
(5, 'Left simple navigation + 1 column', 'This template has the menu in left sidebar. The menu is using the Simple Navigation menu template. It is styled in the stylesheet called Navigation Simple - Vertical.', 0, 1747324495, 1747324495),
(6, 'NCleanBlue', 'This one is using a new menu template so we can style the drop down for the children pages, using an image for the second ul going from the top down, it has an extra li at the bottom of the child pages ul <li class=\"separator once\" style=\"list-style-type: none;\">&nbsp; </li> this is used to hold the bottom image.', 0, 1747324495, 1747324495),
(7, 'ShadowMenu left + 1 column', 'Using the same menu template as the previous theme. We changed the child ul CSS to use a different top image. This involves changing some of the margin and padding as the images are a different shape. Note the difference in the second level and third level ul images, one has an arrow up and the other has an arrow left.', 0, 1747324495, 1747324495),
(8, 'ShadowMenu Tab + 2 columns', 'Using the same menu template as the previous theme. We changed the child ul CSS to use a different top image. This involves changing some of the margin and padding as the images are a different shape. Note the difference in the second level and third level ul images, one has an arrow up and the other has an arrow left.', 0, 1747324495, 1747324495),
(9, 'Top simple navigation + left subnavigation + 1 column', 'With the Menu Manager you can easily split the navigation in two parts. On this page the top level in the page hierarchy is displayed horizontally and depending on what page is displayed a localized sub-menu is displayed vertically to the left.', 0, 1747324495, 1747324495),
(10, 'moj design', '', 0, 1747325199, 1747327477);

-- --------------------------------------------------------

--
-- Struktura tabeli dla tabeli `cms_layout_design_cssassoc`
--

CREATE TABLE `cms_layout_design_cssassoc` (
  `design_id` int(11) NOT NULL,
  `css_id` int(11) NOT NULL,
  `item_order` int(11) NOT NULL
) ENGINE=MyISAM DEFAULT CHARSET=utf8 COLLATE=utf8_general_ci;

--
-- Dumping data for table `cms_layout_design_cssassoc`
--

INSERT INTO `cms_layout_design_cssassoc` (`design_id`, `css_id`, `item_order`) VALUES
(3, 4, 1),
(3, 5, 2),
(3, 3, 3),
(3, 2, 4),
(3, 7, 5),
(3, 13, 6),
(4, 9, 1),
(4, 6, 2),
(4, 7, 3),
(4, 2, 4),
(4, 13, 5),
(4, 3, 6),
(5, 4, 1),
(5, 10, 2),
(5, 7, 3),
(5, 1, 4),
(5, 2, 5),
(5, 3, 6),
(5, 13, 7),
(6, 15, 1),
(6, 14, 2),
(6, 16, 3),
(7, 4, 1),
(7, 12, 2),
(7, 3, 3),
(7, 2, 4),
(7, 7, 5),
(7, 13, 6),
(8, 9, 1),
(8, 11, 2),
(8, 7, 3),
(8, 3, 4),
(8, 2, 5),
(8, 13, 6),
(2, 20, 1),
(2, 17, 2),
(2, 18, 3),
(2, 19, 4),
(9, 9, 1),
(9, 8, 2),
(9, 10, 3),
(9, 3, 4),
(9, 7, 5),
(9, 2, 6),
(9, 13, 7),
(10, 22, 1),
(10, 21, 2),
(10, 23, 1);

-- --------------------------------------------------------

--
-- Struktura tabeli dla tabeli `cms_layout_design_tplassoc`
--

CREATE TABLE `cms_layout_design_tplassoc` (
  `design_id` int(11) NOT NULL,
  `tpl_id` int(11) NOT NULL
) ENGINE=MyISAM DEFAULT CHARSET=utf8 COLLATE=utf8_general_ci;

--
-- Dumping data for table `cms_layout_design_tplassoc`
--

INSERT INTO `cms_layout_design_tplassoc` (`design_id`, `tpl_id`) VALUES
(10, 30),
(10, 31),
(10, 32),
(10, 33),
(10, 34);

-- --------------------------------------------------------

--
-- Struktura tabeli dla tabeli `cms_layout_stylesheets`
--

CREATE TABLE `cms_layout_stylesheets` (
  `id` int(11) NOT NULL,
  `name` varchar(100) NOT NULL,
  `content` longtext DEFAULT NULL,
  `description` text DEFAULT NULL,
  `media_type` varchar(255) DEFAULT NULL,
  `media_query` text DEFAULT NULL,
  `created` int(11) DEFAULT NULL,
  `modified` int(11) DEFAULT NULL
) ENGINE=MyISAM DEFAULT CHARSET=utf8 COLLATE=utf8_general_ci;

--
-- Dumping data for table `cms_layout_stylesheets`
--

INSERT INTO `cms_layout_stylesheets` (`id`, `name`, `content`, `description`, `media_type`, `media_query`, `created`, `modified`) VALUES
(1, 'Handheld', '/*********************************************\nSample stylesheet for mobile and small screen handheld devices\n\nJust a simple layout suitable for smaller screens with less \nstyling cabapilities and minimal css\n\nNote: If you dont want to support mobile devices you can\nsafely remove this stylesheet.\n*********************************************/\n/* remove all padding and margins and set width to 100%. This should be default for handheld devices but its good to set these explicitly */\nbody {\nmargin:0;\npadding:0;\nwidth:100%;\n}\n\n/* hide accessibility noprint and definition */\n.accessibility,\n.noprint,\ndfn {\ndisplay:none;\n}\n\n/* dont want to download image for header so just set bg color */\ndiv#header,\ndiv#footer {\nbackground-color: #385C72;  \ncolor: #fff;\ntext-align:center;\n}\n\n/* text colors for header and footer */\ndiv#header a,\ndiv#footer a {\ncolor: #fff;\n}\n\n/* this doesnt look as nice, but takes less space */\ndiv#menu_vert ul li,\ndiv#menu_horiz ul li {\ndisplay:inline;\n}\n\n/* small border at the bottom to have some indicator */\ndiv#menu_vert ul,\ndiv#menu_horiz ul {\nborder-bottom:1px solid #fff;\n}\n\n/* save some space */\ndiv.breadcrumbs {\ndisplay:none;\n}', 'Stylesheet for older mobile devices', 'handheld', NULL, 1747324495, 1747324495),
(2, 'Print', '/*\nSections that are hidden when printing the page. We only want the content printed.\n*/\n\n\nbody {\ncolor: #000 !important; /* we want everything in black */\nbackground-color:#fff !important; /* on white background */\nfont-family:arial; /* arial is nice to read ;) */\nborder:0 !important; /* no borders thanks */\n}\n\n/* This affects every tag */\n* {\nborder:0 !important; /* again no borders on printouts */\n}\n\n/* \nno need for accessibility on printout. \nMark all your elements in content you \ndont want to get printed with class=\"noprint\"\n*/\n.accessibility,\n.noprint\n {\ndisplay:none !important; \n}\n\n/* \nremove all width constraints from content area\n*/\ndiv#content,\ndiv#main {\ndisplay:block !important;\nwidth:100% !important;\nborder:0 !important;\npadding:1em !important;\n}\n\n/* hide everything else! */\ndiv#header,\ndiv#header h1 a,\ndiv.breadcrumbs,\ndiv#search,\ndiv#footer,\ndiv#menu_vert,\ndiv#news,\ndiv.noprint,\ndiv.right49,\ndiv.left49,\ndiv#sidebar  {\n   display: none !important;\n}\n\nimg {\nfloat:none; /* this makes images cause a pagebreak if it doesnt fit on the page */\n}', 'Default stylesheet for print devices', 'print', NULL, 1747324495, 1747324495),
(3, 'Accessibility and cross-browser tools', '/* accessibility */\n/* menu links accesskeys */\nspan.accesskey {\n	text-decoration: none;\n}\n/* accessibility divs are hidden by default, text, screenreaders and such will show these */\n.accessibility, hr {\n/* position set so the rest can be set out side of visual browser viewport */\n	position: absolute;\n/* takes it out top side */\n	top: -999em;\n/* takes it out left side */\n	left: -999em;\n}\n/* definition tags are also hidden, these are also used for accessibility menu links */\ndfn {\n	position: absolute;\n	left: -1000px;\n	top: -1000px;\n	width: 0;\n	height: 0;\n	overflow: hidden;\n	display: inline;\n}\n/* end accessibility */\n/* wiki style external links */\n/* external links will have \"(external link)\" text added, lets hide it */\na.external span {\n	position: absolute;\n	left: -5000px;\n	width: 4000px;\n}\na.external {\n/* make some room for the image, css shorthand rules, read: first top padding 0 then right padding 12px then bottom then right */\n	padding: 0 12px 0 0;\n}\n/* colors for external links */\na.external:link {\n	color: #18507C;\n/* background image for the link to show wiki style arrow */\n	background: url([[root_url]]/uploads/NCleanBlue/external.gif) no-repeat 100% -100px;\n}\na.external:visited {\n	color: #18507C;\n/* a different color can be used for visited external links */\n/* Set the last 0 to -100px to use that part of the external.gif image for different color for active links external.gif is actually 300px tall, we can use different positions of the image to simulate rollover image changes.*/\n	background: url([[root_url]]/uploads/NCleanBlue/external.gif) no-repeat 100% -100px;\n}\na.external:hover {\n	color: #18507C;\n/* Set the last 0 to -200px to use that part of the external.gif image for different color on hover */\n	background: url([[root_url]]/uploads/NCleanBlue/external.gif) no-repeat 100% 0;\n	background-color: inherit;\n}\n/* end wiki style external links */\n/* clearing */\n/* clearfix is a hack for divs that hold floated elements. it will force the holding div to span all the way down to last floated item. We strongly recommend against using this as it is a hack and might not render correctly but it is included here for convenience. Do not edit if you dont know what you are doing*/\n.clearfix:after {\n	content: \".\";\n	display: block;\n	height: 0;\n	clear: both;\n	visibility: hidden;\n}\n.clear {\n	height: 0;\n	clear: both;\n	width: 90%;\n	visibility: hidden;\n}\n#main .clear {\n	height: 0;\n	clear: right;\n	width: 90%;\n	visibility: hidden;\n}\n* html>body .clearfix {\n	display: inline-block;\n	width: 100%;\n}\n* html .clear {\n/* Hides from IE-mac \\*/\n	height: 1%;\n	clear: right;\n	width: 90%;\n/* End hide from IE-mac */\n}\n/* end clearing */', 'Accessibility and cross-browser CSS rules attached to multiple Themes', 'screen', NULL, 1747324495, 1747324495),
(4, 'Layout Left sidebar + 1 column', '/* browsers interpret margin and padding a little differently, we\'ll remove all default padding and margins and set them later on */\n* {\n	margin: 0;\n	padding: 0;\n}\n/*Set initial font styles*/\nbody {\n	text-align: left;\n	font-family: Verdana, Geneva, Arial, Helvetica, sans-serif;\n	font-size: 75.01%;\n	line-height: 1em;\n}\n/*set font size for all divs, this overrides some body rules*/\ndiv {\n	font-size: 1em;\n}\n/*if img is inside \"a\" it would have borders, we don\'t want that*/\nimg {\n	border: 0;\n}\n/*default link styles*/\na, a:link a:active {\n/* set all links to have underline */\n	text-decoration: underline;\n/* css validation will give a warning if color is set without background color. this will explicitly tell this element to inherit bg colour from parent element */\n	background-color: inherit;\n/* this is a bluish color, you change this for all default link colors */\n	color: #18507C;\n}\na:visited {\n/* keeps the underline */\n	text-decoration: underline;\n	background-color: inherit;\n/* a different color is used for visited links */\n	color: #18507C;\n}\na:hover {\n/* remove underline on hover */\n	text-decoration: none;\n	background-color: inherit;\n/* using a different color makes the hover obvious */\n	color: #385C72;\n}\n/*****************basic layout *****************/\nbody {\n	margin: 0;\n	padding: 0;\n/* default text color for entire site*/\n	color: #333;\n/* you can set your own image and background color here */\n	background: #f4f4f4 url([[root_url]]/uploads/ngrey/body.png) repeat-x left top;\n}\ndiv#pagewrapper {\n/* min max width, IE wont understand these, so we will use java script magic in the <head> */\n	max-width: 99em;\n	min-width: 60em;\n/* now that width is set this centers wrapper */\n	margin: 0 auto;\n	background-color: #fefefe;\n	color: black;\n}\n/* header, we will hide h1 a text and replace it with an image, we assign a height for it so the image wont cut off */\ndiv#header {\n/* adjust according your image size */\n	height: 100px;\n	margin: 0;\n	padding: 0;\n/* you can set your own image here, will go behind h1 a image */\n	background: #f4f4f4 url([[root_url]]/uploads/ngrey/bg_banner.png) repeat-x left top;\n/* border just the bottom */\n	border-bottom: 1px solid #D9E2E6;\n}\ndiv#header h1 a {\n/* you can set your own image here */\n	background: url([[root_url]]/uploads/ngrey/logoCMS.png) no-repeat left top;\n/* this will make the \"a\" link a solid shape */\n	display: block;\n/* adjust according your image size */\n	height: 100px;\n/* this hides the text */\n	text-indent: -999em;\n/* old firefox would have shown underline for the link, this explicitly hides it */\n	text-decoration: none;\n}\ndiv#header h1 {\n	margin: 0;\n	padding: 0;\n/*these keep IE6 from pushing the header to more than the set size*/\n	line-height: 0;\n	font-size: 0;\n/* this will keep IE6 from flickering on hover */\n	background: url([[root_url]]/uploads/ngrey/logoCMS.png) no-repeat left top;\n}\ndiv#header h2 {\n/* this is where the site name is */\n	float: right;\n	line-height: 1.2em;\n/* this keeps IE6 from not showing the whole text */\n	font-size: 1.5em;\n/* keeps the size uniform */\n	margin: 35px 65px 0px 0px;\n/* adjust according your text size */\n	color: #f4f4f4;\n}\ndiv.crbk {\n/* sets all to 0 */\n	margin: 0;\n	padding: 0;\n/* you can set your own image here */\n	background: url([[root_url]]/uploads/ngrey/mainrtup.gif) no-repeat right bottom;\n}\ndiv.breadcrumbs {\n/* CSS short hand rule first value is top then right, bottom and left */\n	padding: 1em 0em 1em 1em;\n/* its good to set font sizes to be relative, this way viewer can change his/her font size */\n	font-size: 90%;\n/* css shorthand rule will be opened to be \"0px 0px 0px 0px\" */\n	margin: 0px;\n/* you can set your own image here */\n	background: url([[root_url]]/uploads/ngrey/mainleftup.gif) no-repeat left bottom;\n}\ndiv.breadcrumbs span.lastitem {\n	font-weight: bold;\n}\ndiv#search {\n/* position for the search box */\n	float: right;\n/* enough width for the search input box */\n	width: 27em;\n	text-align: right;\n	padding: 0.5em 0 0.2em 0;\n	margin: 0 1em;\n}\n/* a class for Submit button for the search input box */\ninput.search-button {\n	border: none;\n	height: 22px;\n	width: 53px;\n	margin-left: 5px;\n	padding: 0px 2px 2px 0px;\n/* makes the hover cursor show, you can set your own cursor here */\n	cursor: pointer;\n/* you can set your own image here */\n	background: url([[root_url]]/uploads/ngrey/search.gif) no-repeat center center;\n}\ndiv#content {\n/* some air above and under menu and content */\n	margin: 1.5em auto 2em 0;\n	padding: 0px;\n}\n/* this gets all the outside calls that were used on the div#main before  */\ndiv.back1 {\n/* this will give room for sidebar to be on the left side, make sure this number is bigger than sidebar width */\n	margin-left: 29%;\n/* and some air on the right */\n	margin-right: 2%;\n/* you can set your own image here */\n	background: url([[root_url]]/uploads/ngrey/mainrt1.gif) no-repeat right top;\n}\n/* this is an IE6 hack, you may see these through out the CSS */\n* html div.back1 {\n/* unlike other browser IE6 needs float:right and a width */\n	float: right;\n	width: 69%;\n/* and we take this out or it will stop at the bottom  */\n	margin-left: 0%;\n/* and some air on the right */\n	margin-right: 10px;\n/* you can set your own image here */\n	background: url([[root_url]]/uploads/ngrey/mainrt1.gif) no-repeat right top;\n}\ndiv.back2 {\n/* you can set your own image here */\n	background: url([[root_url]]/uploads/ngrey/mainleft1.gif) no-repeat left top;\n}\ndiv.back3 {\n/* you can set your own image here */\n	background: url([[root_url]]/uploads/ngrey/wbtmleft.gif) no-repeat left bottom;\n}\ndiv#main {\n/* this is the last inside div so we set the space inside it to keep all content away from the edges of images/box */\n	padding: 10px 15px;\n/* you can set your own image here */\n	background: url([[root_url]]/uploads/ngrey/rtup.gif) no-repeat right bottom;\n}\ndiv.back #main {\n/* this is the last inside div so we set the space inside it to keep all content away from the edges of images/box */\n	padding: 10px 30px 1px 15px;\n/* you can set your own image here */\n	background: url([[root_url]]/uploads/ngrey/wbtmleft.gif) no-repeat left bottom;\n}\ndiv.back {\n/* this will give room for sidebar to be on the left side, make sure this space is bigger than sidebar width */\n	margin-left: 29%;\n/* you can set your own image here */\n	background: url([[root_url]]/uploads/ngrey/wtopleft.gif) no-repeat left top;\n}\ndiv#sidebar {\n/* set sidebar left. Change to right, float: right; instead, but you will need to change the margins. */\n	float: left;\n/* sidebar width, if you change this change div.back and/or div.back1 margins */\n	width: 26%;\n/* FIX IE double margin bug */\n	display: inline;\n/* the 20px is on the bottom, insures space above footer if longer than content */\n	margin: 0px 0px 20px;\n	padding: 0px;\n/* you can set your own image here */\n	background: url([[root_url]]/uploads/ngrey/mainrt1.gif) no-repeat right top;\n}\ndiv#sidebara {\n	padding: 13px 15px 3px 0px;\n/* you can set your own image here */\n	background: url([[root_url]]/uploads/ngrey/mainrtup.gif) no-repeat right bottom;\n}\ndiv#sidebarb {\n	padding: 10px 10px 1px 0px;\n/* you can set your own image here */\n	background: url([[root_url]]/uploads/ngrey/mainrtup.gif) no-repeat right bottom;\n}\ndiv.footback {\n/* keep footer below content and menu */\n	clear: both;\n/* this sets 10px on right to let the right image show, the balance 10px left on next div */\n	padding: 0px 10px 0px 0px;\n/* you can set your own image here */\n	background: url([[root_url]]/uploads/ngrey/wfootrt.gif) no-repeat right top;\n}\ndiv#footer {\n/* this sets 10px on left to balance 10px right on last div */\n	padding: 0px 0px 0px 10px;\n/* color of text, the link color is set below */\n	color: #595959;\n/* you can set your own image here */\n	background: url([[root_url]]/uploads/ngrey/wtopleft.gif) no-repeat left top;\n}\ndiv.leftfoot {\n	float: left;\n	width: 30%;\n	margin-left: 20px\n}\ndiv#footer p {\n/* sets different font size from default */\n	font-size: 0.8em;\n/* some air for footer */\n	padding: 1.5em;\n/* centered text */\n	text-align: center;\n	margin: 0;\n}\ndiv#footer p a {\n/* footer link would be same color as default we want it same as footer text */\n	color: #595959;\n}\n/* as we hid all hr for accessibility we create new hr with div class=\"hr\" element */\ndiv.hr {\n	height: 1px;\n	padding: 1em;\n	border-bottom: 1px dotted black;\n	margin: 1em;\n}\n/* relational links under content */\ndiv.left49 {\n/* combined percentages of left+right equaling 100%  might lead to rounding error on some browser */\n	width: 70%;\n}\ndiv.right49 {\n	float: right;\n	width: 29%;\n/* set right to keep text on right */\n	text-align: right;\n}\n/********************CONTENT STYLING*********************/\n/* HEADINGS */\ndiv#content h1 {\n/* font size for h1 */\n	font-size: 2em;\n	line-height: 1em;\n	margin: 0;\n}\ndiv#content h2 {\n	color: #294B5F;\n/* font size for h2 the higher the h number the smaller the font size, most times */\n	font-size: 1.5em;\n	text-align: left;\n/* some air around the text */\n	padding-left: 0.5em;\n	padding-bottom: 1px;\n/* set borders around header */\n	border-bottom: 1px solid #899092;\n	border-left: 1.1em solid #899092;\n/* a larder than h1 line height */\n	line-height: 1.5em;\n/* and some air under the border */\n	margin: 0 0 0.5em 0;\n}\ndiv#content h3 {\n	color: #294B5F;\n	font-size: 1.3em;\n	line-height: 1.3em;\n	margin: 0 0 0.5em 0;\n}\ndiv#content h4 {\n	color: #294B5F;\n	font-size: 1.2em;\n	line-height: 1.3em;\n	margin: 0 0 0.25em 0;\n}\ndiv#content h5 {\n	color: #294B5F;\n	font-size: 1.1em;\n	line-height: 1.3em;\n	margin: 0 0 0.25em 0;\n}\nh6 {\n	color: #294B5F;\n	font-size: 1em;\n	line-height: 1.3em;\n	margin: 0 0 0.25em 0;\n}\n/* END HEADINGS */\n/* TEXT */\np {\n/* default p font size, this is set different in some other divs */\n	font-size: 1em;\n/* some air around p elements */\n	margin: 0 0 1.5em 0;\n	line-height: 1.4em;\n	padding: 0;\n}\nblockquote {\n	border-left: 10px solid #ddd;\n	margin-left: 10px;\n}\nstrong, b {\n/* explicit setting for these */\n	font-weight: bold;\n}\nem, i {\n/* explicit setting for these */\n	font-style: italic;\n}\n/* Wrapping text in <code> tags. Makes CSS not validate */\ncode, pre {\n/* css-3 */\n	white-space: pre-wrap;\n/* Mozilla, since 1999 */\n	white-space: -moz-pre-wrap;\n/* Opera 4-6 */\n	white-space: -pre-wrap;\n/* Opera 7 */\n	white-space: -o-pre-wrap;\n/* Internet Explorer 5.5+ */\n	word-wrap: break-word;\n	font-family: \"Courier New\", Courier, monospace;\n	font-size: 1em;\n}\npre {\n/* black border for pre blocks */\n	border: 1px solid #000;\n/* set different from surroundings to stand out */\n	background-color: #ddd;\n	margin: 0 1em 1em 1em;\n	padding: 0.5em;\n	line-height: 1.5em;\n	font-size: 90%;\n}\n/* Separating the divs on the template explanation page */\ndiv.templatecode {\n	margin: 0 0 2.5em;\n}\n/* END TEXT */\n/* LISTS */\n/* lists in content need some margins to look nice */\ndiv#main ul,\ndiv#main ol,\ndiv#main dl {\n	font-size: 1.0em;\n	line-height: 1.4em;\n	margin: 0 0 1.5em 0;\n}\ndiv#main ul li,\ndiv#main ol li {\n	margin: 0 0 0.25em 3em;\n}\n/* definition lists topics on bold */\ndiv#main dl {\n	margin-bottom: 2em;\n	padding-bottom: 1em;\n	border-bottom: 1px solid #c0c0c0;\n}\ndiv#main dl dt {\n	font-weight: bold;\n	margin: 0 0 0 1em;\n}\ndiv#main dl dd {\n	margin: 0 0 1em 1em;\n}\n/* END LISTS */', 'CSS rules used for Layout Left sidebar + 1 column Design', 'screen', NULL, 1747324495, 1747324495),
(5, 'Navigation CSSMenu - Vertical', '/* Vertical menu for the CMS CSS Menu Module */\r\n/* by Alexander Endresen and mark and Nuno */\r\n/* The wrapper determines the width of the menu elements */\r\n#menuwrapper {\r\n/* just smaller than it\\\'s containing div */\r\n	width: 95%;\r\n	margin-left: 0px;\r\n/* room at bottom */\r\n	margin-bottom: 10px;\r\n}\r\n/* Unless you know what you do, do not touch this */\r\n#primary-nav, #primary-nav ul {\r\n/* remove any default bullets */\r\n	list-style: none;\r\n	margin: 0px;\r\n	padding: 0px;\r\n/* make sure it fills out */\r\n	width: 100%;\r\n/* just a little bump */\r\n	margin-left: 1px;\r\n}\r\n#primary-nav ul {\r\n/* make the ul stay in place so when we hover it lets the drops go over the content below else it will push everything below out of the way */\r\n	position: absolute;\r\n/* just a little bump down for second level ul */\r\n	top: 5px;\r\n/* keeps the left side of this ul on the right side of the one it came out of */\r\n	left: 100%;\r\n/* keeps it hidden till hover event */\r\n	display: none;\r\n}\r\n#primary-nav ul ul {\r\n/* no bump down for third level ul */\r\n	top: 0px;\r\n}\r\n#primary-nav li {\r\n/* negative bottom margin pulls them together, images look like one border between */\r\n	margin-bottom: -1px;\r\n/* keeps within it\\\'s container */\r\n	position: relative;\r\n/* bottom padding pushes \\\"a\\\" up enough to show our image */\r\n	padding: 0px 0px 4px 0px;\r\n/* you can set your own image here */\r\n	background: url([[root_url]]/uploads/ngrey/liup.gif) no-repeat right bottom;\r\n}\r\n#primary-nav li li {\r\n/* you can set your width here, if no width or set auto it will only be as wide as the text in it  */\r\n	width: 220px;\r\n	padding: 0px;\r\n/* removes first level li image */\r\n	background-image: none;\r\n}\r\n/* Styling the basic apperance of the menu \\\"a\\\" elements */\r\nul#primary-nav li a {\r\n/* specific font size, this could be larger or smaller than default font size */\r\n	font-size: 1em;\r\n/* make sure we keep the font normal */\r\n	font-weight: normal;\r\n/* set default link colors */\r\n	color: #595959;\r\n/* pushes li out from the text, sort of like making links a certain size, if you give them a set width and/or height you may limit you ability to have as much text as you need */\r\n	padding: 0.8em 0.5em 0.5em 0.5em;\r\n/* makes it hold a shape */\r\n	display: block;\r\n/* removes underline from default link setting */\r\n	text-decoration: none;\r\n/* you can set your own image here this is tall enough to cover text heavy links */\r\n	background: url([[root_url]]/uploads/ngrey/libk.gif) no-repeat right top;\r\n}\r\nul#primary-nav a span {\r\n/* makes it hold a shape */\r\n	display: block;\r\n/* pushes text to right */\r\n	padding-left: 1.5em;\r\n}\r\nul#primary-nav li a:hover {\r\n/* stops image flicker in some browsers */\r\n	background: url([[root_url]]/uploads/ngrey/libk.gif) no-repeat right top;\r\n/* changes text color on hover */\r\n	color: #899092;\r\n}\r\nul#primary-nav li li a:hover {\r\n/* you can set your own image here, second level \\\"a\\\" */\r\n	background:  url([[root_url]]/uploads/ngrey/darknav.png) repeat-x left center;\r\n/* contrast color to image behind it */\r\n	color: #FFF;\r\n}\r\nul#primary-nav li a.menuactive {\r\n/* black and bold to set it off from non active */\r\n	color: #000;\r\n	font-weight: bold;\r\n}\r\nul#primary-nav li li a.menuactive {\r\n/* contrast color to image behind it, set below */\r\n	color: #FFF;\r\n/* not bold as text color and image behind it set it off from non active */\r\n	font-weight: normal;\r\n}\r\nul#primary-nav li ul a {\r\n/* insures alignment */\r\n	text-align: left;\r\n	margin: 0px;\r\n/* relative to it\\\'s container */\r\n	position: relative;\r\n/* more padding to left than default */\r\n	padding: 6px 3px 6px 15px;\r\n	font-weight: normal;\r\n/* darker than first level \\\"a\\\" */\r\n	color: #000;\r\n/* removes any borders that may have been set in first level */\r\n	border-top: 0 none;\r\n	border-right: 0 none;\r\n	border-left: 0 none;\r\n/* removes image set in first level \\\"a\\\" */\r\n	background: none;\r\n}\r\nul#primary-nav li ul {\r\n/* very lite grey color, by now you should know what the rest mean */\r\n	background: #F3F5F5;\r\n	margin: 0px;\r\n	padding: 0px;\r\n	position: absolute;\r\n	width: auto;\r\n	height: auto;\r\n	display: none;\r\n	position: absolute;\r\n	z-index: 999;\r\n	border-top: 1px solid #FFFFFF;\r\n	border-bottom: 1px solid #374B51;\r\n	/*Info: The opacity property is  CSS3, however, will be valid just in CSS 3.1) http://jigsaw.w3.org/css-validator2) More Options chose CSS3 3) is full validate;)*/\r\n	opacity: 0.95;\r\n/* CSS 3 */\r\n}\r\n/* Fixes IE7 bug */\r\n#primary-nav li, #primary-nav li.menuparent {\r\n	min-height: 1em;\r\n}\r\n/* Styling the basic apperance of the second level active page elements (shows what page in the menu is being displayed) */\r\n#primary-nav li li.menuactive, #primary-nav li.menuactive.menuparenth li.menuactive {\r\n/* set your image here, dark grey image with white text set above*/\r\n	background:  url([[root_url]]/uploads/ngrey/darknav.png) repeat-x left center;\r\n}\r\n#primary-nav li.menuparent span {\r\n/* padding on left for image */\r\n	padding-left: 1.5em;\r\n/* down arrow to note it has children, left side of text */\r\n	background: url([[root_url]]/uploads/ngrey/active.png) no-repeat left center;\r\n}\r\n#primary-nav li.menuparent:hover li.menuparent span {\r\n/* remove left padding as image is on right side of text */\r\n	padding-left: 0;\r\n/* right arrow to note it has children, right side of text */\r\n	background: url([[root_url]]/uploads/ngrey/parent.png) no-repeat right center;\r\n}\r\n#primary-nav li.menuparenth li.menuparent span,\r\n#primary-nav li.menuparenth li.menuparenth span {\r\n/* same as above but this is for IE6, gif image as it can\\\'t handle transparent png */\r\n	padding-left: 0;\r\n	background: url([[root_url]]/uploads/ngrey/parent.gif) no-repeat right center;\r\n}\r\n#primary-nav li.menuparenth span,\r\n#primary-nav li.menuparent:hover span,\r\n#primary-nav li.menuparent.menuactive span,\r\n#primary-nav li.menuparent.menuactiveh span, {\r\n/* right arrow to note hover */\r\n	background: url([[root_url]]/uploads/ngrey/parent.png) no-repeat left center;\r\n}\r\n#primary-nav li li span,\r\n#primary-nav li.menuparent li span,\r\n#primary-nav li.menuparent:hover li span,\r\n#primary-nav li.menuparenth li span,\r\n#primary-nav li.menuparenth li.menuparenth li span,\r\n#primary-nav li.menuparent li.menuparent li span,\r\n#primary-nav li.menuparent li.menuparent:hover li span  {\r\n/* removes any images set above unless it\\\'s a parent or active parent */\r\n	background:  none;\r\n/* removes padding that is used for arrows */\r\n	padding-left: 0px;\r\n}\r\n/* IE6 flicker fix */\r\n#primary-nav li.menuh,\r\n#primary-nav li.mnuparenth,\r\n#primary-nav li.mnuactiveh {\r\n	background: url([[root_url]]/uploads/ngrey/libk.gif) no-repeat right top;\r\n	color: #899092;\r\n}\r\n#primary-nav li:hover li a {\r\n/* removes any images set above unless it\\\'s a parent or active parent */\r\n	background:  none;\r\n	color: #000;\r\n}\r\n/* The magic - set to work for up to a 3 level menu, but can be increased unlimited, for fourth level add\r\n#primary-nav li:hover ul ul ul,\r\n#primary-nav li.menuparenth ul ul ul,\r\n*/\r\n#primary-nav ul,\r\n#primary-nav li:hover ul,\r\n#primary-nav li:hover ul ul,\r\n#primary-nav li.menuparenth ul,\r\n#primary-nav li.menuparenth ul ul {\r\n	display: none;\r\n}\r\n/* for fourth level add\r\n#primary-nav ul ul ul li:hover ul,\r\n#primary-nav ul ul ul li.menuparenth ul,\r\n*/\r\n#primary-nav li:hover ul,\r\n#primary-nav ul li:hover ul,\r\n#primary-nav ul ul li:hover ul,\r\n#primary-nav li.menuparenth ul,\r\n#primary-nav ul li.menuparenth ul,\r\n#primary-nav ul ul li.menuparenth ul {\r\n	display: block;\r\n}\r\n/* IE Hack, will cause the css to not validate */\r\n#primary-nav li,\r\n#primary-nav li.menuparenth {\r\n	_float: left;\r\n	_height: 1%;\r\n}\r\n#primary-nav li a {\r\n	_height: 1%;\r\n}\r\n/* BIG NOTE: I didn\\\'t do anything to these 2, never tested */\r\n#primary-nav li.sectionheader {\r\n	border-left: 1px solid #006699;\r\n	border-top: 1px solid #006699;\r\n	font-size: 130%;\r\n	font-weight: bold;\r\n	padding: 1.5em 0 0.8em 0.5em;\r\n	background-color: #fff;\r\n	margin: 0;\r\n	width: 100%;\r\n}\r\n/* separator */\r\n#primary-nav li hr.separator {\r\n	display: block;\r\n	height: 0.5em;\r\n	color: #abb0b6;\r\n	background-color: #abb0b6;\r\n	width: 100%;\r\n	border: 0;\r\n	margin: 0;\r\n	padding: 0;\r\n	border-top: 1px solid #006699;\r\n	border-right: 1px solid #006699;\r\n}', 'Navigation CSS rules used in CSSMenu left + 1 column Design', 'screen', NULL, 1747324495, 1747324495),
(6, 'Navigation CSSMenu - Horizontal', '/* by Alexander Endresen and mark and Nuno */\r\n#menu_vert {\r\n/* no margin/padding so it fills the whole div */\r\n	margin: 0;\r\n	padding: 0;\r\n}\r\n.clearb {\r\n/* needed for some browsers */\r\n	clear: both;\r\n}\r\n#menuwrapper {\r\n/* set the background color for the menu here */\r\n	background-color: #243135;\r\n/* IE6 Hack */\r\n	height: 1%;\r\n	width: auto;\r\n/* one border at the top */\r\n	border-top: 1px solid #3F565C;\r\n	margin: 0;\r\n	padding: 0;\r\n}\r\nul#primary-nav, ul#primary-nav ul {\r\n/* remove any default bullets */\r\n	list-style-type: none;\r\n	margin: 0;\r\n	padding: 0;\r\n}\r\nul#primary-nav {\r\n/* pushes the menu div up to give room above for background color to show */\r\n	padding-top: 10px;\r\n/* keeps the first menu item off the left side */\r\n	padding-left: 10px;\r\n}\r\nul#primary-nav ul {\r\n/* make the ul stay in place so when we hover it lets the drops go over the content below else it will push everything below out of the way */\r\n	position: absolute;\r\n/* top being the bottom of the li it comes out of */\r\n	top: auto;\r\n/* keeps it hidden till hover event */\r\n	display: none;\r\n/* same size but different color for each border */\r\n	border-top: 1px solid #C8D3D7;\r\n	border-right: 1px solid #C8D3D7;\r\n	border-bottom: 1px solid #ADC0C7;\r\n	border-left: 1px solid #A5B9C0;\r\n}\r\nul#primary-nav ul ul {\r\n/* now we move the next level ul down from the top a little for distinction */\r\n	margin-top: 1px;\r\n/* pull it in on the left, helps us not lose the hover effect when going to next level */\r\n	margin-left: -1px;\r\n/* keeps the left side of this ul on the right side of the one it came out of */\r\n	left: 100%;\r\n/* sets the top of it inline with the li it came out of */\r\n	top: 0px;\r\n}\r\nul#primary-nav li {\r\n/* floating left will set menu items to line up left to right else they will stack top to bottom */\r\n	float: left;\r\n/* no margin/padding keeps them next to each other, the padding will be in the \\\"a\\\" */\r\n	margin: 0px;\r\n	padding: 0px;\r\n}\r\n#primary-nav li li {\r\n/* Set the width of the menu elements at second level. Leaving first level flexible. */\r\n	width: 220px;\r\n/* removes any left margin it may have picked up from the first li */\r\n	margin-left: 0px;\r\n/* keeps them tight to the one above, no missed hovers */\r\n	margin-top: -1px;\r\n/* removes the left float set in first li so these will stack from top down */\r\n	float: none;\r\n/* relative to the ul they are in */\r\n	position: relative;\r\n}\r\n/* set the \\\"a\\\" link look here */\r\nul#primary-nav li a {\r\n/* specific font size, this could be larger or smaller than default font size */\r\n	font-size: 1em;\r\n/* make sure we keep the font normal */\r\n	font-weight: normal;\r\n/* set default link colors */\r\n	color: #fff;\r\n/* pushes out from the text, sort of like making links a certain size, if you give them a set width and/or height you may limit you ability to have as much text as you need */\r\n	padding: 12px 15px 15px;\r\n	display: block;\r\n/* sets no underline on links */\r\n	text-decoration: none;\r\n}\r\nul#primary-nav li a:hover {\r\n/* kind of obvious */\r\n	background-color: transparent;\r\n}\r\nul#primary-nav li li a:hover {\r\n/* this is set to #000, black, below so hover will be white text */\r\n	color: #FFF;\r\n}\r\nul#primary-nav li a.menuactive {\r\n	color: #000;\r\n/* bold to set it off from non active */\r\n	font-weight: bold;\r\n/* set your image here */\r\n	background:  url([[root_url]]/uploads/ngrey/nav.png) repeat-x left 0px;\r\n}\r\nul#primary-nav li a.menuactive:hover {\r\n	color: #000;\r\n/* keep it the same */\r\n	font-weight: bold;\r\n}\r\n#primary-nav li li a.menuparent span {\r\n/* makes it hold a shape */\r\n	display: block;\r\n/* set your image here, right arrow, 98% over from the left, 100% or \\\'right\\\' puts it to far */\r\n	background:  url([[root_url]]/uploads/ngrey/parent.png) no-repeat 98% center;\r\n}\r\n/* gif for IE6, as it can\\\'t handle transparent png */\r\n* html #primary-nav li li a.menuparent span {\r\n/* set your image here, right arrow, 98% over from the left, 100% or \\\'right\\\' puts it to far */\r\n	background:  url([[root_url]]/uploads/ngrey/parent.gif) no-repeat 98% center;\r\n}\r\nul#primary-nav li ul a {\r\n/* insures alignment */\r\n	text-align: left;\r\n	margin: 0px;\r\n/* keeps it relative to it\\\'s container */\r\n	position: relative;\r\n/* less padding than first level no need for large links here */\r\n	padding: 6px 3px 6px 15px;\r\n/* if first level is set to bold this will reset this level */\r\n	font-weight: normal;\r\n/* first level is #FFF/white, we need black to contrast with light background */\r\n	color: #000;\r\n	border-top: 0 none;\r\n	border-right: 0 none;\r\n	border-left: 0 none;\r\n}\r\nul#primary-nav li ul {\r\n/* very lite grey color, by now you should know what the rest mean */\r\n	background: #F3F5F5;\r\n	margin: 0px;\r\n	padding: 0px;\r\n	position: absolute;\r\n	width: auto;\r\n	height: auto;\r\n	display: none;\r\n	position: absolute;\r\n	z-index: 999;\r\n	border-top: 1px solid #FFFFFF;\r\n	border-bottom: 1px solid #374B51;\r\n/*Info: The opacity property is  CSS3, however, will be valid just in CSS 3.1) http://jigsaw.w3.org/css-validator2) More Options chose CSS3 3) is full validate;)*/\r\n	opacity: 0.95;\r\n/* CSS 3 */\r\n}\r\nul#primary-nav li ul ul {\r\n/*Info: The opacity property is  CSS3, however, will be valid just in CSS 3.1) http://jigsaw.w3.org/css-validator2) More Options chose CSS3 3) is full validate;)*/\r\n	opacity: 95;\r\n/* CSS 3 */\r\n}\r\n/* Styling the appearance of menu items on hover */\r\n#primary-nav li:hover,\r\n#primary-nav li.menuh,\r\n#primary-nav li.menuparenth,\r\n#primary-nav li.menuactiveh {\r\n/* set your image here, dark grey image */\r\n	background:  url([[root_url]]/uploads/ngrey/darknav.png) repeat-x left center;\r\n	color: #000\r\n}\r\n/* The magic - set to work for up to a 3 level menu, but can be increased unlimited, for fourth level add\r\n#primary-nav li:hover ul ul ul,\r\n#primary-nav li.menuparenth ul ul ul,\r\n*/\r\n#primary-nav ul,\r\n#primary-nav li:hover ul,\r\n#primary-nav li:hover ul ul,\r\n#primary-nav li.menuparenth ul,\r\n#primary-nav li.menuparenth ul ul {\r\n	display: none;\r\n}\r\n/* for fourth level add\r\n#primary-nav ul ul ul li:hover ul,\r\n#primary-nav ul ul ul li.menuparenth ul,\r\n*/\r\n#primary-nav li:hover ul,\r\n#primary-nav ul li:hover ul,\r\n#primary-nav ul ul li:hover ul,\r\n#primary-nav li.menuparenth ul,\r\n#primary-nav ul li.menuparenth ul,\r\n#primary-nav ul ul li.menuparenth ul {\r\n	display: block;\r\n}\r\n/* IE6 Hacks */\r\n#primary-nav li li {\r\n	float: left;\r\n	clear: both;\r\n}\r\n#primary-nav li li a {\r\n	height: 1%;\r\n}', 'Navigation CSS rules used in CSSMenu top + 2 columns Design', 'screen', NULL, 1747324495, 1747324495),
(7, 'Module News', 'div#news {\n/* margin for the entire div surrounding the news items */\n	margin: 2em 0 1em 1em;\n/* border set here */\n	border: 1px solid #909799;\n/* sets it off from surroundings */\n	background: #f5f5f5;\n}\ndiv#news h2 {\n	line-height: 2em;\n/* you can set your own image here */\n	background: url([[root_url]]/uploads/ngrey/darknav.png) repeat-x left center;\n	color: #f5f5f5;\n	border: none\n}\n.NewsSummary {\n/* padding for the news article summary */\n	padding: 0.5em 0.5em 1em;\n/* margin to the bottom of the news article summary */\n	margin: 0 0.5em 1em 0.5em;\n	border-bottom: 1px solid #ccc;\n}\n.NewsSummaryPostdate {\n/* smaller than default text size */\n	font-size: 90%;\n/* bold to set it off from text */\n	font-weight: bold;\n}\n.NewsSummaryLink {\n/* bold to set it off from text */\n	font-weight: bold;\n/* little more room at top */\n	padding-top: 0.2em;\n}\n.NewsSummaryCategory {\n/* italic to set it off from text */\n	font-style: italic;\n	margin: 5px 0;\n}\n.NewsSummaryAuthor {\n/* italic to set it off from text */\n	font-style: italic;\n	padding-bottom: 0.5em;\n}\n.NewsSummarySummary, .NewsSummaryContent {\n/* larger than default text */\n	line-height: 140%;\n}\n.NewsSummaryMorelink {\n	padding-top: 0.5em;\n}\n#NewsPostDetailDate {\n/* smaller text */\n	font-size: 90%;\n	margin-bottom: 5px;\n/* bold to set it off from text */\n	font-weight: bold;\n}\n#NewsPostDetailSummary {\n/* larger than default text */\n	line-height: 150%;\n}\n#NewsPostDetailCategory {\n/* italic to set it off from text */\n	font-style: italic;\n	border-top: 1px solid #ccc;\n	margin-top: 0.5em;\n	padding: 0.2em 0;\n}\n#NewsPostDetailContent {\n	margin-bottom: 15px;\n/* larger than default text */\n	line-height: 150%;\n}\n#NewsPostDetailAuthor {\n	padding-bottom: 1.5em;\n/* italic to set it off from text */\n	font-style: italic;\n}\n/* more divs, left unstyled, just so you know the IDs of them */ \n#NewsPostDetailTitle {\n}\n#NewsPostDetailHorizRule {\n}\n#NewsPostDetailPrintLink {\n}\n#NewsPostDetailReturnLink {\n}\ndiv#news ul li {\n	padding: 2px 2px 2px 5px;\n	margin-left: 20px;\n}', 'Default News module CSS rules used in multiple Designs', 'screen', NULL, 1747324495, 1747324495),
(8, 'Navigation Simple - Horizontal', '/********************MENU*********************/\n/* hack for IE6 */\n* html div#menu_horiz {\n/* hide ie/mac \\*/\n	height: 1%;\n/* end hide */\n}\ndiv#menu_horiz {\n/* background color for the entire menu row */\n	background-color: #243135;\n/* insure full width */\n	width: 100%;\n/* set height */\n	height: 49px;\n	margin: 0;\n}\ndiv#menu_horiz ul {\n/* remove any default bullets */\n	list-style-type: none;\n	margin: 0;\n/* pushes the menu div up to give room above for background color to show */\n	padding-top: 10px;\n/* keeps the first menu item off the left side */\n	padding-left: 10px;\n}\n/* menu list items */\ndiv#menu_horiz li {\n/* makes the list horizontal */\n	float: left;\n/* remove any default bullets */\n	list-style: none;\n/* still no margin */\n	margin: 0;\n}\n/* the links, that is each list item */\ndiv#menu_horiz a, div#menu_horiz h3 span, div#menu_horiz .sectionheader span {\n/* pushes li out from the text, sort of like making links a certain size, if you give them a set width and/or height you may limit you ability to have as much text as you need */\n	padding: 12px 15px 15px 0px;\n/* still no margin */\n	margin: 0;\n/* removes default underline */\n	text-decoration: none;\n/* default link color */\n	color: #FFF;\n/* makes it hold a shape, IE has problems with this, fixed above */\n	display: block;\n}\n/* hover state for links */\ndiv#menu_horiz li a:hover {;\n/* set your image here, dark grey image with white text set above*/\n	background:  url([[root_url]]/uploads/ngrey/nav.png) repeat-x left -50px;\n}\ndiv#menu_horiz a span {\n/* compensates for no left padding on the \"a\" */\n	padding-left: 15px;\n}\ndiv#menu_horiz li.parent a span {\n/* no left padding on the \"a\" we can set it here, it lets us use the span for an image */\n	padding-left: 20px;\n/* set your image here, down arrow to note it has children, left side of text */\n	background: url([[root_url]]/uploads/ngrey/active.gif) no-repeat 0.3em center;\n}\ndiv#menu_horiz li.parent a:hover span {\n	padding-left: 20px;\n/* hover replaces default with right arrow image */\n	background: url([[root_url]]/uploads/ngrey/parent.gif) no-repeat 0.3em center;\n}\ndiv#menu_horiz li.menuactive a span {\n	padding-left: 20px;\n/* menuactive replaces default with right arrow image */\n	background: url([[root_url]]/uploads/ngrey/parent.gif) no-repeat 0.5em center;\n	color: #000;\n}\ndiv#menu_horiz li.currentpage h3 span {\n	padding-left: 12px;\n/* menuactive replaces default with right arrow image */\n	background: url([[root_url]]/uploads/ngrey/nav.png) repeat-x left 0px;\n	color: #000;\n}\ndiv#menu_horiz .sectionheader span {\n/* compensates for no left padding on the \"sectionheader\" */\n	padding-left: 15px;\n}\n/* active parent, that is the first level parent of a child page that is the current page */\ndiv#menu_horiz li.menuactive, div#menu_horiz li.menuactive a:hover {\n/* set your image here, light image with #000/black text set below*/\n	background:  url([[root_url]]/uploads/ngrey/nav.png) repeat-x left 0px;\n	color: #000;\n}', 'Navigation CSS rules used in Top simple navigation + left subnavigation + 1 column and Left simple navigation + 1 column Designs', 'screen', NULL, 1747324495, 1747324495),
(9, 'Layout Top menu + 2 columns', '/* browsers interpret margin and padding a little differently, we\'ll remove all default padding and margins and set them later on */\n* {\n	margin: 0;\n	padding: 0;\n}\n/*Set initial font styles*/\nbody {\n	text-align: left;\n	font-family: Verdana, Geneva, Arial, Helvetica, sans-serif;\n	font-size: 75.01%;\n	line-height: 1em;\n}\n/*set font size for all divs, this overrides some body rules*/\ndiv {\n	font-size: 1em;\n}\n/*if img is inside \"a\" it would have borders, we don\'t want that*/\nimg {\n	border: 0;\n}\n/*default link styles*/\n/* set all links to have underline and bluish color */\na, a:link a:active {\n	text-decoration: underline;\n/* css validation will give a warning if color is set without background color. this will explicitly tell this element to inherit bg colour from parent element */\n	background-color: inherit;\n	color: #18507C;\n}\na:visited {\n	text-decoration: underline;\n	background-color: inherit;\n	color: #18507C;\n/* a different color can be used for visited links */\n}\n/* remove underline on hover and change color */\na:hover {\n	text-decoration: none;\n	background-color: inherit;\n	color: #385C72;\n}\n/*****************basic layout *****************/\nbody {\n	margin: 0;\n	padding: 0;\n/* default text color for entire site*/\n	color: #333;\n/* you can set your own image and background color here */\n	background: #f4f4f4 url([[root_url]]/uploads/ngrey/body.png) repeat-x left top;\n}\ndiv#pagewrapper {\n/* min max width, IE wont understand these, so we will use java script magic in the <head> */\n	max-width: 99em;\n	min-width: 60em;\n/* now that width is set this centers wrapper */\n	margin: 0 auto;\n	background-color: #fefefe;\n	color: black;\n}\n/* header, we will hide h1 a text and replace it with an image, we assign a height for it so the image wont cut off */\ndiv#header {\n/* adjust according your image size */\n	height: 100px;\n	margin: 0;\n	padding: 0;\n	/* you can set your own image here, will go behind h1 a image */\n	background: #f4f4f4 url([[root_url]]/uploads/ngrey/bg_banner.png) repeat-x left top;\n/* border just the bottom */\n	border-bottom: 1px solid #D9E2E6;\n}\ndiv#header h1 a {\n/* you can set your own image here */\n	background: url([[root_url]]/uploads/ngrey/logoCMS.png) no-repeat left top;\n/* this will make the \"a\" link a solid shape */\n	display: block;\n/* adjust according your image size */\n	height: 100px;\n/* this hides the text */\n	text-indent: -999em;\n/* old firefox would have shown underline for the link, this explicitly hides it */\n	text-decoration: none;\n}\ndiv#header h1 {\n	margin: 0;\n	padding: 0;\n/*these keep IE6 from pushing the header to more than the set size*/\n	line-height: 0;\n	font-size: 0;\n/* this will keep IE6 from flickering on hover */\n	background: url([[root_url]]/uploads/ngrey/logoCMS.png) no-repeat left top;\n}\ndiv#header h2 {\n/* this is where the site name is */\n	float: right;\n	line-height: 1.2em;\n/* this keeps IE6 from not showing the whole text */\n	font-size: 1.5em;\n/* keeps the size uniform */\n	margin: 35px 65px 0px 0px;\n/* adjust according your text size */\n	color: #f4f4f4;\n}\ndiv.crbk {\n/* sets all to 0 */\n	margin: 0;\n	padding: 0;\n/* you can set your own image here */\n	background: url([[root_url]]/uploads/ngrey/mainrtup.gif) no-repeat right bottom;\n}\ndiv.breadcrumbs {\n/* CSS short hand rule first value is top then right, bottom and left */\n	padding: 1em 0em 1em 1em;\n/* its good to set font sizes to be relative, this way viewer can change his/her font size */\n	font-size: 90%;\n/* css shorthand rule will be opened to be \"0px 0px 0px 0px\" */\n	margin: 0px;\n/* you can set your own image here */\n	background: url([[root_url]]/uploads/ngrey/mainleftup.gif) no-repeat left bottom;\n}\ndiv.breadcrumbs span.lastitem {\n	font-weight: bold;\n}\ndiv#search {\n/* position for the search box */\n	float: right;\n/* enough width for the search input box */\n	width: 27em;\n	text-align: right;\n	padding: 0.5em 0 0.2em 0;\n	margin: 0 1em;\n}\n/* a class for Submit button for the search input box */\ninput.search-button {\n	border: none;\n	height: 22px;\n	width: 53px;\n	margin-left: 5px;\n	padding: 0px 2px 2px 0px;\n/* makes the hover cursor show, you can set your own cursor here */\n	cursor: pointer;\n/* you can set your own image here */\n	background: url([[root_url]]/uploads/ngrey/search.gif) no-repeat center center;\n}\ndiv#content {\n/* some air above and under menu and content */\n	margin: 1.5em auto 2em 0;\n	padding: 0px;\n}\n/* this gets all the outside calls that were used on the div#main before  */\ndiv.back1 {\n/* this will give room for sidebar to be on the left side, make sure this number is bigger than sidebar width */\n	margin-left: 29%;\n/* and some air on the right */\n	margin-right: 2%;\n/* you can set your own image here */\n	background: url([[root_url]]/uploads/ngrey/mainrt1.gif) no-repeat right top;\n}\n/* this is an IE6 hack, you may see these through out the CSS */\n* html div.back1 {\n/* unlike other browser IE6 needs float:right and a width */\n	float: right;\n	width: 69%;\n/* and we take this out or it will stop at the bottom  */\n	margin-left: 0%;\n/* and some air on the right */\n	margin-right: 10px;\n/* you can set your own image here */\n	background: url([[root_url]]/uploads/ngrey/mainrt1.gif) no-repeat right top;\n}\ndiv.back2 {\n/* you can set your own image here */\n	background: url([[root_url]]/uploads/ngrey/mainleft1.gif) no-repeat left top;\n}\ndiv.back3 {\n/* you can set your own image here */\n	background: url([[root_url]]/uploads/ngrey/wbtmleft.gif) no-repeat left bottom;\n}\ndiv#main {\n/* this is the last inside div so we set the space inside it to keep all content away from the edges of images/box */\n	padding: 10px 15px;\n/* you can set your own image here */\n	background: url([[root_url]]/uploads/ngrey/rtup.gif) no-repeat right bottom;\n}\ndiv#sidebar {\n/* set sidebar left. Change to right, float: right; instead, but you will need to change the margins. */\n	float: left;\n/* sidebar width, if you change this change div.back and/or div.back1 margins */\n	width: 26%;\n/* FIX IE double margin bug */\n	display: inline;\n/* the 20px is on the bottom, insures space above footer if longer than content */\n	margin: 0px 0px 20px;\n	padding: 0px;\n/* you can set your own image here */\n	background: url([[root_url]]/uploads/ngrey/mainrt.gif) no-repeat right top;\n}\ndiv#sidebarb {\n	padding: 10px 15px 10px 20px;\n/* this one is for sidebar with content and no menu */\n	background: url([[root_url]]/uploads/ngrey/mainrtup.gif) no-repeat right bottom;\n}\ndiv#sidebarb div#news {\n/* less margin surrounding the news, sidebarb has enough */\n	margin: 2em 0 1em 0em;\n}\ndiv#sidebara {\n	padding: 10px 15px 15px 0px;\n/* this one is for sidebar with menu and no content */\n	background: url([[root_url]]/uploads/ngrey/mainrtup.gif) no-repeat right bottom;\n}\ndiv.footback {\n/* keep footer below content and menu */\n	clear: both;\n/* this sets 10px on right to let the right image show, the balance 10px left on next div */\n	padding: 0px 10px 0px 0px;\n/* you can set your own image here */\n	background: url([[root_url]]/uploads/ngrey/wfootrt.gif) no-repeat right top;\n}\ndiv#footer {\n/* this sets 10px on left to balance 10px right on last div */\n	padding: 0px 0px 0px 10px;\n/* color of text, the link color is set below */\n	color: #595959;\n/* you can set your own image here */\n	background: url([[root_url]]/uploads/ngrey/wtopleft.gif) no-repeat left top;\n}\ndiv.leftfoot {\n	float: left;\n	width: 30%;\n	margin-left: 20px\n}\ndiv#footer p {\n/* sets different font size from default */\n	font-size: 0.8em;\n/* some air for footer */\n	padding: 1.5em;\n/* centered text */\n	text-align: center;\n	margin: 0;\n}\ndiv#footer p a {\n/* footer link would be same color as default we want it same as footer text */\n	color: #595959;\n}\n/* as we hid all hr for accessibility we create new hr with div class=\"hr\" element */\ndiv.hr {\n	height: 1px;\n	padding: 1em;\n	border-bottom: 1px dotted black;\n	margin: 1em;\n}\n/* relational links under content */\ndiv.left49 {\n/* combined percentages of left+right equaling 100%  might lead to rounding error on some browser */\n	width: 70%;\n}\ndiv.right49 {\n	float: right;\n	width: 29%;\n/* set right to keep text on right */\n	text-align: right;\n}\n/********************CONTENT STYLING*********************/\n/* HEADINGS */\ndiv#content h1 {\n/* font size for h1 */\n	font-size: 2em;\n	line-height: 1em;\n	margin: 0;\n}\ndiv#content h2 {\n	color: #294B5F;\n/* font size for h2 the higher the h number the smaller the font size, most times */\n	font-size: 1.5em;\n	text-align: left;\n/* some air around the text */\n	padding-left: 0.5em;\n	padding-bottom: 1px;\n/* set borders around header */\n	border-bottom: 1px solid #899092;\n	border-left: 1.1em solid #899092;\n/* a larder than h1 line height */\n	line-height: 1.5em;\n/* and some air under the border */\n	margin: 0 0 0.5em 0;\n}\ndiv#content h3 {\n	color: #294B5F;\n	font-size: 1.3em;\n	line-height: 1.3em;\n	margin: 0 0 0.5em 0;\n}\ndiv#content h4 {\n	color: #294B5F;\n	font-size: 1.2em;\n	line-height: 1.3em;\n	margin: 0 0 0.25em 0;\n}\ndiv#content h5 {\n	color: #294B5F;\n	font-size: 1.1em;\n	line-height: 1.3em;\n	margin: 0 0 0.25em 0;\n}\nh6 {\n	color: #294B5F;\n	font-size: 1em;\n	line-height: 1.3em;\n	margin: 0 0 0.25em 0;\n}\n/* END HEADINGS */\n/* TEXT */\np {\n/* default p font size, this is set different in some other divs */\n	font-size: 1em;\n/* some air around p elements */\n	margin: 0 0 1.5em 0;\n	line-height: 1.4em;\n	padding: 0;\n}\nblockquote {\n	border-left: 10px solid #ddd;\n	margin-left: 10px;\n}\nstrong, b {\n/* explicit setting for these */\n	font-weight: bold;\n}\nem, i {\n/* explicit setting for these */\n	font-style: italic;\n}\n/* Wrapping text in <code> tags. Makes CSS not validate */\ncode, pre {\n/* css-3 */\n	white-space: pre-wrap;\n/* Mozilla, since 1999 */\n	white-space: -moz-pre-wrap;\n/* Opera 4-6 */\n	white-space: -pre-wrap;\n/* Opera 7 */\n	white-space: -o-pre-wrap;\n/* Internet Explorer 5.5+ */\n	word-wrap: break-word;\n	font-family: \"Courier New\", Courier, monospace;\n	font-size: 1em;\n}\npre {\n/* black border for pre blocks */\n	border: 1px solid #000;\n/* set different from surroundings to stand out */\n	background-color: #ddd;\n	margin: 0 1em 1em 1em;\n	padding: 0.5em;\n	line-height: 1.5em;\n	font-size: 90%;\n}\n/* Separating the divs on the template explanation page */\ndiv.templatecode {\n	margin: 0 0 2.5em;\n}\n/* END TEXT */\n/* LISTS */\n/* lists in content need some margins to look nice */\ndiv#main ul,\ndiv#main ol,\ndiv#main dl {\n	font-size: 1.0em;\n	line-height: 1.4em;\n	margin: 0 0 1.5em 0;\n}\ndiv#main ul li,\ndiv#main ol li {\n	margin: 0 0 0.25em 3em;\n}\n/* definition lists topics on bold */\ndiv#main dl {\n	margin-bottom: 2em;\n	padding-bottom: 1em;\n	border-bottom: 1px solid #c0c0c0;\n}\ndiv#main dl dt {\n	font-weight: bold;\n	margin: 0 0 0 1em;\n}\ndiv#main dl dd {\n	margin: 0 0 1em 1em;\n}\n/* END LISTS */', 'Navigation CSS rules used in CSSMenu top + 2 columns, ShadowMenu Tab + 2 columns and Top simple navigation + left subnavigation + 1 column Designs', 'screen', NULL, 1747324495, 1747324495);
INSERT INTO `cms_layout_stylesheets` (`id`, `name`, `content`, `description`, `media_type`, `media_query`, `created`, `modified`) VALUES
(10, 'Navigation Simple - Vertical', '/******************** MENU *********************/\n#menu_vert {\n	margin: 0;\n	padding: 0;\n}\n#menu_vert ul {\n/* remove any bullets */\n	list-style: none;\n/* margin/padding set in li */\n	margin: 0px;\n	padding: 0px;\n}\n#menu_vert ul ul {\n	margin: 0;\n/* padding right sets second level li in on right from first li */\n	padding: 0px 5px 0px 0px;\n/* replaces bottom of li.menuactive menuparent, looks like li below it, set in 5px more, is sitting on top of it */\n	background: transparent url([[root_url]]/uploads/ngrey/liup.gif) no-repeat right -4px;\n}\n#menu_vert li {\n/* remove any bullets */\n	list-style: none;\n/* negative bottom margin pulls them together, images look like one border between */\n	margin: 0px 0px -1px;\n/* bottom padding pushes \"a\" up enough to show our image */\n	padding: 0px 0px 4px 0px;\n/* you can set your own image here */\n	background: transparent url([[root_url]]/uploads/ngrey/liup.gif) no-repeat right bottom;\n}\n#menu_vert li.currentpage {\n	padding: 0px 0px 3px 0px;\n}\n#menu_vert li.menuactive {\n	margin: 0;\n	padding: 0px;\n/* replaced by image in ul ul */\n	background: none;\n}\n#menu_vert li.menuactive ul {\n	margin: 0;\n}\n#menu_vert li.activeparent {\n	margin: 0;\n	padding: 0px;\n}\n/* fix stupid IE6 bug with display:block; */\n* html #menu_vert li {\n	height: 1%;\n}\n* html #menu_vert li a {\n	height: 1%;\n}\n* html #menu_vert li hr {\n	height: 1%;\n}\n/** end fix **/\n/* first level links */\ndiv#menu_vert a {\n/* IE6 has problems with this, fixed above */\n	display: block;\n/* some air for it */\n	padding: 0.8em 0.3em 0.5em 1.5em;\n/* this will be link color for all levels */\n	color: #18507C;\n/* Fixes IE7 whitespace bug */\n	min-height: 1em;\n/* no underline for links */\n	text-decoration: none;\n/* you can set your own image here this is tall enough to cover text heavy links */\n	background: transparent url([[root_url]]/uploads/ngrey/libk.gif) no-repeat right top;\n}\n/* next level links, more padding and smaller font */\ndiv#menu_vert ul ul a {\n	font-size: 90%;\n	padding: 0.8em 0.3em 0.5em 2.8em;\n}\n/* third level links, more padding */\ndiv#menu_vert ul ul ul a {\n	padding: 0.5em 0.3em 0.3em 3em;\n}\n/* hover state for all links */\ndiv#menu_vert a:hover {\n	background-color: transparent;\n	color: #595959;\n	text-decoration: underline;\n}\ndiv#menu_vert a.activeparent:hover {\n	color: #595959;\n}\n/* active parent, that is the first level parent of a child page that is the current page */\ndiv#menu_vert li.activeparent {\n/* you can set your own image here */\n	background: transparent url([[root_url]]/uploads/ngrey/liup.gif) no-repeat right -65px;\n/* white to contrast with background image */\n	color: #fff;\n}\ndiv#menu_vert li.activeparent a.activeparent {\n/* you can set your own image here */\n	background: transparent url([[root_url]]/uploads/ngrey/libk.gif) no-repeat right top;\n/* to contrast with background image */\n	color: #000;\n}\ndiv#menu_vert li a.parent {\n/* takes left padding out so span image has room on left */\n	padding-left: 0em;\n}\ndiv#menu_vert ul ul li a.parent {\n/* increased padding on left offsets it from one above */\n	padding-left: 0.9em;\n}\ndiv#menu_vert li a.parent span {\n	display: block;\n	margin: 0;\n/* adds left padding taken out of \"a.parent\" */\n	padding-left: 1.5em;\n/* arrow on left for pages with children, points down, you can set your own image here */\n	background: transparent url([[root_url]]/uploads/ngrey/active.png) no-repeat 2px center;\n}\ndiv#menu_vert li a.parent:hover {\n/* removes underline hover effect */\n	text-decoration: none;\n}\ndiv#menu_vert li a.parent:hover span {\n	display: block;\n	margin: 0;\n	padding-left: 1.5em;\n/* arrow on left for pages with children, points right for hover, you can set your own image here */\n	background: transparent url([[root_url]]/uploads/ngrey/parent.png) no-repeat 2px center;\n}\ndiv#menu_vert li a.menuactive.menuparent {\n/* sets it in a little more than a.parent */\n	padding-left: 0.35em;\n}\ndiv#menu_vert ul ul li a.menuactive.menuparent {\n/* sets it in a little more on next level */\n	padding-left: 0.99em;\n}\ndiv#menu_vert li a.menuactive.menuparent span {\n	display: block;\n	margin: 0;\n/* to contrast with non active pages */\n	font-weight: bold;\n	padding-left: 1.5em;\n/* arrow on left for active pages with children, points right, you can set your own image here */\n	background: transparent url([[root_url]]/uploads/ngrey/parent.png) no-repeat 2px center;\n}\ndiv#menu_vert li a.menuactive.menuparent:hover {\n	text-decoration: none;\n	color: #18507C;\n}\ndiv#menu_vert ul ul li a.activeparent {\n	color: #fff;\n}\n/* current pages in the default Menu Manager template are unclickable. This is for current page on first level */\ndiv#menu_vert ul h3 {\n	display: block;\n/* some air for it */\n	padding: 0.8em 0.5em 0.5em 1.5em;\n/* this will be link color for all levels */\n	color: #000;\n/* instead of the normal font size for <h3> */\n	font-size: 1em;\n/* as <h3> normally has some margin by default */\n	margin: 0;\n/* you can set your own image here, same as \"a\" */\n	background: transparent url([[root_url]]/uploads/ngrey/libk.gif) no-repeat right top;\n}\n/* next level current pages, more padding, smaller font and no background color or bottom border */\ndiv#menu_vert ul ul h3 {\n	font-size: 90%;\n	padding: 0.8em 0.5em 0.5em 2.8em;\n/* you can set your own image here, same as \"a\" */\n	background: transparent url([[root_url]]/uploads/ngrey/libk.gif) no-repeat right top;\n	color: #000;\n}\n/* current page on third level, more padding */\ndiv#menu_vert ul ul ul h3 {\n	padding: 0.6em 0.5em 0.2em 3em;\n}\n/* BIG NOTE: I didn\'\'t do anything to these, never tested */\n/* section header */\ndiv#menu_vert li.sectionheader {\n	border-right: none;\n	padding: 0.8em 0.5em 0.5em 1.5em;\n	background: transparent url([[root_url]]/uploads/ngrey/libk.gif) no-repeat right top;\n	line-height: 1em;\n	margin: 0;\n        color: #18507C;\n        cursor:text;\n}\n/* separator */\ndiv#menu_vert .separator {\n	height: 1px !important;\n	margin-top: -1px;\n	margin-bottom: 0;\n	-padding: 2px 0 2px 0;\n	background-color: #000;\n	overflow: hidden !important;\n	line-height: 1px !important;\n	font-size: 1px;\n/* for ie */\n}\ndiv#menu_vert li.separator hr {\n	display: none;\n/* this is for accessibility */\n}', 'Navigation CSS rules used in Left simple navigation + 1 column and Top simple navigation + left subnavigation + 1 column Designs', 'screen', NULL, 1747324495, 1747324495),
(11, 'Navigation ShadowMenu - Horizontal', '/* by Alexander Endresen and mark */\n#menu_vert {\n/* no margin/padding so it fills the whole div */\n	margin: 0;\n	padding: 0;\n}\n.clearb {\n/* needed for some browsers */\n	clear: both;\n}\n#menuwrapper {\n/* set the background color for the menu here */\n	background-color: #243135;\n/* IE6 Hack */\n	height: 1%;\n	width: auto;\n/* one border at the top */\n	border-top: 1px solid #3F565C;\n	margin: 0;\n	padding: 0;\n}\nul#primary-nav {\n	list-style-type: none;\n	margin: 0px;\n	padding-top: 10px;\n	padding-left: 10px;\n}\n#primary-nav ul {\n/* remove any default bullets */\n	list-style-type: none;\n/* sets width of second level ul to background image */\n	width: 210px;\n	margin: 0px;\n	padding: 0px;\n/* make the ul stay in place so when we hover it lets the drops go over the content instead of displacing it */\n	position: absolute;\n/* top being the bottom of the li it comes out of */\n	top: auto;\n/* keeps it hidden till hover event */\n	display: none;\n/* room at top for li so image top shows correct */\n	padding-top: 9px;\n/* set your image here, tall enough for the ul */\n	background: url([[root_url]]/uploads/ngrey/ultopup.png) no-repeat left top;\n}\n/* IE6 hacks on the above code */\n* html #primary-nav ul {\n	padding-top: 13px;\n	background: url([[root_url]]/uploads/ngrey/ultopup.gif) no-repeat left top;\n}\n#primary-nav ul ul {\n/* insures no top margins */\n	margin-top: 0px;\n/* pulls the last ul back over the preceding ul */\n	margin-left: -1px;\n/* keeps the left side of this ul on the right side of the preceding ul */\n	left: 100%;\n/* negative margin pulls the left centered in li next to it */\n	top: -3px;\n/* set your image here, tall enough for the ul, this is the left arrow for third level ul */\n	background: url([[root_url]]/uploads/ngrey/ultoprt.png) no-repeat left top;\n}\n/* IE6 hacks on the above code */\n* html #primary-nav ul ul {\n	margin-top: 0px;\n	padding-left: 5px;\n	left: 100%;\n	top: -7px;\n/* IE6 gets gif as it can\'\'t handle transparent png */\n	background: url([[root_url]]/uploads/ngrey/ultoprt.gif) no-repeat right top;\n}\n#primary-nav li {\n/* a little space to the left of each top level menu item */\n	margin-left: 5px;\n/* floating left will set menu items to line up left to right else they will stack top to bottom */\n	float: left;\n}\n#primary-nav li li {\n/* a little more space to the left of each menu item */\n	margin-left: 8px;\n/* keeps them tight to the one above, no missed hovers */\n	margin-top: -1px;\n/* removes the left float set in first li so these will stack from top down */\n	float: none;\n/* relative to the ul they are in */\n	position: relative;\n}\n/* IE6 hacks on the above code */\n* html #primary-nav li li {\n	margin-left: 6px;\n/* helps hold it inside the ul */\n	width: 171px;\n}\nul#primary-nav li a {\n/* specific font size, this could be larger or smaller than default font size */\n	font-size: 1em;\n/* make sure we keep the font normal */\n	font-weight: normal;\n/* set default link colors */\n	color: #fff;\n/* doing tab menus require a bit different padding, this will give room on right for image to show, adjust to width of your image */\n	padding: 0px 11px 0px 0px;\n/* makes it hold a shape */\n	display: block;\n/* remove default \"a\" underline */\n	text-decoration: none;\n}\nul#primary-nav li a span {\n/* takes normal \"a\" padding minus some for right image */\n	padding: 12px 4px 12px 15px;\n/* makes it hold a shape */\n	display: block;\n}\nul#primary-nav li a:hover {\n/* kind of obvious */\n	background-color: transparent;\n}\nul#primary-nav li {\n/* set your image here */\n	background:  url([[root_url]]/uploads/ngrey/navrttest.gif) no-repeat right -51px;\n}\nul#primary-nav li span {\n/* set your image here */\n	background:  url([[root_url]]/uploads/ngrey/navlefttest.gif) repeat-x left -51px;\n/* set text color here also to insure color */\n	color: #fff;\n/* just to be sure */\n	font-weight: normal;\n}\nul#primary-nav li li {\n/* remove any image set in first level li */\n	background:  none;\n}\nul#primary-nav li li span {\n/* remove any image set in first level li span */\n	background:  none;\n/* set text color here also to insure color */\n	color: #fff;\n/* just to be sure */\n	font-weight: normal;\n}\nul#primary-nav li:hover,\nul#primary-nav li.menuh,\nul#primary-nav li.menuparenth {\n/* set hover image, right side */\n	background:  url([[root_url]]/uploads/ngrey/navrttest.gif) no-repeat right 0px;\n}\nul#primary-nav li:hover span,\nul#primary-nav li.menuh span,\nul#primary-nav li.menuparenth span {\n/* set hover image, left side */\n	background:  url([[root_url]]/uploads/ngrey/navlefttest.gif) repeat-x left 0px;\n/* change text color on hover */\n	color: #000;\n	font-weight: normal;\n}\n/* IE6 hacks, the JS used for hover effect in IE6 puts class menuh on li, unless they have a class then just an \"h\" as seen above and below */\nul#primary-nav li li.menuh {\n	background:  none;\n	font-weight: normal;\n}\n/* IE6 hacks */\nul#primary-nav li.menuparenth li span {\n	background:  none;\n	color: #000;\n	font-weight: normal;\n}\n/* IE6 hacks */\nul#primary-nav li.menuparenth li.menuparent span {\n/* gif for IE6, as it can\'\'t handle transparent png */\n	background:  url([[root_url]]/uploads/ngrey/parent.gif) no-repeat right center;\n	color: #000\n}\n/* IE6 hacks */\nul#primary-nav li.menuparenth li.menuh span {\n	background:  none;\n	color: #FFF;\n	font-weight: normal;\n}\n/* IE6 hacks */\nul#primary-nav li.menuparenth li.menuparenth {\n	background:  none;\n	color: #FFF;\n	font-weight: normal;\n}\nul#primary-nav li.menuactive a {\n/* set your image here for active tab right */\n	background:  url([[root_url]]/uploads/ngrey/navrttest.gif) no-repeat right 0px;\n}\nul#primary-nav li a.menuactive span {\n/* set your image here for active tab left */\n	background:  url([[root_url]]/uploads/ngrey/navlefttest.gif) repeat-x left 0px;\n/* non active is #FFF/white, we need #000/black to contrast with light background */\n	color: #000;\n/* bold to set it off from non active */\n	font-weight: bold;\n}\n#primary-nav li li a {\n/* second level padding, no image and not as big */\n	padding: 5px 10px;\n/* to keep it within li */\n	width: 165px;\n/* space between them */\n	margin: 5px;\n	background: none;\n}\n/* IE6 hacks to above code */\n* html #primary-nav li li a {\n	padding: 5px 10px;\n	width: 165px;\n	margin: 0px;\n	color: #000;\n}\n#primary-nav li li:hover {\n/* remove image set in first level */\n	background: none;\n}\n#primary-nav li li a:hover {\n/* set different image than first level */\n	background:  url([[root_url]]/uploads/ngrey/darknav.png) repeat-x left center;\n/* we need #FFF/white to contrast with dark background */\n	color: #FFF;\n}\n#primary-nav li.menuparent li a:hover span {\n/* insures text color */\n	color: #FFF;\n}\nul#primary-nav li:hover li a span {\n/* first level is #FFF/white, we need #000/black to contrast with light background */\n	color: #000;\n/* just to insure normal */\n	font-weight: normal;\n}\n#primary-nav li li.menuactive a.menuactive, #primary-nav li li.menuactive a.menuactive:hover {\n/* set your image here, lighter than hover */\n	background:  url([[root_url]]/uploads/ngrey/nav.png) repeat-x left 0px;\n/* non active is #FFF/white, we need #000/black to contrast with light background */\n	color: #000;\n}\n#primary-nav li li.menuactive a.menuactive span {\n/* insures text color */\n	color: #000\n}\n#primary-nav li li.menuactive a.menuactive:hover span {\n/* insures text color */\n	color: #000;\n}\n/* IE6 hacks to above code */\n#primary-nav li li.menuparenth a.menuparent span {\n/* right arrow for menu parent, IE6 gif */\n	background:  url([[root_url]]/uploads/ngrey/parent.gif) no-repeat right center;\n	color: #000\n}\n/* IE6 hacks to above code */\n#primary-nav li li.menuparenth a.menuparent:hover span {\n	color: #FFF\n}\n#primary-nav li li.menuparent a.menuparent span {\n/* right arrow for parent item */\n	background:  url([[root_url]]/uploads/ngrey/parent.gif) no-repeat right center;\n}\n#primary-nav li.menuactive li a:hover span {\n/* black text */\n	color: #000\n}\nul#primary-nav li li a.menuactive  span {\n/* remove image set in first level */\n	background:  none;\n	font-weight: normal;\n}\n#primary-nav li.menuactive li a {\n/* second level active link color */\n	color: #0587A9;\n	text-decoration: none;\n	background: none;\n}\n#primary-nav li.menuactive li a:hover {\n/* dark image for hover */\n	background:  url([[root_url]]/uploads/ngrey/darknav.png) repeat-x left center;\n}\n#primary-nav li.menuactive li a:hover span {\n/* white text to contrast with dark background image on hover */\n	color: #FFF;\n}\nul#primary-nav li:hover li a span, ul#primary-nav li.menuparenth li a span {\n	padding: 0px;\n	background:  none;\n}\n/* this is a special li type from the menu template, used to hold the bottom image for ul set above */\n#primary-nav ul li.separator, #primary-nav .separator:hover {\n/* set same as ul */\n	width: 210px;\n/* height of image */\n	height: 9px;\n/* negative margin pulls it down to cover ul image */\n	margin: 0px 0px -8px;\n/* set your image here */\n	background: url([[root_url]]/uploads/ngrey/ulbtmrt.png) no-repeat left bottom;\n}\n/* same as above for next level to insure it shows correct */\n#primary-nav ul ul li.separator, #primary-nav ul ul li.separator:hover {\n	height: 9px;\n	margin: 0px 0px -8px;\n	background: url([[root_url]]/uploads/ngrey/ulbtmrt.png) no-repeat left bottom;\n}\n/* IE6 hacks */\n* html #primary-nav ul li.separator {\n	height: 2px;\n	background: url([[root_url]]/uploads/ngrey/ulbtmrt.gif) no-repeat left bottom;\n}\n/* IE6 hacks */\n* html #primary-nav ul li.separatorh {\n	margin: 0px 0px -8px;\n	height: 2px;\n	background: url([[root_url]]/uploads/ngrey/ultop.gif) no-repeat left top;\n}\n/* The magic - set to work for up to a 3 level menu, but can be increased unlimited, for fourth level add\n#primary-nav li:hover ul ul ul,\n#primary-nav li.menuparenth ul ul ul,\n*/\n#primary-nav ul,\n#primary-nav li:hover ul,\n#primary-nav li:hover ul ul,\n#primary-nav li.menuparenth ul,\n#primary-nav li.menuparenth ul ul {\n	display: none;\n}\n/* for fourth level add\n#primary-nav ul ul ul li:hover ul,\n#primary-nav ul ul ul li.menuparenth ul,\n*/\n#primary-nav li:hover ul,\n#primary-nav ul li:hover ul,\n#primary-nav ul ul li:hover ul,\n#primary-nav li.menuparenth ul,\n#primary-nav ul li.menuparenth ul,\n#primary-nav ul ul li.menuparenth ul {\n	display: block;\n}\n/* IE Hacks */\n#primary-nav li li {\n	float: left;\n	clear: both;\n}\n#primary-nav li li a {\n	height: 1%;\n}', NULL, 'screen', NULL, 1747324495, 1747324495),
(12, 'Navigation ShadowMenu - Vertical', '/* Vertical menu for the CMS CSS Menu Module */\n/* by Alexander Endresen and mark */\n#menuwrapper {\n/* just smaller than it\'s containing div */\n	width: 95%;\n	margin-left: 0px;\n/* room at bottom */\n	margin-bottom: 10px;\n}\n/* Unless you know what you do, do not touch this */\n#primary-nav, #primary-nav ul {\n/* remove any default bullets */\n	list-style: none;\n	margin: 0px;\n	padding: 0px;\n/* make sure it fills out */\n	width: 100%;\n/* just a little bump */\n	margin-left: 1px;\n}\n#primary-nav li {\n/* negative bottom margin pulls them together, images look like one border between */\n	margin-bottom: -1px;\n/* keeps within it\'s container */\n	position: relative;\n/* bottom padding pushes \"a\" up enough to show our image */\n	padding: 0px 0px 4px 0px;\n/* you can set your own image here */\n	background: url([[root_url]]/uploads/ngrey/liup.gif) no-repeat right bottom;\n}\n#primary-nav li li {\n/* you can set your width here, if no width or set auto it will only be as wide as the text in it  */\n	width: 190px;\n/* changes padding inherited from first level */\n	padding: 0px 10px;\n/* removes first level li image */\n	background-image: none;\n}\n/* Styling the basic appearance of the menu \"a\" elements */\nul#primary-nav li a {\n/* specific font size, this could be larger or smaller than default font size */\n	font-size: 1em;\n/* make sure we keep the font normal */\n	font-weight: normal;\n/* set default link colors */\n	color: #595959;\n/* pushes li out from the text, sort of like making links a certain size, if you give them a set width and/or height you may limit you ability to have as much text as you need */\n	padding: 0.8em 0.5em 0.5em 0.5em;\n/* makes it hold a shape */\n	display: block;\n/* removes underline from default link setting */\n	text-decoration: none;\n/* you can set your own image here this is tall enough to cover text heavy links */\n	background: url([[root_url]]/uploads/ngrey/libk.gif) no-repeat right top;\n}\nul#primary-nav a span {\n/* makes it hold a shape */\n	display: block;\n/* pushes text to right */\n	padding-left: 1.5em;\n}\nul#primary-nav li a:hover {\n/* stops image flicker in some browsers */\n	background: url([[root_url]]/uploads/ngrey/libk.gif) no-repeat right top;\n/* changes text color on hover */\n	color: #899092\n}\nul#primary-nav li li a:hover {\n/* you can set your own image here, second level \"a\" */\n	background:  url([[root_url]]/uploads/ngrey/darknav.png) repeat-x left center;\n/* contrast color to image behind it */\n	color: #FFF\n}\nul#primary-nav li a.menuactive {\n/* black and bold to set it off from non active */\n	color: #000;\n	font-weight: bold;\n}\nul#primary-nav li ul a {\n/* insure alignment */\n	text-align: left;\n	margin: 0px;\n/* relative to it\'s container */\n	position: relative;\n/* even padding all 4 sides */\n	padding: 6px;\n/* make sure we keep the font normal */\n	font-weight: normal;\n/* set default link colors from here on */\n	color: #000;\n/* remove any background that may have been set in level above */\n	background: none;\n}\nul#primary-nav li ul {\n/* remove any default bullets */\n	list-style-type: none;\n/* sets width of second level ul to background image */\n	width: 209px;\n	height: auto;\n/* negative margin pulls it over the parent ul */\n	margin: 0px 0px 0px -2px;\n/* top padding gives room for image shadow and pushes li down into image */\n	padding: 10px 0px 0px;\n/* make the ul stay in place so when we hover it lets the drops go over the content instead of displacing it */\n	position: absolute;\n/* keeps the left side of this ul on the right side of the preceding ul */\n	left: 100%;\n/* negative top pulls up so left arrow centered in li next to it */\n	top: -2px;\n	display: none;\n/* set your image here, tall enough for the ul, this is the left arrow for second ul and on */\n	background: url([[root_url]]/uploads/ngrey/ultoprt.png) no-repeat left top;\n}\n/* a lot of the same as above, minor changes */\nul#primary-nav li ul ul {\n	list-style-type: none;\n/* bit more negative left margin */\n	margin: 0px 0px 0px -8px;\n/* you can call a property twice but not a property:\'value\', this flat lines it */\n	padding: 0px;\n/* now we just change one with \'property\'-top:value */\n	padding-top: 10px;\n	position: absolute;\n	width: 209px;\n	height: auto;\n/* negative top pulls up so left arrow centered in li next to it, more on 3rd ul covers default drop increase */\n	top: -5px;\n	left: 100%;\n	display: none;\n/* set your image here */\n	background: url([[root_url]]/uploads/ngrey/ultoprt.png) no-repeat left top;\n}\n* html ul#primary-nav li ul {\n/* gif for IE6, as it can\'t handle transparent png */\n	background: url([[root_url]]/uploads/ngrey/ultoprt.gif) no-repeat left top;\n}\n* html ul#primary-nav li ul ul {\n/* gif for IE6, as it can\'t handle transparent png */\n	background: url([[root_url]]/uploads/ngrey/ultoprt.gif) no-repeat left top;\n}\n/* this is a special li type from the menu template, used to hold the bottom image for ul set above */\n#primary-nav ul li.separator, #primary-nav .separator:hover {\n/* set same as ul */\n	width: 209px;\n	padding: 0px;\n/* height of image */\n	height: 9px;\n/* negative margin pulls it down to cover ul image */\n	margin: 0px 0px -9px;\n/* set your image here */\n	background: url([[root_url]]/uploads/ngrey/ulbtmrt.png) no-repeat left bottom;\n}\n/* IE6 \'star html\' Hack */\n* html #primary-nav  li ul li.separator {\n	height: 2px;\n/* set your image here */\n	background: url([[root_url]]/uploads/ngrey/ulbtmrt.gif) no-repeat left bottom;\n}\n/* Fixes IE7 bug*/\n#primary-nav li, #primary-nav li.menuparent {\n	min-height: 1em;\n}\n/* Styling the basic apperance of the active page elements (shows what page in the menu is being displayed) */\n#primary-nav li li.menuactive a.menuactive {\n/* contrast color to image behind it */\n	color: #FFF;\n/* not bold as text color and image behind it set it off from non active */\n	font-weight: normal;\n/* set your image here, dark grey image with white text set above*/\n	background:  url([[root_url]]/uploads/ngrey/darknav.png) repeat-x left center;\n}\n#primary-nav li.menuparent span {\n/* padding on left for image */\n	padding-left: 1.5em;\n/* down arrow to note it has children, left side of text */\n	background: url([[root_url]]/uploads/ngrey/active.png) no-repeat left center;\n}\n#primary-nav li.menuparent:hover li.menuparent span {\n/* remove left padding as image is on right side of text */\n	padding-left: 0;\n/* right arrow to note it has children, right side of text */\n	background: url([[root_url]]/uploads/ngrey/parent.png) no-repeat right center;\n}\n#primary-nav li.menuparenth li.menuparent span,\n#primary-nav li.menuparenth li.menuparenth span {\n/* same as above but this is for IE6, gif image as it can\'t handle transparent png */\n	padding-left: 0;\n	background: url([[root_url]]/uploads/ngrey/parent.gif) no-repeat right center;\n}\n#primary-nav li.menuparent:hover span,\n#primary-nav li.menuparent.menuactive span,\n#primary-nav li.menuparent.menuactiveh span,\n#primary-nav li.menuparenth span {\n/* right arrow on hover */\n	background: url([[root_url]]/uploads/ngrey/parent.png) no-repeat left center;\n}\n#primary-nav li li span,\n#primary-nav li.menuparent li span,\n#primary-nav li.menuparent:hover li span,\n#primary-nav li.menuparenth li span,\n#primary-nav li.menuparenth li.menuparenth li span,\n#primary-nav li.menuparent li.menuparent li span,\n#primary-nav li.menuparent li.menuparent:hover li span {\n/* removes any images set above unless it\'s a parent or active parent */\n	background:  none;\n	padding-left: 0px;\n}\n/* Styling the appearance of menu items on hover */\n#primary-nav li:hover li a,\n#primary-nav li.menuh li a,\n#primary-nav li.menuparenth li a,\n#primary-nav li.menuactiveh li a {\n/* removes any images set above unless it\'s a parent or active parent */\n	background:  none;\n	color: #000;\n}\n/* The magic - set to work for up to a 3 level menu, but can be increased unlimited, for fourth level add\n#primary-nav li:hover ul ul ul,\n#primary-nav li.menuparenth ul ul ul,\n*/\n#primary-nav ul,\n#primary-nav li:hover ul,\n#primary-nav li:hover ul ul,\n#primary-nav li.menuparenth ul,\n#primary-nav li.menuparenth ul ul {\n	display: none;\n}\n/* for fourth level add\n#primary-nav ul ul ul li:hover ul,\n#primary-nav ul ul ul li.menuparenth ul,\n*/\n#primary-nav li:hover ul,\n#primary-nav ul li:hover ul,\n#primary-nav ul ul li:hover ul,\n#primary-nav li.menuparenth ul,\n#primary-nav ul li.menuparenth ul,\n#primary-nav ul ul li.menuparenth ul {\n	display: block;\n}\n/* IE Hack, will cause the css to not validate */\n#primary-nav li, #primary-nav li.menuparenth {\n	_float: left;\n	_height: 1%;\n}\n#primary-nav li a {\n	_height: 1%;\n}\n/* BIG NOTE: I didn\'t do anything to these 2, never tested */\n#primary-nav li.sectionheader {\n	border-left: 1px solid #006699;\n	border-top: 1px solid #006699;\n	font-size: 130%;\n	font-weight: bold;\n	padding: 1.5em 0 0.8em 0.5em;\n	background-color: #fff;\n	margin: 0;\n	width: 100%;\n}\n/* separator */\n#primary-nav li hr.separator {\n	display: block;\n	height: 0.5em;\n	color: #abb0b6;\n	background-color: #abb0b6;\n	width: 100%;\n	border: 0;\n	margin: 0;\n	padding: 0;\n	border-top: 1px solid #006699;\n	border-right: 1px solid #006699;\n}', 'Navigation CSS rules used in ShadowMenu left + 1 column Design', 'screen', NULL, 1747324495, 1747324495),
(13, 'Navigation FatFootMenu', '#footer ul {\n/* some margin is set in the footer padding */\n   margin: 0px;\n/* calling a specific side, left in this case */\n   margin-left: 5px;\n   padding: 0px;\n/* remove any default bullets, image used in li call */\n   list-style: none;\n}\n#footer ul li {\n/* remove any default bullets, image used for consistency */\n   list-style: none;\n/* float left to set first level li items across the top */\n   float:left;\n/* a little margin at top */\n   margin: 5px 0px 0px;\n/* padding all the way around */\n   padding: 5px;\n/* you can set your own image here, used for consistency */\n   background: url([[root_url]]/uploads/ngrey/dot.gif) no-repeat left 10px;\n}\n#footer ul li a {\n/* this will make the \"a\" link a solid shape */\n   display:block;\n   margin: 2px 0px 4px;\n   padding: 0px 5px 5px 5px;\n}\n/* set h3 to look like \"a\" */\n#footer li h3 {\n   font-weight:normal;\n   font-size:100%;\n   margin: 2px 0px 2px 0px;\n   padding: 0px 5px 5px 5px;\n}\n/* set h3 to look like \"a\", less margin at this level */\n#footer li li h3 {\n   font-weight:normal;\n   font-size:100%;\n   margin: 0px;\n   padding: 0px 5px 5px 5px;\n}\n#footer ul li li {\n/* remove any default bullets, image used for consistency */\n   list-style: none;\n/* remove float so they line up under top li */\n   float:none;\n/* less margin/padding */\n   margin: 0px;\n   padding: 0px 0px 0px 5px;\n/* you can set your own image here, used for consistency */\n   background: url([[root_url]]/uploads/ngrey/dot.gif) no-repeat left 3px;\n}\n/* fix for IE6 */\n* html #footer ul li a {\n   margin: 2px 0px 0px;\n   padding: 0px 5px 5px 5px;\n}\n* html #footer ul li li a {\n   margin: 0px 0px 0px;\n   padding: 0px 5px 0px 5px;\n}\n/* End fix for IE6 */\n#footer ul ul {\n/* remove float so they line up under top li */\n   float:none;\n/* a little margin to offset it */\n   margin: 0px 0px 0px 8px;\n   padding: 0;\n}\n#footer ul ul ul {\n/* remove float so they line up under li above it */\n   float:none;\n/* a little margin to offset it */\n   margin: 0px 0px 0px 8px;\n   padding: 0;\n}', 'Footer navigation CSS rules used in CSSMenu left + 1 column, CSSMenu top + 2 columns, Left simple navigation + 1 column, ShadowMenu left + 1 column, ShadowMenu Tab + 2 columns and Top simple navigation + left subnavigation + 1 column', 'screen', NULL, 1747324495, 1747324495),
(14, 'ncleanbluecore', '/*\n  @Nuno Costa [criacaoweb.net] Core CSS.\n  @Licensed under GPL and MIT.\n  @Status: Stable\n  @Version: 0.1-20090418\n  \n  @Contributors:\n  \n  --------------------------------------------------------------- \n*/\n/*----------- Global Containers ----------- */\n/* \n.core-wrap-100   =  width - 100% of Browser Fluid\n.core-wrap-960   =  width - 960px  - fixed\n.core-wrap-780   =  width - 780px  - fixed\n.custom-wrap-x   =  width -  custom   - declared in another css (your site css)\n*/\n.core-wrap-100 {\n	width: 100%;\n}\n.core-wrap-960 {\n	width: 960px;\n}\n.core-wrap-780 {\n	width: 780px;\n}\n.core-wrap-100,\n.core-wrap-960,\n.core-wrap-780,\n.custom-wrap-x {\n	margin-left: auto;\n	margin-right: auto;\n}\n/*----------- Global Float ----------- */\n.core-wrap-100  .core-float-left,\n.core-wrap-960  .core-float-left,\n.core-wrap-780  .core-float-left,\n.custom-wrap-x  .core-float-left {\n	float: left;\n	display: inline;\n}\n.core-wrap-100  .core-float-right,\n.core-wrap-960  .core-float-right,\n.core-wrap-780  .core-float-right,\n.custom-wrap-x  .core-float-right {\n	float: right;\n	display: inline;\n}\n/*----------- Global Center ----------- */\n.core-wrap-100   .core-center,\n.core-wrap-960   .core-center,\n.core-wrap-780   .core-center,\n.custom-wrap-x   .core-center {\n	margin-left: auto;\n	margin-right: auto;\n}', 'Grid CSS rules used in NCleanBlue Design', 'screen', NULL, 1747324495, 1747324495),
(15, 'ncleanblueutils', '/*\n  @Nuno Costa [criacaoweb.net] Utils CSS.\n  @Licensed under GPL2 and MIT.\n  @Status: Stable\n  @Version: 0.1-20090418\n  \n  @Contributors:\n        -  http://meyerweb.com/eric/tools/css/reset/index.html \n  \n  --------------------------------------------------------------- \n*/\n/* From: http://meyerweb.com/eric/tools/css/reset/index.html  (Original) */\n/* v1.0 | 20080212 */\nhtml, body, div, span, applet, object, iframe,\nh1, h2, h3, h4, h5, h6, p, blockquote, pre,\na, abbr, acronym, address, big, cite, code,\ndel, dfn, em, font, img, ins, kbd, q, s, samp,\nsmall, strike, strong, sub, sup, tt, var,\nb, u, i, center,\ndl, dt, dd, ol, ul, li,\nfieldset, form, label, legend,\ntable, caption, tbody, tfoot, thead, tr, th, td {\n	margin: 0;\n	padding: 0;\n	border: 0;\n	outline: 0;\n	font-size: 100%;\n	vertical-align: baseline;\n	background: transparent;\n}\n/*\nStantby for nowbody {\n	line-height: 1;\n}\n*/\nol, ul {\n	list-style: none;\n}\nblockquote, q {\n	quotes: none;\n}\nblockquote:before,\nblockquote:after,\nq:before, q:after {\n	content: \'\';\n	content: none;\n}\n/* remember to define focus styles! */\n:focus {\n	outline: 0;\n}\n/* remember to highlight inserts somehow! */\nins {\n	text-decoration: none;\n}\ndel {\n	text-decoration: line-through;\n}\n/* tables still need \'cellspacing=\"0\"\' in the markup */\ntable {\n	border-collapse: collapse;\n	border-spacing: 0;\n}\n/* ------- @Nuno Costa [criacaoweb.net] Utils CSS. ---------- */\n* {\n	font-weight: inherit;\n	font-style: inherit;\n	font-family: inherit;\n}\ndfn {\n	display: none;\n	overflow: hidden;\n}\n/* ----------- Clear Floated Elements ----------- */\nhtml body .util-clearb {\n	background: none;\n	border: 0;\n	clear: both;\n	display: block;\n	float: none;\n	font-size: 0;\n	margin: 0;\n	padding: 0;\n	position: static;\n	overflow: hidden;\n	visibility: hidden;\n	width: 0;\n	height: 0;\n}\n/* ----------- Fix to Clear Floated Elements ----------- */\n.util-clearfix:after {\n	clear: both;\n	content: \'.\';\n	display: block;\n	visibility: hidden;\n	height: 0;\n}\n.util-clearfix {\n	display: inline-block;\n}\n* html .util-clearfix {\n	height: 1%;\n}\n.util-clearfix {\n	display: block;\n}', 'Reset and browser helper CSS style rules used in NCleanBlue Design', 'screen', NULL, 1747324495, 1747324495),
(16, 'Layout NCleanBlue', '/*  \n@Nuno Costa [criacaoweb.net]\n@Since [cmsms 1.6]\n@Contributors: Mark and Dev-Team\n*/\nbody {\n/* default text for entire site */\n	font: normal 0.8em Tahoma, Verdana, Arial, Helvetica, sans-serif;\n/* default text color for entire site */\n	color: #3A3A36;\n/* you can set your own image and background color here */\n	background: #fff url([[root_url]]/uploads/NCleanBlue/bg__full.png) repeat-x scroll left top;\n}\n/* Mask helper  for browsers ZOOM, Rezise and Decrease */\n#ncleanblue {\n/* set to width of viewport */\n	width: auto;\n/* you can set your own image and background color here */\n	background: #fff url([[root_url]]/uploads/NCleanBlue/bg__full.png) repeat-x scroll left top;\n}\n/* wiki style external links */\n/* external links will have \"(external link)\" text added, lets hide it */\na.external span {\n	position: absolute;\n	left: -5000px;\n	width: 4000px;\n}\na.external {\n/* make some room for the image, css shorthand rules, read: first top padding 0 then right padding 12px then bottom then right */\n	padding: 0 12px 0 0;\n}\n/* colors for external links */\na.external:link {\n	color: #679EBC;\n/* background image for the link to show wiki style arrow */\n	background: url([[root_url]]/uploads/NCleanBlue/external.gif) no-repeat 100% -100px;\n}\na.external:visited {\n	color: #18507C;\n/* a different color can be used for visited external links */\n/* Set the last 0 to -100px to use that part of the external.gif image for different color for active links external.gif is actually 300px tall, we can use different positions of the image to simulate rollover image changes.*/\n	background: url([[root_url]]/uploads/NCleanBlue/external.gif) no-repeat 100% -100px;\n}\na.external:hover {\n	color: #18507C;\n/* Set the last 0 to -200px to use that part of the external.gif image for different color on hover */\n	background: url([[root_url]]/uploads/NCleanBlue/external.gif) no-repeat 100% 0;\n	background-color: inherit;\n}\n/* end wiki style external links */\n/* hr and anything with the class of accessibility is hidden with CSS from visual browsers */\n.accessibility, hr {\n/* absolute lets us put it outside the viewport with the indents, the rest is to clear all defaults */\n	position: absolute;\n	top: -9999em;\n	left: -9999em;\n	background: none;\n	border: 0;\n	clear: both;\n	display: block;\n	float: none;\n	font-size: 0;\n	margin: 0;\n	padding: 0;\n	overflow: hidden;\n	visibility: hidden;\n	width: 0;\n	height: 0;\n	border: none;\n}\n/* ------------ Standard  HTML elements and their default settings ------------ */\nb, strong{font-weight: bold;}i, em{	font-style: italic;}\np {\n	padding: 0;\n	margin-top: 0.5em;\n    margin-bottom: 1em;\n   text-align:left;\n}\nh1, h2, h3, h4, h5 {\n	line-height: 1.6em;\n	font-weight: normal;\n	width: auto;\n	font-family: \"Trebuchet MS\", Arial, Helvetica, sans-serif;\n}\n/*default link styles*/\na {\n	color: #679EBC;\n	text-decoration: none;\n	text-align: left;\n}\na:hover {\n	color: #3A6B85;\n}\na:active {\n	color: #3A6B85;\n}\na:visited {\n	color: #679EBC;\n}\ninput, textarea, select {\n	font-size: 0.95em;\n}\n/* ------------ Wrapper ------------ */\ndiv#pagewrapper {\n	font-size: 95%;\n	position: relative;\n	z-index: 1;\n}\n/* ------------ Header ------------ */\n#header {\n	height: 111px;\n	width: 960px;\n}\n#logo a {\n/* adjust according your image size */\n	height: 75px;\n	width: 215px;\n/* forces full link size */\n	display: block;\n/* this hides the text */\n	text-indent: -9999em;\n	margin-top: 0;\n	margin-left: 0;\n/* you can set your own image here, note size adjustments */\n	background: url([[root_url]]/uploads/NCleanBlue/logo.png) no-repeat left top;\n}\n/* ------------ Header - Search ------------ */\ndiv#search {\n	width: 190px;\n	height: 28px;\n	margin-top: 31px;\n	margin-right: 20px;\n}\ndiv#search label {\n	text-indent: -9999em;\n	height: 0pt;\n	width: 0pt;\n	display: none;\n}\ndiv#search input.search-input {\n/* specific size for image, your image may need these adjusted */\n	width: 143px;\n	height: 17px;\n/* removes default borders, allows use of image */\n	border-style: none;\n/* text color */\n	color: #999;\n/* padding of text */\n	padding: 7px 0px 4px 10px;\n	float: left;\n/* set all font properties at once, weight, size, family */\n	font: bold 0.9em Arial, Helvetica, sans-serif;\n/* left input image, set your own here */\n	background: url([[root_url]]/uploads/NCleanBlue/search.png) no-repeat left top;\n}\ndiv#search input.search-button {\n/* specific size for image, your image may need these adjusted */\n	width: 37px;\n	height: 28px;\n/* removes default borders, allows use of image */\n	border-style: none;\n/* hides text, image has text */\n	text-indent: -9999em;\n	float: left;\n	margin: 0;\n/* provides positive hover effect */\n	cursor: pointer;\n/* removes default size/height */\n	font-size: 0px;\n	line-height: 0px;\n/* submit button image, set your own here */\n	background: transparent url([[root_url]]/uploads/NCleanBlue/search.png) no-repeat right top;\n}\n/* ------------ Content ------------ */\n#content {\n	width: auto;\n/* all text in #content will default align left, changed in other calls */\n	text-align: left;\n}\n#bar {\n	width: auto;\n	height: 40px;\n	padding-right: 1em;\n	padding-left: 1em;\n}\n.print {\n	margin-right: 75px;\n	margin-top: 10px;\n}\n#version {\n	width: 50px;\n	height: 31px;\n	position: absolute;\n	z-index: 5;\n	top: 130px;\n	right: -16px;\n	font-size: 1.6em;\n	font-weight: bold;\n	padding: 28px 15px;\n	color: #FFF;\n	text-align: center;\n	vertical-align: middle;\n	background:  url([[root_url]]/uploads/NCleanBlue/version.png) no-repeat left top;\n}\n/* IE6 fixes */\n* html div#version {\n	top: 150px;\n}\n/* End IE6 fixes */\n/* Site Title */\nh1.title {\n	font-size: 1.8em;\n	color: #666666;\n	margin-bottom: 0.5em;\n}\n/* Breadcrumbs */\ndiv.breadcrumbs {\n	padding: 0.5em 0;\n	font-size: 80%;\n	margin: 0 1em;\n}\ndiv.breadcrumbs span.lastitem {\n	font-weight: bold;\n}\n/* ------------ Side Bar (Left) ------------ */\n#left {\n	width: 250px;\n}\n/* Image that Represents the new CMS design */\n#left .screen {\n	margin: 10px 50px;\n}\n/* End  */\n.sbar-title {\n	font: bold 1.2em Arial, Helvetica, sans-serif;\n	color: #252523;\n}\n.sbar-top {\n	height: 20px;\n	width: auto;\n	padding: 10px;\n	background: url([[root_url]]/uploads/NCleanBlue/bg__content.png) no-repeat left top;\n}\n.sbar-main {\n	width: auto;\n	border-right: 1px solid #E2E2E2;\n	border-left: 1px solid #E2E2E2;\n	background: #F0F0F0;\n}\nspan.sbar-bottom {\n	width: auto;\n	display: block;\n	height: 10px;\n	background: url([[root_url]]/uploads/NCleanBlue/bg__content.png) no-repeat left bottom;\n}\n/* ------------ Main (Right) ------------ */\n#main {\n	width: 690px;\n}\n.main-top {\n	height: 15px;\n	width: auto;\n	background: url([[root_url]]/uploads/NCleanBlue/bg__content.png) no-repeat right top;\n}\n.main-main {\n	width: auto;\n	border-right: 1px solid #E2E2E2;\n	border-left: 1px solid #E2E2E2;\n	background: #F0F0F0;\n	padding: 20px;\n	padding-top: 0px;\n}\n.main-bottom {\n	width: auto;\n	height: 41px;\n	background: url([[root_url]]/uploads/NCleanBlue/bg__content.png) no-repeat right bottom;\n}\n.right49, .left49 {\n	font-size: 0.85em;\n	margin: 7px 5px 5px 10px;\n	font-weight: bold;\n}\n.left49 span {\n	display: block;\n	padding-top: 1px;\n}\n.left49 a {\n	font-weight: normal;\n}\n.right49 {\n	height: 28px;\n	width: 50px;\n	padding-right: 10px;\n	background: url([[root_url]]/uploads/NCleanBlue/bull.png) no-repeat right top;\n}\n.right49 a, .right49 a:visited {\n	padding: 7px 4px;\n	display: block;\n	color: #000;\n	height: 15px;\n	background: url([[root_url]]/uploads/NCleanBlue/bull.png) no-repeat  left top;\n}\n#main h2,\n#main h3,\n#main h4,\n#main h5,\n#main h6 {\n	font-size: 1.4em;\n	color: #301E12;\n}\ndiv#main ul,\ndiv#main ol,\ndiv#main dl,\n#footer ul,\n#footer ol {\n	line-height: 1em;\n	margin: 0 0 1.5em 0;\n}\ndiv#main ul,\n#footer ul {\n	list-style: circle;\n}\ndiv#main ul li,\ndiv#main ol li,\n#footer ul li,\n#footer ol li {\n	padding: 2px 2px 2px 5px;\n	margin-left: 20px;\n}\n/* definition lists topics on bold */\ndiv#main dl dt {\n	font-weight: bold;\n	margin: 0 0 0 1em;\n}\ndiv#main dl dd {\n	margin: 0 0 1em 1em;\n}\ndiv#main dl {\n	margin-bottom: 2em;\n	padding-bottom: 1em;\n	border-bottom: 1px solid #c0c0c0;\n}\n/* ------------ Footer ------------ */\n#footer-wrapper {\n	min-height: 235px;\n	height: auto!important;\n	height: 235px;\n	width: auto;\n	margin-top: 5px;\n	text-align: center;\n	margin-right: 00px;\n	margin-left: 0px;\n	background: #7CA3B5 url([[root_url]]/uploads/NCleanBlue/bg__footer.png) repeat-x left top;\n}\n#footer {\n	color: #FFF;\n	font-size: 0.8em;\n	min-height: 235px;\n	height: auto!important;\n	height: 235px;\n	background: #7CA3B5 url([[root_url]]/uploads/NCleanBlue/bg__footer.png) repeat-x left top;\n}\n#footer .block {\n	width: 300px;\n	margin: 20px 10px 10px;\n}\n#footer .cms {\n	text-align: right;\n}\n/* ------------ Footer Links ------------ */\n#footer ul {\n	width: auto;\n	text-align: left;\n	margin-left: 50px;\n}\n#footer ul ul {\n	margin-left: 0px;\n}\n#footer ul li a {\n	color: #FFF;\n	display: block;\n	font-weight: normal;\n	margin-bottom: 0.5em;\n	text-decoration: none;\n}\n#footer a {\n	color: #DCEDF1;\n	text-decoration: underline;\n	font-weight: bold;\n}\n/* ------------ END LAYOUT ---------------*/\n/* ------------  Menu  ROOT  ------------ */\n.page-menu {\n	width: auto;\n	height: 35px;\n	margin: 3px 0 0 20px;\n}\n.menuwrapper {}\n\nul#primary-nav li hr.menu_separator{\n        position: relative;\n        visibility: hidden;\n        display:block;\n        width:5px;\n       	height: 32px;\n       	margin: 0px 5px 0px;\n}\n.page-menu ul#primary-nav {\n	height: 1%;\n	float: left;\n	list-style: none;\n	padding: 0;\n	margin: 0;\n}\n.page-menu ul#primary-nav li {\n	float: left;\n}\n.page-menu ul#primary-nav li a,\n.page-menu ul#primary-nav li a span {\n	display: block;\n	padding: 0 10px;\n	background-repeat: no-repeat;\n	background-image: url([[root_url]]/uploads/NCleanBlue/tabs.gif);\n}\n.page-menu ul#primary-nav li a {\n	padding-left: 0;\n	color: #000;\n	font-weight: bold;\n	line-height: 2.15em;\n	text-decoration: none;\n	margin-left: 1px;\n	font-size: 0.85em;\n}\n.page-menu ul#primary-nav li a:hover,\n.page-menu ul#primary-nav li a:active {\n	color: #000;\n}\n.page-menu ul#primary-nav li a.menuactive,\n.page-menu ul#primary-nav li a:hover span {\n	color: #000;\n}\n.page-menu ul#primary-nav li a span {\n	padding-top: 6px;\n	padding-right: 0;\n	padding-bottom: 5px;\n}\n.page-menu ul#primary-nav li a.menuparenth,\n.page-menu ul#primary-nav li a.menuactive,\n.page-menu ul#primary-nav li a:hover,\n.page-menu ul#primary-nav li a:focus,\n.page-menu ul#primary-nav li a:active {\n	background-position: 100% -120px;\n}\n.page-menu ul#primary-nav li a {\n	background-position: 100% -80px;\n}\n.page-menu ul#primary-nav li a.menuactive span,\n.page-menu ul#primary-nav li a:hover span,\n.page-menu ul#primary-nav li a:focus span,\n.page-menu ul#primary-nav li a:active span {\n	background-position: 0 -40px;\n}\n.page-menu ul#primary-nav li a span {\n	background-position: 0 0;\n}\n.page-menu ul#primary-nav .sectionheader,\n.page-menu ul#primary-nav li a:link.menuactive,\n.page-menu ul#primary-nav li a:visited.menuactive {\n/* @ Opera, use pseudo classes otherwise it confuses cursor... */\n	cursor: text;\n}\n.page-menu ul#primary-nav li span,\n.page-menu ul#primary-nav li a,\n.page-menu ul#primary-nav li a:hover,\n.page-menu ul#primary-nav li a:focus,\n.page-menu ul#primary-nav li a:active {\n/* @ Opera, we need to be explicit again here now... */\n	cursor: pointer;\n}\n/* Additional IE specific bug fixes... */\n* html .page-menu ul#primary-nav {\n	display: inline-block;\n}\n*:first-child+html .page-menu ul#primary-nav {\n	display: inline-block;\n}\n/* --------------------  menu dropdow  -------------------------\n/* Unless you know what you do, do not touch this */\n/* Reset all ROOT menu styles. */\nul#primary-nav ul.unli li li a span,\nul#primary-nav ul.unli li a span,\nul#primary-nav .menuparent .unli .menuparent .unli li a span {\n	font-weight: normal;\n	background-image: none;\n	display: block;\n	padding-top: 0px;\n	padding-left: 0px;\n	padding-right: 0px;\n	padding-bottom: 0px;\n}\n#primary-nav {\n	margin: 0px;\n	padding: 0px;\n}\n#primary-nav ul {\n	list-style: none;\n	margin: -6px 0px 0px;\n	padding: 0px;\n/* Set the width of the menu elements at second level. Leaving first level flexible. */\n	width: 209px;\n}\n#primary-nav ul {\n	position: absolute;\n	z-index: 1001;\n	top: auto;\n	display: none;\n	padding-top: 9px;\n	background: url([[root_url]]/uploads/NCleanBlue/ultop.png) no-repeat left top;\n}\n* html #primary-nav ul.unli {\n	padding-top: 12px;\n	background: url([[root_url]]/uploads/NCleanBlue/ultop.gif) no-repeat left top;\n}\n#primary-nav ul.unli ul {\n	margin-left: -7px;\n	left: 100%;\n	top: 3px;\n}\n* html #primary-nav ul.unli ul {\n	margin-left: -0px;\n}\n#primary-nav li {\n	margin: 0px;\n	float: left;\n}\n#primary-nav li li {\n	margin-left: 7px;\n	margin-top: -1px;\n	float: none;\n	position: relative;\n}\n/* Styling the basic appearance of the menu elements */\nul#primary-nav ul hr.menu_separator{\n        position: relative;\n        visibility: visible;\n        display:block;\n        width:130px;\n       	height: 1px;\n       	margin: 2px 30px 2px;\n	padding: 0em;\n	border-bottom: 1px solid #ccc;\n	border-top-width: 0px;\n	border-right-width: 0px;\n	border-left-width: 0px;\n	border-top-style: none;\n	border-right-style: none;\n	border-left-style: none;\n}\n#primary-nav .separator,\n#primary-nav .separatorh {\n	height: 9px;\n	width: 209px;\n	margin: 0px 0px -8px;\n	background: url([[root_url]]/uploads/NCleanBlue/ulbtm.png) no-repeat left bottom;\n}\n* html #primary-nav .separator {\n       z-index:-1;\n	background: url([[root_url]]/uploads/NCleanBlue/ulbtm.gif) no-repeat left bottom;\n}\n*:first-child+html #primary-nav .separator {\n       z-index:-1;\n}\n#primary-nav ul.unli li a {\n	padding: 0px 10px;\n	width: 165px;\n	margin: 5px;\n	background-image: none;\n}\n* html #primary-nav ul.unli li a {\n	padding: 0px 10px 0px 5px;\n	width: 165px;\n	margin: 5px 0px;\n}\n#primary-nav li li a:hover {\n	background-color: #DBE7F2;\n}\n/* Styling the basic appearance of the active page elements (shows what page in the menu is being displayed) */\n#primary-nav li.menuactive li a {\n	text-decoration: none;\n	background: none;\n}\n#primary-nav ul.unli li.menuparenth,\n#primary-nav ul.unli a:hover,\n#primary-nav ul.unli a.menuactive {\n	background-color: #DBE7F2;\n}\n/* Styling the basic apperance of the menuparents - here styled the same on hover (fixes IE bug) */\n#primary-nav ul.unli li .menuparent,\n#primary-nav ul.unli li .menuparent:hover,\n#primary-nav ul.unli li .menuparent,\n#primary-nav .menuactive.menuparent .unli .menuactive.menuparent .menuactive.menuparent {\n	background-image: url([[root_url]]/uploads/NCleanBlue/arrow.gif);\n	background-position: center right;\n	background-repeat: no-repeat;\n}\n/* The magic - set to work for up to a 3 level menu, but can be increased unlimited */\n#primary-nav ul,\n#primary-nav li:hover ul,\n#primary-nav li:hover ul ul,\n#primary-nav li:hover ul ul ul,\n#primary-nav li.menuparenth ul,\n#primary-nav li.menuparenth ul ul,\n#primary-nav li.menuparenth ul ul ul {\n	display: none;\n}\n#primary-nav li:hover ul,\n#primary-nav ul li:hover ul,\n#primary-nav ul ul li:hover ul,\n#primary-nav ul ul ul li:hover ul,\n#primary-nav li.menuparenth ul,\n#primary-nav ul li.menuparenth ul,\n#primary-nav ul ul li.menuparenth ul,\n#primary-nav ul ul ul li.menuparenth ul {\n	display: block;\n}\n/* IE Hacks */\n#primary-nav li li {\n	float: left;\n	clear: both;\n}\n#primary-nav li li a {\n	height: 1%;\n}\n/*************** End Menu *****************/\n/* ------------ News Module ------------ */\n#news {\n	padding: 10px;\n}\n.NewsSummary {\n}\n.NewsSummaryPostdate,\n.NewsSummaryCategory,\n.NewsSummaryAuthor {\n	font-style: italic;\n	font-size: 0.8em;\n}\n.NewsSummaryLink {\n	margin: 2px 0;\n}\n.NewsSummaryContent {\n	margin: 10px 0;\n}\n.NewsSummaryMorelink {\n	margin: 5px 0 15px;\n}\n/* ------------ End News Module ------------ */', 'Main layout rules used in NCleanBlue Design', 'screen', NULL, 1747324495, 1747324495);
INSERT INTO `cms_layout_stylesheets` (`id`, `name`, `content`, `description`, `media_type`, `media_query`, `created`, `modified`) VALUES
(17, 'Simplex Core', '[[strip]]\r\n\r\n[[* /*! normalize.css v2.1.3 | MIT License | git.io/normalize */ *]]\r\n\r\n[[* /* ==========================================================================\r\n HTML5 display definitions\r\n ========================================================================== */ *]]\r\n\r\n[[* /**\r\n * Correct `block` display not defined in IE 8/9.\r\n */ *]]\r\n\r\narticle, aside, details, figcaption, figure, footer, header, hgroup, main, nav, section, summary {\r\n	display: block;\r\n}\r\n\r\n[[* /**\r\n * Correct `inline-block` display not defined in IE 8/9.\r\n */ *]]\r\n\r\naudio, canvas, video {\r\n	display: inline-block;\r\n}\r\n\r\n[[* /**\r\n * Prevent modern browsers from displaying `audio` without controls.\r\n * Remove excess height in iOS 5 devices.\r\n */ *]]\r\n\r\naudio:not([controls]) {\r\n	display: none;\r\n	height: 0;\r\n}\r\n\r\n[[* /**\r\n * Address `[hidden]` styling not present in IE 8/9.\r\n * Hide the `template` element in IE, Safari, and Firefox < 22.\r\n */ *]]\r\n\r\n[hidden], template {\r\n	display: none;\r\n}\r\n\r\n[[* /* ==========================================================================\r\n Base\r\n ========================================================================== */ *]]\r\n\r\n[[* /**\r\n * 1. Set default font family to sans-serif.\r\n * 2. Prevent iOS text size adjust after orientation change, without disabling\r\n *    user zoom.\r\n */ *]]\r\n\r\nhtml {\r\n	font-family: sans-serif; [[* /* 1 */ *]]\r\n	-ms-text-size-adjust: 100%; [[* /* 2 */ *]]\r\n	-webkit-text-size-adjust: 100%; [[* /* 2 */ *]]\r\n}\r\n\r\n[[* /**\r\n * Remove default margin.\r\n */ *]]\r\n\r\nbody {\r\n	margin: 0;\r\n}\r\n\r\n[[* /* ==========================================================================\r\n Links\r\n ========================================================================== */ *]]\r\n\r\n[[* /**\r\n * Remove the gray background color from active links in IE 10.\r\n */ *]]\r\n\r\na {\r\n	background: transparent;\r\n}\r\n\r\n[[* /**\r\n * Address `outline` inconsistency between Chrome and other browsers.\r\n */ *]]\r\n\r\na:focus {\r\n	outline: thin dotted;\r\n}\r\n\r\n[[* /**\r\n * Improve readability when focused and also mouse hovered in all browsers.\r\n */ *]]\r\n\r\na:active, a:hover {\r\n	outline: 0;\r\n}\r\n\r\n[[* /* ==========================================================================\r\n Typography\r\n ========================================================================== */ *]]\r\n\r\n[[* /**\r\n * Address variable `h1` font-size and margin within `section` and `article`\r\n * contexts in Firefox 4+, Safari 5, and Chrome.\r\n */ *]]\r\n\r\nh1 {\r\n	font-size: 2em;\r\n	margin: 0.67em 0;\r\n}\r\n\r\n[[* /**\r\n * Address styling not present in IE 8/9, Safari 5, and Chrome.\r\n */ *]]\r\n\r\nabbr[title] {\r\n	border-bottom: 1px dotted;\r\n}\r\n\r\n[[* /**\r\n * Address style set to `bolder` in Firefox 4+, Safari 5, and Chrome.\r\n */ *]]\r\n\r\nb, strong {\r\n	font-weight: bold;\r\n}\r\n\r\n[[* /**\r\n * Address styling not present in Safari 5 and Chrome.\r\n */ *]]\r\n\r\ndfn {\r\n	font-style: italic;\r\n}\r\n\r\n[[* /**\r\n * Address differences between Firefox and other browsers.\r\n */ *]]\r\n\r\nhr {\r\n	-moz-box-sizing: content-box;\r\n	box-sizing: content-box;\r\n	height: 0;\r\n}\r\n\r\n[[* /**\r\n * Address styling not present in IE 8/9.\r\n */ *]]\r\n\r\nmark {\r\n	background: #ff0;\r\n	color: #000;\r\n}\r\n\r\n[[* /**\r\n * Correct font family set oddly in Safari 5 and Chrome.\r\n */ *]]\r\n\r\ncode, kbd, pre, samp {\r\n	font-family: monospace, serif;\r\n	font-size: 1em;\r\n}\r\n\r\n[[* /**\r\n * Improve readability of pre-formatted text in all browsers.\r\n */ *]]\r\n\r\npre {\r\n	white-space: pre-wrap;\r\n}\r\n\r\n[[* /**\r\n * Set consistent quote types.\r\n */ *]]\r\n\r\nq {\r\n	quotes: \"\\201C\" \"\\201D\" \"\\2018\" \"\\2019\";\r\n}\r\n\r\n[[* /**\r\n * Address inconsistent and variable font size in all browsers.\r\n */ *]]\r\n\r\nsmall {\r\n	font-size: 80%;\r\n}\r\n\r\n[[* /**\r\n * Prevent `sub` and `sup` affecting `line-height` in all browsers.\r\n */ *]]\r\n\r\nsub, sup {\r\n	font-size: 75%;\r\n	line-height: 0;\r\n	position: relative;\r\n	vertical-align: baseline;\r\n}\r\n\r\nsup {\r\n	top: -0.5em;\r\n}\r\n\r\nsub {\r\n	bottom: -0.25em;\r\n}\r\n\r\n[[* /* ==========================================================================\r\n Embedded content\r\n ========================================================================== */ *]]\r\n\r\n[[* /**\r\n * Remove border when inside `a` element in IE 8/9.\r\n */ *]]\r\n\r\nimg {\r\n	border: 0;\r\n}\r\n\r\n[[* /**\r\n * Correct overflow displayed oddly in IE 9.\r\n */ *]]\r\n\r\nsvg:not(:root) {\r\n	overflow: hidden;\r\n}\r\n\r\n[[* /* ==========================================================================\r\n Figures\r\n ========================================================================== */ *]]\r\n\r\n[[* /**\r\n * Address margin not present in IE 8/9 and Safari 5.\r\n */ *]]\r\n\r\nfigure {\r\n	margin: 0;\r\n}\r\n\r\n[[* /* ==========================================================================\r\n Forms\r\n ========================================================================== */ *]]\r\n\r\n[[* /**\r\n * Define consistent border, margin, and padding.\r\n */ *]]\r\n\r\nfieldset {\r\n	border: 1px solid #c0c0c0;\r\n	margin: 0 2px;\r\n	padding: 0.35em 0.625em 0.75em;\r\n}\r\n\r\n[[* /**\r\n * 1. Correct `color` not being inherited in IE 8/9.\r\n * 2. Remove padding so people aren\'\'t caught out if they zero out fieldsets.\r\n */ *]]\r\n\r\nlegend {\r\n	border: 0; [[* /* 1 */ *]]\r\n	padding: 0; [[* /* 2 */ *]]\r\n}\r\n\r\n[[* /**\r\n * 1. Correct font family not being inherited in all browsers.\r\n * 2. Correct font size not being inherited in all browsers.\r\n * 3. Address margins set differently in Firefox 4+, Safari 5, and Chrome.\r\n */ *]]\r\n\r\nbutton, input, select, textarea {\r\n	font-family: inherit; [[* /* 1 */ *]]\r\n	font-size: 100%; [[* /* 2 */ *]]\r\n	margin: 0; [[* /* 3 */ *]]\r\n}\r\n\r\n[[* /**\r\n * Address Firefox 4+ setting `line-height` on `input` using `!important` in\r\n * the UA stylesheet.\r\n */ *]]\r\n\r\nbutton, input {\r\n	line-height: normal;\r\n}\r\n\r\n[[* /**\r\n * Address inconsistent `text-transform` inheritance for `button` and `select`.\r\n * All other form control elements do not inherit `text-transform` values.\r\n * Correct `button` style inheritance in Chrome, Safari 5+, and IE 8+.\r\n * Correct `select` style inheritance in Firefox 4+ and Opera.\r\n */ *]]\r\n\r\nbutton, select {\r\n	text-transform: none;\r\n}\r\n\r\n[[* /**\r\n * 1. Avoid the WebKit bug in Android 4.0.* where (2) destroys native `audio`\r\n *    and `video` controls.\r\n * 2. Correct inability to style clickable `input` types in iOS.\r\n * 3. Improve usability and consistency of cursor style between image-type\r\n *    `input` and others.\r\n */ *]]\r\n\r\nbutton, html input[type=\"button\"], [[* /* 1 */ *]]\r\ninput[type=\"reset\"], input[type=\"submit\"] {\r\n	-webkit-appearance: button; [[* /* 2 */ *]]\r\n	cursor: pointer; [[* /* 3 */ *]]\r\n}\r\n\r\n[[* /**\r\n * Re-set default cursor for disabled elements.\r\n */ *]]\r\n\r\nbutton[disabled], html input[disabled] {\r\n	cursor: default;\r\n}\r\n\r\n[[* /**\r\n * 1. Address box sizing set to `content-box` in IE 8/9/10.\r\n * 2. Remove excess padding in IE 8/9/10.\r\n */ *]]\r\n\r\ninput[type=\"checkbox\"], input[type=\"radio\"] {\r\n	box-sizing: border-box; [[* /* 1 */ *]]\r\n	padding: 0; [[* /* 2 */ *]]\r\n}\r\n\r\n[[* /**\r\n * 1. Address `appearance` set to `searchfield` in Safari 5 and Chrome.\r\n * 2. Address `box-sizing` set to `border-box` in Safari 5 and Chrome\r\n *    (include `-moz` to future-proof).\r\n */ *]]\r\n\r\ninput[type=\"search\"] {\r\n	-webkit-appearance: textfield; [[* /* 1 */ *]]\r\n	-moz-box-sizing: content-box;\r\n	-webkit-box-sizing: content-box; [[* /* 2 */ *]]\r\n	box-sizing: content-box;\r\n}\r\n\r\n[[* /**\r\n * Remove inner padding and search cancel button in Safari 5 and Chrome\r\n * on OS X.\r\n */ *]]\r\n\r\ninput[type=\"search\"]::-webkit-search-cancel-button, input[type=\"search\"]::-webkit-search-decoration {\r\n	-webkit-appearance: none;\r\n}\r\n\r\n[[* /**\r\n * Remove inner padding and border in Firefox 4+.\r\n */ *]]\r\n\r\nbutton::-moz-focus-inner, input::-moz-focus-inner {\r\n	border: 0;\r\n	padding: 0;\r\n}\r\n\r\n[[* /**\r\n * 1. Remove default vertical scrollbar in IE 8/9.\r\n * 2. Improve readability and alignment in all browsers.\r\n */ *]]\r\n\r\ntextarea {\r\n	overflow: auto; [[* /* 1 */ *]]\r\n	vertical-align: top; [[* /* 2 */ *]]\r\n}\r\n\r\n[[* /* ==========================================================================\r\n Tables\r\n ========================================================================== */ *]]\r\n\r\n[[* /**\r\n * Remove most spacing between table cells.\r\n */ *]]\r\n\r\ntable {\r\n	border-collapse: collapse;\r\n	border-spacing: 0;\r\n}\r\n\r\n[[* /*! HTML5 Boilerplate v4.3.0 | MIT License | http://h5bp.com/ */ *]]\r\n\r\n[[* /*\r\n * What follows is the result of much research on cross-browser styling.\r\n * Credit left inline and big thanks to Nicolas Gallagher, Jonathan Neal,\r\n * Kroc Camen, and the H5BP dev community and team.\r\n */ *]]\r\n\r\n[[* /* ==========================================================================\r\n Base styles: opinionated defaults\r\n ========================================================================== */ *]]\r\n\r\nhtml {\r\n	color: #222;\r\n	font-size: 1em;\r\n	line-height: 1.4;\r\n}\r\n\r\n[[* /*\r\n * A better looking default horizontal rule\r\n */ *]]\r\n\r\nhr {\r\n	display: block;\r\n	height: 1px;\r\n	border: 0;\r\n	border-top: 1px solid #ccc;\r\n	margin: 1em 0;\r\n	padding: 0;\r\n}\r\n\r\n[[* /*\r\n * Remove the gap between images, videos, audio and canvas and the bottom of\r\n * their containers: h5bp.com/i/440\r\n */ *]]\r\n\r\naudio, canvas, img, svg, video {\r\n	vertical-align: middle;\r\n}\r\n\r\n[[* /*\r\n * Remove default fieldset styles.\r\n */ *]]\r\n\r\nfieldset {\r\n	border: 0;\r\n	margin: 0;\r\n	padding: 0;\r\n}\r\n\r\n[[* /*\r\n * Allow only vertical resizing of textareas.\r\n */ *]]\r\n\r\ntextarea {\r\n	resize: vertical;\r\n}\r\n\r\n[[* /* ==========================================================================\r\n Helper classes\r\n ========================================================================== */ *]]\r\n\r\n[[* /*\r\n * Hide from both screenreaders and browsers: h5bp.com/u\r\n */ *]]\r\n\r\n.hidden {\r\n	display: none !important;\r\n	visibility: hidden;\r\n}\r\n\r\n[[* /*\r\n * Hide only visually, but have it available for screenreaders: h5bp.com/v\r\n */ *]]\r\n\r\n.visuallyhidden {\r\n	border: 0;\r\n	clip: rect(0 0 0 0);\r\n	height: 1px;\r\n	margin: -1px;\r\n	overflow: hidden;\r\n	padding: 0;\r\n	position: absolute;\r\n	width: 1px;\r\n}\r\n\r\n[[* /*\r\n * Extends the .visuallyhidden class to allow the element to be focusable\r\n * when navigated to via the keyboard: h5bp.com/p\r\n */ *]]\r\n\r\n.visuallyhidden.focusable:active, .visuallyhidden.focusable:focus {\r\n	clip: auto;\r\n	height: auto;\r\n	margin: 0;\r\n	overflow: visible;\r\n	position: static;\r\n	width: auto;\r\n}\r\n\r\n[[* /*\r\n * Hide visually and from screenreaders, but maintain layout\r\n */ *]]\r\n\r\n.invisible {\r\n	visibility: hidden;\r\n}\r\n\r\n[[* /*\r\n * Clearfix: contain floats\r\n *\r\n * For modern browsers\r\n * 1. The space content is one way to avoid an Opera bug when the\r\n *    `contenteditable` attribute is included anywhere else in the document.\r\n *    Otherwise it causes space to appear at the top and bottom of elements\r\n *    that receive the `clearfix` class.\r\n * 2. The use of `table` rather than `block` is only necessary if using\r\n *    `:before` to contain the top-margins of child elements.\r\n */ *]]\r\n\r\n.cf:before, .cf:after {\r\n	content: \" \"; [[* /* 1 */ *]]\r\n	display: table; [[* /* 2 */ *]]\r\n}\r\n\r\n.cf:after {\r\n	clear: both;\r\n}\r\n\r\n[[* /* =====================================\r\n BASE STYLES\r\n ===================================== */ *]]\r\n\r\n[[* /*\r\n * 1. Remove default vertical scrollbar in IE6/7/8/9\r\n * 2. Allow only vertical resizing\r\n */ *]]\r\ntextarea {\r\n	overflow: auto;\r\n	vertical-align: top;\r\n	resize: vertical\r\n}\r\n\r\nul, ol {\r\n	margin: 1em 0;\r\n	padding: 0 0 0 40px\r\n}\r\n\r\ndd {\r\n	margin: 0 0 0 40px\r\n}\r\n\r\nnav ul, nav ol {\r\n	list-style: none;\r\n	list-style-image: none;\r\n	margin: 0;\r\n	padding: 0\r\n}\r\n\r\n[[* /* Redeclare monospace font family */ *]]\r\npre, code, kbd, samp {\r\n	font-family: monospace, serif;\r\n	_font-family: courier new, monospace;\r\n	font-size: 1em\r\n}\r\n\r\n[[* /* Improve readability of pre-formatted text in all browsers */ *]]\r\npre {\r\n	white-space: pre;\r\n	white-space: pre-wrap;\r\n	word-wrap: break-word\r\n}\r\n\r\nq {\r\n	quotes: none\r\n}\r\n\r\nq:before, q:after {\r\n	content: \"\";\r\n	content: none\r\n}\r\n\r\nsmall {\r\n	font-size: 85%\r\n}\r\n\r\n[[* /* correct text resizing */ *]]\r\nhtml {\r\n	font-size: 100%;\r\n	-webkit-text-size-adjust: 100%;\r\n	-ms-text-size-adjust: 100%\r\n}\r\n\r\nbody {\r\n	margin: 0;\r\n	font-size: 1em;\r\n	-webkit-font-smoothing: antialiased;\r\n}\r\n\r\n[[* /* =====================================\r\n 12 COLUMN GRID\r\n ===================================== */ *]]\r\n\r\n[[* /* ==========================================================================\r\n 12 Column Grid System based on the 1140px Grid V2\r\n by Andy Taylor http://cssgrid.net\r\n\r\n Extended by Goran Ilic http://www.ich-mach-das.at\r\n https://github.com/Stikki/Yetti/blob/master/static/css/yetti-grid.css\r\n ========================================================================== */ *]]\r\n\r\n.container {\r\n	padding-left: 10px;\r\n	padding-right: 10px;\r\n}\r\n\r\n.row {\r\n	width: 100%;\r\n	max-width: 1440px;\r\n	margin: 0 auto;\r\n	position: relative;\r\n}\r\n\r\n.row:before, .row:after, .form-row:before, .form-row:after {\r\n	content: \" \";\r\n	display: table;\r\n}\r\n\r\n.row:after, .form-row:after {\r\n	clear: both;\r\n}\r\n\r\n[[* /* ==========================================================================\r\n Base 12 Column Grid\r\n ========================================================================== */ *]]\r\n\r\n.full {\r\n	width: 100%;\r\n	display: block;\r\n}\r\n\r\n.half, .third, .two-third, .quarter, .three-quarter, .fifth, .two-fifth, .three-fifth, .four-fifth {\r\n	float: left;\r\n}\r\n\r\n.half {\r\n	width: 50%;\r\n}\r\n\r\n.third {\r\n	width: 33.33%;\r\n}\r\n\r\n.two-third {\r\n	width: 66.66%;\r\n}\r\n\r\n.quarter {\r\n	width: 25%;\r\n}\r\n\r\n.three-quarter {\r\n	width: 75%;\r\n}\r\n\r\n.fifth {\r\n	width: 20%;\r\n}\r\n\r\n.two-fifth {\r\n	width: 40%;\r\n}\r\n\r\n.three-fifth {\r\n	width: 60%;\r\n}\r\n\r\n.four-fifth {\r\n	width: 80%\r\n}\r\n\r\n[[* /* Animate position of columns */ *]]\r\n.row [class*=\"-col\"] {\r\n	-webkit-transition:all .4s ease;\r\n	-moz-transition:all .4s ease;\r\n	-o-transition:all .4s ease;\r\n	-ms-transition:all .4s ease;\r\n	transition:all .4s ease;\r\n}\r\n\r\n@media only screen and (min-width: 768px) {\r\n	\r\n	.container {\r\n		padding-left: 20px;\r\n		padding-right: 20px;\r\n	}\r\n\r\n	[[* /* ==========================================================================\r\n	 Base 12 Column Grid\r\n	 ========================================================================== */ *]]\r\n\r\n	.col, .one-col, .two-col, .three-col, .four-col, .five-col, .six-col, .seven-col, .eight-col, .nine-col, .ten-col, .eleven-col {\r\n		margin-left: 3.8%;\r\n		float: left;\r\n		min-height: 1px;\r\n		position: relative;\r\n	}\r\n	.row .one-col {\r\n		width: 4.85%;\r\n	}\r\n	.row .two-col {\r\n		width: 13.45%;\r\n	}\r\n	.row .three-col {\r\n		width: 22.05%;\r\n	}\r\n	.row .four-col {\r\n		width: 30.75%;\r\n	}\r\n	.row .five-col {\r\n		width: 39.45%;\r\n	}\r\n	.row .six-col {\r\n		width: 48.1%;\r\n	}\r\n	.row .seven-col {\r\n		width: 56.75%;\r\n	}\r\n	.row .eight-col {\r\n		width: 65.4%;\r\n	}\r\n	.row .nine-col {\r\n		width: 74.05%;\r\n	}\r\n	.row .ten-col {\r\n		width: 82.7%;\r\n	}\r\n	.row .eleven-col {\r\n		width: 91.35%;\r\n	}\r\n	.row .twelve-col {\r\n		width: 100%;\r\n		margin-left: 0;\r\n	}\r\n	.row [class*=\"-col\"]:first-child, .row [class*=\"-col\"].first {\r\n		margin-left: 0;\r\n	}\r\n\r\n	[[* /* ==========================================================================\r\n	 Offset Space\r\n	 ========================================================================== */ *]]\r\n\r\n	.row .offset-one {\r\n		margin-left: 8.65% !important;\r\n	}\r\n	.row .offset-two {\r\n		margin-left: 17.25% !important;\r\n	}\r\n	.row .offset-three {\r\n		margin-left: 25.85% !important;\r\n	}\r\n	.row .offset-four {\r\n		margin-left: 34.55% !important;\r\n	}\r\n	.row .offset-five {\r\n		margin-left: 43.25% !important;\r\n	}\r\n	.row .offset-six {\r\n		margin-left: 51.8% !important;\r\n	}\r\n	.row .offset-seven {\r\n		margin-left: 60.55% !important;\r\n	}\r\n	.row .offset-eight {\r\n		margin-left: 69.2% !important;\r\n	}\r\n	.row .offset-nine {\r\n		margin-left: 77.85% !important;\r\n	}\r\n	.row .offset-ten {\r\n		margin-left: 86.5% !important;\r\n	}\r\n	.row .offset-eleven {\r\n		margin-left: 95.15% !important;\r\n	}\r\n\r\n	[[* /* ==========================================================================\r\n	 Push & Pull Space\r\n	 ========================================================================== */ *]]\r\n\r\n	.row .push-one, .row .push-two, .row .push-three, .row .push-four, .row .push-five, .row .push-six, .row .push-seven, .row .push-eight,\r\n	.row .push-nine, .row .push-ten, .row .push-eleven, .row .pull-one, .row .pull-two, .row .pull-three, .row .pull-four, .row .pull-five,\r\n	.row .pull-six, .row .pull-seven, .row .pull-eight, .row .pull-nine, .row .pull-ten, .row .pull-eleven {\r\n		position: relative;\r\n		margin-left: 0;\r\n	}\r\n\r\n	.row .push-one {\r\n		left: 8.65%;\r\n	}\r\n	.row .push-two {\r\n		left: 17.25%;\r\n	}\r\n	.row .push-three {\r\n		left: 25.85%;\r\n	}\r\n	.row .push-four {\r\n		left: 34.55%;\r\n	}\r\n	.row .push-five {\r\n		left: 43.25%;\r\n	}\r\n	.row .push-six {\r\n		left: 51.8%;\r\n	}\r\n	.row .push-seven {\r\n		left: 60.55%;\r\n	}\r\n	.row .push-eight {\r\n		left: 69.2%;\r\n	}\r\n	.row .push-nine {\r\n		left: 77.85%;\r\n	}\r\n	.row .push-ten {\r\n		left: 86.5%;\r\n	}\r\n	.row .push-eleven {\r\n		left: 95.15%;\r\n	}\r\n\r\n	.row .pull-one {\r\n		right: 4.85%;\r\n	}\r\n	.row .pull-two {\r\n		right: 13.45%;\r\n	}\r\n	.row .pull-three {\r\n		right: 22.05%;\r\n	}\r\n	.row .pull-four {\r\n		right: 30.75%;\r\n	}\r\n	.row .pull-five {\r\n		right: 39.45%;\r\n	}\r\n	.row .pull-six {\r\n		right: 48%;\r\n	}\r\n	.row .pull-seven {\r\n		right: 56.75%;\r\n	}\r\n	.row .pull-eight {\r\n		right: 65.4%;\r\n	}\r\n	.row .pull-nine {\r\n		right: 74.05%;\r\n	}\r\n	.row .pull-ten {\r\n		right: 82.7%;\r\n	}\r\n	.row .pull-eleven {\r\n		right: 91.35%;\r\n	}\r\n\r\n}\r\n\r\n[[/strip]]', 'Simplex Theme core Stylesheet, containing 12 column grid system and HTML5 resets (normalize.css)', 'screen', NULL, 1747324495, 1747324495);
INSERT INTO `cms_layout_stylesheets` (`id`, `name`, `content`, `description`, `media_type`, `media_query`, `created`, `modified`) VALUES
(18, 'Simplex Layout', '[[strip]]\r\n\r\n[[* APPEARANCE *]]\r\n[[* \r\n	/**\r\n	 * @copyright CMS Made Simple 2014\r\n	 * @author Goran Ilic (uniqu3e@gmail.com)\r\n	 * @version 1.1 (CMSMS 2.0 Package)\r\n	 * \r\n	 * Simplex Theme comes with 2 predefined Style variations, one is a \"boxed\" style as seen in\r\n	 * default installation which is controle with \"boxed\" ID that is set in Simplex Theme <body> tag.\r\n	 * If you remove this ID, a grey background on page body will be removed and layout will no longer \r\n	 * be wrapped inside a \"box\" but appear in a single background color which is by default white.\r\n	 * \r\n	 * Besides there are also predefined class names and styles that you can use on <body> tag to\r\n	 * change alignment of complete layout/page.\r\n	 * If you rightaligned class to body (example: <body class=\'rightaligned and other classes\'>) \r\n	 * then whole page layout will be positioned to right window side instead of centered position\r\n	 * and with class leftaligned the page layout will be positioned to left.\r\n	 * \r\n	 * Maximum width of page layout is preset to 1440px in Simplex Core stylesheet, you can change this \r\n	 * by adding a new rule in this stylesheet with a class .row (Example: .row { max-width: 1080px; }).\r\n	 * If you prefer a full width layout simply add fullwidth class to body tag of Simplex Template.  \r\n	 * This class will reset max-width limitation and force the page layout to full window width with\r\n	 * spacing on left and right of 30px.\r\n	 * \r\n	 * Browser Support: \r\n	 * Simplex Theme was tested in common modern Browser and IE8 (with gracefull fallback).\r\n	 * \r\n	 * Grid usage:\r\n	 * Simplex is using a custom Yetti Framework 12 column grid (https://github.com/Stikki/Yetti/tree/master)\r\n	 * based on Andy Taylors (http://cssgrid.net) 1140px Grid.\r\n	 * \r\n	 * Using the grid system is fairly simple. Make sure that grid columns\r\n	 * are wrapped inside a element with .row class.\r\n	 * When grid columns are inside a row element, floats are auto cleared,\r\n	 * therefore you do not need anything like some empty clear element ie. <div class=\"clear\"></div>\r\n	 * Grid columns have a spacing (margin-left) of 3.8% of the layout, whereby first column after\r\n	 * .row opening element will have no spacing (margin-left).\r\n	 * Grid columns are only applied to Browser and Screen size which are greater then 768px;\r\n	 * \r\n	 * Example (three column row):\r\n	 * \r\n	 * <!-- container has a preset padding to left and right with 20px -->\r\n	 * <div class=\"container\">\r\n	 *     <!-- clears floating row of columns, sets maximum width of 1440px -->\r\n	 *     <div class=\"row some-class-to-apply-styles\">\r\n	 *         <!-- \r\n	 *             four-col explanation: a simple math, grid is built out of 12 columns, so we say we want\r\n	 *             a grid column in size of four columns width therefore the name four- and to fill \r\n	 *             our .row it is three times four-col column makes twelve columns (3 x 4 = 12)\r\n	 *         -->\r\n	 *         <div class=\"four-col my-class\">\r\n	 *             Some content\r\n	 *         </div>\r\n	 *         <div class=\"four-col my-class\">\r\n	 *             Some content\r\n	 *         </div>\r\n	 *         <div class=\"four-col my-class\">\r\n	 *             Some content\r\n	 *         </div>\r\n	 *     </div>\r\n	 *     <div class=\"row\">\r\n	 *         <div class=\"six-col\">\r\n	 *             Half width content\r\n	 *         </div>\r\n	 *         <div class=\"six-col\">\r\n	 *             Half width content\r\n	 *         </div>\r\n	 *     </div>\r\n	 * </div>\r\n	 * \r\n	 */ \r\n*]]\r\n\r\n[[* /* assign the images path to a variable */ *]]\r\n[[capture assign=\'path\']][[uploads_url]]/simplex/images[[/capture]]\r\n[[capture assign=\'font\']][[uploads_url]]/simplex/fonts[[/capture]]\r\n\r\n[[* /* --- COLORS --- */ *]]\r\n\r\n[[assign var=\'light_grey\' value=\'#f1f1f1\']]\r\n[[assign var=\'grey\' value=\'#e9e9e9\']]\r\n[[assign var=\'dark_grey\' value=\'#555\' scope=global]]\r\n[[assign var=\'white\' value=\'#fff\']]\r\n[[assign var=\'orange\' value=\'#f39c2c\' scope=global]]\r\n[[assign var=\'dark_orange\' value=\'#e6870e\']]\r\n[[assign var=\'yellow\' value=\'#fdbd34\']]\r\n\r\n[[* /* =====================================\r\n ICON FONT\r\n ===================================== */ *]]\r\n[[* /* Will fail on Windows Phone 7, sorry developer life sucks */ *]]\r\n@font-face {\r\n	font-family: \'simplex\';\r\n	src: url(\'[[$font]]/simplex.eot\');\r\n	src: url(\'[[$font]]/simplex.eot?#iefix\') format(\'embedded-opentype\'),\r\n		url(\'[[$font]]/simplex.woff\') format(\'woff\'), \r\n		url(\'[[$font]]/simplex.ttf\') format(\'truetype\'),\r\n		url(\'[[$font]]/simplex.svg#simplex\') format(\'svg\');\r\n	font-weight: normal;\r\n	font-style: normal;\r\n}\r\n\r\n[class^=\"icon-\"], [class*=\" icon-\"] {\r\n	font-family: \'simplex\';\r\n	speak: none;\r\n	font-style: normal;\r\n	font-weight: normal;\r\n	font-variant: normal;\r\n	text-transform: none;\r\n	line-height: 1;\r\n	-webkit-font-smoothing: antialiased;\r\n	-moz-osx-font-smoothing: grayscale;\r\n}\r\n\r\n.icon-arrow-up:before {\r\n	content: \"\\e600\";\r\n}\r\n\r\n.icon-arrow-left:before {\r\n	content: \"\\e601\";\r\n}\r\n\r\n.icon-search:before {\r\n	content: \"\\e603\";\r\n}\r\n\r\n.icon-printer:before {\r\n	content: \"\\e604\";\r\n}\r\n\r\n.icon-linkedin:before {\r\n	content: \"\\e605\";\r\n}\r\n\r\n.icon-pinterest:before {\r\n	content: \"\\e606\";\r\n}\r\n\r\n.icon-youtube:before {\r\n	content: \"\\e607\";\r\n}\r\n\r\n.icon-facebook:before {\r\n	content: \"\\e608\";\r\n}\r\n\r\n.icon-google:before {\r\n	content: \"\\e609\";\r\n}\r\n\r\n.icon-twitter:before {\r\n	content: \"\\e60a\";\r\n}\r\n\r\n.icon-link:before {\r\n	content: \"\\e602\";\r\n}\r\n\r\n[[* /* =====================================\r\n GENERAL STYLES\r\n ===================================== */ *]]\r\nbody {\r\n	background: [[$white]];\r\n	font-family: \'Noto Sans\', sans-serif;\r\n	font-size: 1em; [[* /* base browser font size: 16px, now do math \"XX / 16 = ??\" where XX is desired font size */ *]] \r\n	color: [[$dark_grey]];\r\n	line-height: 1.5;\r\n}\r\n\r\n[[* /* add this class to <body> to align the layout to left instead of centered */ *]]\r\n.leftaligned {\r\n	margin-left: 0;\r\n}\r\n\r\n[[* /* add this class to <body> to align the layout to right instead of centered */ *]]\r\n.rightaligned {\r\n	margin-right: 0;\r\n}\r\n\r\n[[* /* you can change appearance of the page by adding or removing #boxed id to <body> tag. \r\n * By removing #boxed ID, page will no longer be wrapped in a wrapper \r\n */ *]]\r\nbody#boxed {\r\n	background: #f2f2f2 url([[$path]]/body-background.png) repeat;\r\n}\r\n\r\n[[* /* add this class to <body> to make this layout full window width */ *]]\r\nbody.fullwidth .row {\r\n	max-width: none;\r\n}\r\n\r\na img {\r\n	border: none;\r\n}\r\n\r\n[[* /* you can use these classes to align images to left or right */ *]]\r\n.right {\r\n	float: right;\r\n}\r\n\r\n.left {\r\n	float: left;\r\n}\r\n\r\n[[* /* if image needs some space add this class to img tag\r\n * so at the end a left floating image would be <img src=\'some.jpg\' class=\'left spacing\' alt=\'foo\' />\r\n */ *]]\r\n.spacing {\r\n	margin: 15px;\r\n}\r\n\r\n.spacing.left {\r\n	margin-right: 0;\r\n}\r\n\r\n.spacing.right {\r\n	margin-left: 0;\r\n}\r\n\r\n[[* /* or add a 2 px border to image or something, change as you need it */ *]]\r\n.border {\r\n	border: 2px solid [[$grey]];\r\n}\r\n\r\n[[* /* some styling for code chunks */ *]]\r\npre, code, kbd, samp {\r\n	font-family: Consolas, \'Andale Mono WT\', \'Andale Mono\', \'Lucida Console\', \'Lucida Sans Typewriter\', monospace;\r\n	color: [[$dark_grey]];\r\n}\r\n\r\npre code {\r\n	line-height: 1.4;\r\n	font-size: .8125em;\r\n}\r\n\r\npre {\r\n	padding: 10px;\r\n	margin: 10px 0;\r\n	overflow: auto;\r\n	width: 93%;\r\n	background: [[$light_grey]];\r\n	border-radius: 6px;\r\n	-webkit-border-radius: 6px;\r\n	-moz-border-radius: 6px;\r\n	-o-border-radius: 6px;\r\n}\r\n\r\n[[* /* target IE7 and IE6 */ *]]\r\n*:first-child+ html pre {\r\n	padding-bottom: 20px;\r\n	overflow-y: hidden;\r\n	overflow: visible;\r\n	overflow-x: auto;\r\n}\r\n\r\n* html pre {\r\n	padding-bottom: 20px;\r\n	overflow: visible;\r\n	overflow-x: auto;\r\n}\r\n\r\n[[* /* horizontal ruler */ *]]\r\nhr {\r\n	border: solid [[$grey]];\r\n	border-width: 1px 0 0 0;\r\n	clear: both;\r\n	margin: 10px 0 30px 0;\r\n	height: 0;\r\n}\r\n\r\n[[* /* =====================================\r\n COMMON TYPOGRAPHY\r\n ===================================== */ *]]\r\n\r\n[[* /* link default styles */ *]]\r\na {\r\n	color: [[$orange]];\r\n}\r\n\r\na.external {\r\n	text-decoration: none;\r\n}\r\n\r\na:visited {\r\n	color: [[$dark_orange]];\r\n}\r\n\r\na:hover {\r\n	color: [[$dark_grey]];\r\n	transition: transform .3s ease-out;\r\n	-webkit-transition: color .3s ease-out;\r\n	-moz-transition: color .3s ease-out;\r\n	-o-transition: color .3s ease-out;\r\n	text-decoration: underline;\r\n}\r\n\r\na:focus {\r\n	outline: thin dotted;\r\n}\r\n\r\na:hover, a:active {\r\n	outline: 0;\r\n}\r\n\r\n[[* /* add icon to links with class external */ *]]\r\na.external:after {\r\n	content: \"\\e602\";\r\n	padding-left: 4px;\r\n	font-family: \'simplex\';\r\n	text-decoration: none;\r\n}\r\n\r\n[[* /* default heading styles */ *]]\r\nh1, h2 {\r\n	font-family: \'Oswald\', Impact, Haettenschweiler, \'Arial Narrow Bold\', sans-serif;\r\n	font-weight: 700;\r\n}\r\n\r\nh3, h4, h5, h6 {\r\n	font-weight: 400;\r\n}\r\n\r\nh1 {\r\n	color: [[$orange]];\r\n	margin: 10px 0;\r\n	font-size: 2em; [[* /* 32px */ *]]\r\n	text-transform: uppercase;\r\n}\r\n\r\nh2 {\r\n	color: [[$dark_grey]];\r\n	font-size: 1.75em; [[* /* 28px */ *]]\r\n}\r\n\r\nh3 {\r\n	color: [[$dark_grey]];\r\n	font-size: 1.5em; [[* /* 24px */ *]]\r\n}\r\n\r\nh4 {\r\n	color: [[$orange]];\r\n	font-size: 1.375em; [[* /* 22px */ *]]\r\n}\r\n\r\nh5 {\r\n	font-size: 1.25em [[* /* 20px */ *]]\r\n}\r\n\r\nh6 {\r\n	font-size: 1.125em; [[* /* 18px */ *]]\r\n}\r\n\r\n[[* /* blockquotes and cites */ *]]\r\nblockquote, blockquote p {\r\n	font-size: 1.0625em;\r\n	line-height: 1.5;\r\n	color: [[$dark_grey]];\r\n	font-style: italic;\r\n	font-family: Georgia, Times New Roman, serif;\r\n}\r\n\r\nblockquote {\r\n	margin: 0 0 20px 0;\r\n	padding: 9px 10px 10px 19px;\r\n	border-left: 5px solid [[$light_grey]];\r\n}\r\n\r\nblockquote cite {\r\n	display: block;\r\n	font-size: .941176em;\r\n	color: [[$dark_grey]];\r\n}\r\n\r\nblockquote cite:before {\r\n	content: \"\\2014 \\0020\";\r\n}\r\n\r\nblockquote cite a, blockquote cite a:visited, blockquote cite a:visited {\r\n	font-family: Georgia, Times New Roman, serif;\r\n}\r\n\r\n[[* /* =====================================\r\n LAYOUT\r\n ===================================== */ *]]\r\n[[* /* wrapping the page in a box */ *]]\r\n.page-wrapper {\r\n	border-top: 5px solid [[$orange]];\r\n	margin-bottom: 15px;\r\n}\r\n\r\n[[* /* you can switch appearance of the page by adding or removing id #boxed to body tag */ *]]\r\n#boxed #wrapper {\r\n	margin-top: 15px;\r\n	border-top: 5px solid [[$orange]];\r\n	background: [[$white]];\r\n	box-shadow: 0 0 15px 0 #c6c6c6;\r\n}\r\n\r\n#boxed.page-wrapper {\r\n	border-top: none;\r\n}\r\n\r\n[[* /* add some spacing to page wrapper */ *]]\r\n.inner-section {\r\n	padding-left: 20px;\r\n	padding-right: 20px;\r\n}\r\n\r\n[[* /* ------ HEADER SECTION ------ */ *]]\r\n\r\n[[* /* the logo */ *]]\r\n.logo {\r\n	margin-top: 20px;\r\n	text-align: center;\r\n}\r\n\r\n.logo a {\r\n	display: block;\r\n}\r\n\r\n.top .header {\r\n	border-bottom: 1px solid [[$light_grey]];\r\n}\r\n\r\n[[* /* catchphrase */ *]]\r\n.phrase span {\r\n	font-family: \'Oswald\', Impact, Haettenschweiler, \'Arial Narrow Bold\', sans-serif;\r\n	text-transform: uppercase;\r\n	color: #ddd;\r\n	font-weight: 700;\r\n	font-size: 1.5em; [[* /* 24px */ *]]\r\n}\r\n\r\n[[* /* search */ *]]\r\n.search {\r\n	text-align: right;\r\n}\r\n\r\n[[* /* webkit browser add icons to input of type search, we dont want it here now */ *]]\r\ninput.search-input::-webkit-search-decoration, input.search-input::-webkit-search-results-button, \r\ninput.search-input::-webkit-search-results-decoration {\r\n	-webkit-appearance: none;\r\n}\r\n\r\n.search .icon-search {\r\n	margin-left: -25px;\r\n	display: inline-block;\r\n	height: 24px;\r\n	line-height: 24px;\r\n	text-align: center;\r\n	width: 24px;\r\n	position: relative;\r\n	z-index: 10;\r\n	color: #ddd;\r\n	top: 3px;\r\n}\r\n\r\n.search ::-webkit-input-placeholder,\r\n.search ::-moz-placeholder,\r\n.search input[placeholder] { \r\n	line-height: normal;\r\n}\r\n\r\n[[* /* styling the search input field */ *]]\r\ninput.search-input {\r\n	border: 1px solid [[$light_grey]];\r\n	line-height: normal;\r\n	outline: 0;\r\n	padding: 6px 0 6px .5%;\r\n	font-size: .6875em; [[* /* 11px */ *]]\r\n	color: [[$dark_grey]];\r\n	transition: all .35s ease-in-out;\r\n	-webkit-transition: all .35s ease-in-out;\r\n	-moz-transition: all .35s ease-in-out;\r\n	-o-transition: all .35s ease-in-out;\r\n	max-width: 99.5%;\r\n}\r\n\r\ninput.search-input:focus {\r\n	border: 1px solid [[$orange]];\r\n	box-shadow: 0 0 3px [[$orange]];\r\n	-webkit-box-shadow: 0 0 3px [[$orange]];\r\n	-moz-box-shadow: 0 0 3px [[$orange]];\r\n	-o-box-shadow: 0 0 3px [[$orange]];\r\n}\r\n\r\n[[* /* ------ NAVIGATION ------ */ *]]\r\n#main-menu {\r\n	margin-top: 25px;\r\n}\r\n\r\n[[* /* --- FIRST LEVEL --- */ *]]\r\n#main-menu > li {\r\n	display: block;\r\n	border-bottom: 1px dotted [[$light_grey]];\r\n	position: relative;\r\n}\r\n\r\n#main-menu > li:last-child {\r\n	border-bottom: none;\r\n}\r\n\r\n#main-menu > li > a,\r\n#main-menu > li.sectionheader > span {\r\n	font-family: \'Oswald\', Impact, Haettenschweiler, \'Arial Narrow Bold\', sans-serif;\r\n	text-transform: uppercase;\r\n	color: [[$dark_grey]];\r\n	text-decoration: none;\r\n	font-size: 1.0625em; [[* /* 17px */ *]]\r\n	font-weight: 700;\r\n	cursor: pointer;\r\n	padding: 8px 0;\r\n	display: block;\r\n	position: relative;\r\n}\r\n\r\n#main-menu > li.current > a,\r\n#main-menu > li.current.sectionheader > span,\r\n#main-menu > li:hover > a,\r\n#main-menu > li.sectionheader:hover > span {\r\n	color: [[$dark_orange]];\r\n}\r\n\r\n[[* /* --- SECOND LEVEL --- */ *]]\r\n#main-menu > li > ul,\r\n#main-menu > li > ul > li > ul [[* /* third level */ *]] {\r\n	position: absolute;\r\n	left: -999em;\r\n}\r\n\r\n#main-menu > li:hover > ul,\r\n#main-menu > li.active > ul,\r\n#main-menu > li > ul > li:hover > ul, [[* /* third level */ *]]\r\n#main-menu > li > ul > li.active > ul {\r\n	position: relative;\r\n	left: 0;\r\n}\r\n\r\n#main-menu > li > ul > li > a,\r\n#main-menu > li > ul > li.sectionheader > span,\r\n#main-menu > li > ul > li > ul > li > a, [[* /* third level */ *]]\r\n#main-menu > li > ul > li > ul > li.sectionheader > span {\r\n	text-decoration: none;\r\n	color: [[$dark_grey]];\r\n	text-transform: uppercase;\r\n	display: block;\r\n	padding: 4px 0;\r\n}\r\n\r\n#main-menu > li > ul > li:hover > a,\r\n#main-menu > li > ul > li.sectionheader:hover > span,\r\n#main-menu > li > ul > li > ul > li:hover > a,\r\n#main-menu > li > ul > li > ul > li.sectionheader:hover > span {\r\n	color: #999;\r\n}\r\n\r\n[[* /* --- THIRD LEVEL --- */ *]]\r\n#main-menu > li > ul > li > ul > li > a,\r\n#main-menu > li > ul > li > ul > li.sectionheader > span {\r\n	padding-left: 15px;\r\n	font-size: .875em;\r\n	text-transform: none;\r\n}\r\n\r\n[[* /* --- PARENT INDICATOR --- */ *]]\r\n#main-menu > li > a i,\r\n#main-menu > li > ul > li > a i,\r\n#main-menu > li.sectionheader > span i,\r\n#main-menu > li > ul > li.sectionheader > span i {\r\n	float: right;\r\n	position: relative;\r\n	padding-top: 6px;\r\n	-webkit-transform: rotate(0deg);\r\n	-moz-transform: rotate(0deg);\r\n	-ms-transform: rotate(0deg);\r\n	-o-transform: rotate(0deg);\r\n	transform: rotate(0deg);\r\n	-webkit-transition: -webkit-transform 250ms ease-out 0s;\r\n	-moz-transition: -moz-transform 250ms ease-out 0s;\r\n	-o-transition: -o-transform 250ms ease-out 0s;\r\n	transition: transform 250ms ease-out 0s;\r\n}\r\n\r\n#main-menu > li:hover > a i,\r\n#main-menu > li.active > a i,\r\n#main-menu > li > ul > li:hover > a i,\r\n#main-menu > li > ul > li.active > a i,\r\n#main-menu > li.sectionheader:hover > span i,\r\n#main-menu > li.active.sectionheader > span i,\r\n#main-menu > li > ul > li.sectionheader:hover > span i,\r\n#main-menu > li > ul > li.active.sectionheader > span i {\r\n	-webkit-transform: rotate(-90deg);\r\n	-moz-transform: rotate(-90deg);\r\n	-ms-transform: rotate(-90deg);\r\n	-o-transform: rotate(-90deg);\r\n	transform: rotate(-90deg);\r\n}\r\n\r\n[[* /* ------ CONTENT AREA ------ */ *]]\r\n.content-wrapper {\r\n	padding-top: 20px;\r\n}\r\n\r\n.content-top {\r\n	font-family: Georgia, Times New Roman, serif;\r\n	color: [[$dark_grey]];\r\n	font-style: italic;\r\n	line-height: 20px;\r\n	position: relative;\r\n}\r\n\r\n.content-top .title-border {\r\n	content: \'\';\r\n	height: 1px;\r\n	display: block;\r\n	width: 100%;\r\n	border-bottom: 1px dotted #ddd;\r\n	position: absolute;\r\n	top: 50%;\r\n}\r\n\r\n[[* /* breadcrumbs */ *]]\r\n.breadcrumb {\r\n	display: inline-block;\r\n	background: [[$white]];\r\n	width: auto;\r\n	padding-right: 6px;\r\n	z-index: 1;\r\n	position: relative;\r\n}\r\n\r\n.breadcrumb a {\r\n	color: [[$dark_grey]];\r\n	display: inline-block;\r\n	width: auto;\r\n	background: [[$white]];\r\n}\r\n\r\n[[* /* print button */ *]]\r\na.printbutton {\r\n	display: none;\r\n}\r\n\r\n\r\n[[* /* news module summary -> content */ *]]\r\n.content .news-summary span.heading {\r\n	display: none;\r\n}\r\n\r\n.content .news-article {\r\n	margin-bottom: 15px;\r\n	padding-bottom: 15px;\r\n	border-bottom: 1px dotted [[$grey]];\r\n}\r\n\r\n.content .news-summary ul.category-list {\r\n	margin: 15px 0;\r\n}\r\n\r\n.content .news-summary ul.category-list li a, .news-summary ul.category-list li span {\r\n	border-radius: 4px;\r\n}\r\n\r\n.news-summary ul.category-list li span {\r\n	opacity: .4;\r\n}\r\n\r\n[[* /* news module summary -> sitewide (content + sidebar) */ *]]\r\n[[* /* article heading */ *]]\r\n.news-article h2 {\r\n	margin: 0 0 15px 0;\r\n}\r\n\r\n.news-article h2 a {\r\n	font-family: \'Oswald\', Impact, Haettenschweiler, \'Arial Narrow Bold\', sans-serif;\r\n	text-transform: uppercase;\r\n	color: [[$dark_grey]];\r\n	font-size: 16px;\r\n	text-decoration: none;\r\n	font-weight: 700;\r\n}\r\n\r\n[[* /* date circle, well square for IE  */ *]]\r\n.news-article .date {\r\n	background: [[$orange]];\r\n	color: [[$white]];\r\n	display: block;\r\n	float: left;\r\n	width: 40px;\r\n	padding: 6px;\r\n	height: 40px;\r\n	border-radius: 26px;\r\n	text-align: center;\r\n	font-family: Georgia, Times New Roman, serif;\r\n}\r\n\r\n.news-article .day {\r\n	font-size: 20px;\r\n	line-height: 1;\r\n	padding-bottom: 2px;\r\n	font-style: italic;\r\n	display: block;\r\n}\r\n\r\n.news-article.month {\r\n	font-size: 11px;\r\n	display: block\r\n}\r\n\r\n[[* /* author and category */ *]]\r\n.news-article .author, .news-article .category {\r\n	font-family: Georgia, Times New Roman, serif;\r\n	display: block;\r\n	padding-left: 60px;\r\n	font-size: 11px;\r\n	font-style: italic;\r\n}\r\n\r\n[[* /* category list on top of summary */ *]]\r\n.news-summary ul.category-list {\r\n	margin: 15px 0 -1px 0;\r\n	padding: 0;\r\n	list-style: none;\r\n}\r\n\r\n.news-summary ul.category-list li {\r\n	float: left;\r\n	display: block;\r\n	width: auto;\r\n	margin-right: 5px;\r\n}\r\n\r\n.news-summary ul.category-list li a, .news-summary ul.category-list li span {\r\n	display: block;\r\n	color: [[$dark_grey]];\r\n	padding: 4px 8px;\r\n	background: [[$light_grey]];\r\n	border-radius: 4px 4px 0 0;\r\n	text-decoration: none;\r\n	font-size: 11px;\r\n	text-transform: uppercase;\r\n}\r\n\r\n.news-summary ul.category-list li a:hover {\r\n	color: [[$orange]];\r\n}\r\n\r\n.news-summary .paginate {\r\n	font: italic 11px/1.2 Georgia, Times New Roman, serif;\r\n}\r\n\r\n.news-summary .paginate a {\r\n	padding: 0 3px;\r\n}\r\n\r\n.news-meta {\r\n	background: [[$light_grey]];\r\n	padding: 10px;\r\n	margin: 10px 0;\r\n}\r\n\r\n[[* /* more link */ *]]\r\n.more, .more a,\r\n[[* /* back link */ *]]\r\n.back, .back a,\r\n[[* /* previous, next links */ *]]\r\n.previous a, .next a, .previous, .next {\r\n	font: italic 12px/1.3 Georgia, Times New Roman, serif;\r\n	color: [[$dark_grey]];\r\n	text-decoration: none;\r\n}\r\n\r\n[[* /* hover behavior of more, next, previous links */ *]]\r\n.more a:hover, .back a:hover, .previous a:hover, .next a:hover {\r\n	text-decoration: underline;\r\n}\r\n\r\n.previous, .next {\r\n	padding: 6px 0;\r\n}\r\n\r\n[[* /* align next link to right */ *]]\r\n.previous {\r\n	float: left;\r\n}\r\n\r\n.next {\r\n	float: right;\r\n}\r\n\r\n[[* /* ------ SIDEBAR AREA ------ */ *]]\r\n\r\n[[* /* news module summary -> sidebar */ *]]\r\n.sidebar .news-summary span.heading {\r\n	position: relative;\r\n	color: [[$dark_grey]];\r\n	font: normal 1em/1.25 Georgia, Times New Roman, serif;\r\n	margin: 0 0 15px 0;\r\n	display: block;\r\n}\r\n\r\n.sidebar .news-summary span.heading:after {\r\n	content: \'\';\r\n	height: 1px;\r\n	display: block;\r\n	width: 100%;\r\n	border-bottom: 1px dotted #ddd;\r\n	position: absolute;\r\n	top: 50%;\r\n}\r\n\r\n.sidebar .news-summary .heading span {\r\n	display: inline-block;\r\n	width: auto;\r\n	background: [[$white]];\r\n	padding-right: 6px;\r\n	position: relative;\r\n	z-index: 10;\r\n}\r\n\r\n.sidebar .news-article {\r\n	padding: 15px;\r\n	position: relative;\r\n	background: [[$light_grey]];\r\n	margin-bottom: 20px;\r\n	border-radius: 0 0 6px 0;\r\n	font-size: .8125em; [[* /* 13px */ *]]\r\n}\r\n\r\n[[* /* creating a bubble box with css3 */ *]]\r\n.sidebar .news-article:before {\r\n	content: \'\';\r\n	position: absolute;\r\n	bottom: -15px;\r\n	right: 25px;\r\n	width: 10px;\r\n	height: 35px;\r\n	-webkit-transform: rotate(55deg) skewY(55deg);\r\n	-moz-transform: rotate(55deg) skewY(55deg);\r\n	-o-transform: rotate(55deg) skewY(55deg);\r\n	-ms-transform: rotate(55deg) skewY(55deg);\r\n	transform: rotate(55deg) skewY(55deg);\r\n	background: [[$light_grey]];\r\n}\r\n\r\n.lt-ie9 .sidebar .news-article:before {\r\n	display: none;\r\n}\r\n\r\n[[* /* ------ FOOTER AREA ------ */ *]]\r\n[[* /* footer wrapper */ *]]\r\n.footer {\r\n	position: relative;\r\n	border-top: 8px solid [[$light_grey]];\r\n	margin: 25px 0 10px 0;\r\n	padding-top: 20px;\r\n	padding-bottom: 20px;\r\n}\r\n\r\n.footer:before {\r\n	content: \' \';\r\n	border-top: 2px dotted [[$white]];\r\n	border-bottom: 2px dotted [[$white]];\r\n	height: 4px;\r\n	display: block;\r\n	position: absolute;\r\n	width: 100%;\r\n	top: -8px;\r\n	left: 0;\r\n}\r\n\r\n[[* /* copyright text */ *]]\r\n.copyright {\r\n	padding-top: 15px;\r\n}\r\n\r\n.copyright-info {\r\n	color: [[$dark_grey]];\r\n	font-size: .6875em; [[* /* 11px */ *]]\r\n}\r\n\r\n[[* /* social icons */ *]]\r\n.footer ul.social {\r\n	padding: 0;\r\n	margin: 0;\r\n	list-style: none;\r\n	text-align: center;\r\n}\r\n\r\n.footer .social li {\r\n	display: inline;\r\n	margin: 0;\r\n	padding: 0;\r\n	margin-right: 6px;\r\n}\r\n\r\n.footer .social li a {\r\n	display: inline-block;\r\n	text-decoration: none;\r\n	font-size: 2.625em;\r\n	line-height: 1;\r\n	color: [[$dark_grey]];\r\n}\r\n\r\n.footer .social li a:hover {\r\n	color: [[$orange]];\r\n}\r\n\r\n.footer .social li a i {\r\n	display: inline-block;\r\n}\r\n\r\n[[* /* back to top anchor */ *]]\r\n.back-top a {\r\n	display: inline-block;\r\n	width: 16px;\r\n	height: 16px;\r\n	line-height: 16px;\r\n	padding: 8px;\r\n	border: 5px solid [[$white]];\r\n	text-decoration: none;\r\n	color: [[$dark_grey]];\r\n	background-color: [[$light_grey]];\r\n	border-radius: 500px;\r\n	-webkit-border-radius: 500px;\r\n	-moz-border-radius: 500px;\r\n	-o-border-radius: 500px;\r\n	position: absolute;\r\n	top: -24px;\r\n	left: 50%;\r\n	margin-left: -12px;\r\n	-webkit-transition: all 200ms ease-in-out;\r\n	-moz-transition: all 200ms ease-in-out;\r\n	-ms-transition: all 200ms ease-in-out;\r\n	-o-transition: all 200ms ease-in-out;\r\n	transition: all 200ms ease-in-out;\r\n}\r\n\r\n.back-top a:hover {\r\n	background-color: [[$orange]];\r\n	color: [[$white]];\r\n	-webkit-transform: scale(1.1);\r\n	-moz-transform: scale(1.1);\r\n	-ms-transform: scale(1.1);\r\n	-o-transform: scale(1.1);\r\n	transform: scale(1.1);\r\n}\r\n\r\n[[* /* Footer navigation */ *]]\r\n.footer-navigation {\r\n	padding-top: 15px;\r\n	border-bottom: 1px solid [[$light_grey]];\r\n}\r\n\r\n#footer-menu li > a,\r\n#footer-menu li.sectionheader > span {\r\n	color: [[$dark_grey]];\r\n	display: block;\r\n	text-decoration: none;\r\n}\r\n\r\n#footer-menu li > a:hover,\r\n#footer-menu li > a.current,\r\n#footer-menu li.sectionheader > span:hover,\r\n#footer-menu li.sectionheader > span.current {\r\n	color: [[$orange]];\r\n} \r\n\r\n#footer-menu > li > a,\r\n#footer-menu > li.sectionheader > span {\r\n	font-family: \'Oswald\', Impact, Haettenschweiler, \'Arial Narrow Bold\', sans-serif;\r\n	text-transform: uppercase;\r\n	text-decoration: none;\r\n	display: block;\r\n}\r\n\r\n#footer-menu > li > ul > li > a,\r\n#footer-menu > li > ul > li.sectionheader > span {\r\n	font-size: .875em; [[* /* 14px */ *]]\r\n	padding: 2px 0;\r\n}\r\n\r\n#footer-menu > li > ul {\r\n	margin: 15px 0;\r\n}\r\n\r\n[[* /* =====================================\r\n SCREENS BIGGER THAN 768px\r\n ===================================== */ *]]\r\n\r\n@media screen and (min-width: 768px) {\r\n\r\n	.lt-768 {\r\n		display: none;\r\n	}\r\n\r\n	.logo {\r\n		margin-top: 12px;\r\n		position: relative;\r\n		text-align: left;\r\n	}\r\n\r\n	[[* /* having some fun with palm, rotating with css3, will not work in IE */ *]]\r\n	.logo .palm {\r\n		position: absolute;\r\n		top: 5px;\r\n		left: 45px;\r\n		background: url([[$path]]/palm-circle.png) no-repeat;\r\n		display: block;\r\n		width: 48px;\r\n		height: 48px;\r\n		transition: transform 0.6s ease-out;\r\n		-webkit-transition: -webkit-transform 0.6s ease-out;\r\n		-moz-transition: -moz-transform 0.6s ease-out;\r\n		-o-transition: -o-transform 0.6s ease-out;\r\n		-webkit-perspective: 1000;\r\n		-webkit-backface-visibility: hidden;\r\n	}\r\n\r\n	[[* /* css3 transform rotating palm on hover */ *]]\r\n	.logo a:hover .palm {\r\n		transform: rotate(360deg);\r\n		-webkit-transform: rotate(360deg);\r\n		-moz-transform: rotate(360deg);\r\n		-o-transform: rotate(360deg);\r\n	}\r\n\r\n	[[* /* ------ NAVIGATION ------ */ *]]\r\n\r\n	nav.main-navigation {\r\n		z-index: 990;\r\n		height: 55px;\r\n		line-height: 37px;\r\n		margin-top: 20px;\r\n	}\r\n\r\n	#main-menu {\r\n		float: right;\r\n		margin-top: 0;\r\n	}\r\n	\r\n	[[* /* --- FIRST LEVEL --- */ *]]\r\n	#main-menu > li {\r\n		display: inline-block;\r\n		padding: 0;\r\n		margin: 0 4px;\r\n		border: none;\r\n		position: relative;\r\n	}\r\n	\r\n	[[* /* PARENT INICATOR */ *]]\r\n	#main-menu > li i {\r\n		display: none;\r\n	}\r\n	\r\n	.touch-device #main-menu > li i {\r\n		display: inline-block;\r\n		float: none;\r\n	}\r\n	\r\n	.touch-device #main-menu > li li i {\r\n		float: left;\r\n		display: inline-block;\r\n		margin-right: 8px;\r\n		padding-top: 2px;\r\n		text-align: left;\r\n	}\r\n	\r\n	.touch-device #main-menu > li:first-child li i {\r\n		float: right;\r\n	}\r\n\r\n	#main-menu > li:first-child, #main-menu > li.first {\r\n		margin-left: 0;\r\n	}\r\n\r\n	#main-menu > li:last-child, #main-menu > li.last {\r\n		margin-right: 0;\r\n	}\r\n\r\n	#main-menu > li > a, \r\n	#main-menu > li.sectionheader span {\r\n		padding: 0 6px 0 10px;\r\n		line-height: 37px;\r\n		font-size: 1em;\r\n	}\r\n\r\n	#main-menu > li.parent:hover > a, \r\n	#main-menu > li.sectionheader.parent:hover > span,\r\n	#main-menu > li.parent.active > a, \r\n	#main-menu > li.parent.active > span {\r\n		color: [[$white]];\r\n		background-color: [[$dark_grey]];\r\n		background-color: rgba(85, 85, 85, .95);\r\n	}\r\n\r\n	[[* /* --- SECOND LEVEL --- */ *]]\r\n	#main-menu > li > ul,\r\n	#main-menu > li > ul > li > ul [[* /* third level */ *]] {\r\n		display: block;\r\n		width: 260px;\r\n	}\r\n\r\n	#main-menu > li:hover > ul,\r\n	#main-menu > li.active > ul,\r\n	#main-menu > li > ul > li:hover > ul,\r\n	#main-menu > li > ul > li.active > ul {\r\n		height: auto;\r\n		position: absolute;\r\n		z-index: 9999;\r\n		top: 37px;\r\n		right: 0;\r\n		left: auto;\r\n		display: block;\r\n		border-radius: 3px;\r\n	}\r\n	\r\n	#main-menu > li:first-child:hover > ul,\r\n	#main-menu > li:first-child.active > ul {\r\n		right: auto;\r\n		left: 0;\r\n	}\r\n	\r\n	#main-menu > li > ul > li {\r\n		position: relative;\r\n		line-height: 1;\r\n		margin: 0;\r\n		padding-left: 10px;\r\n	}\r\n	\r\n	#main-menu > li:first-child > ul > li {\r\n		padding-right: 10px;\r\n		padding-left: 0;\r\n	}\r\n	\r\n	#main-menu > li > ul > li > a,\r\n	#main-menu > li > ul > li.sectionheader > span,\r\n	#main-menu > li > ul > li > ul > li > a,\r\n	#main-menu > li > ul > li > ul > li.sectionheader > span {\r\n		color: [[$white]];\r\n		display: block;\r\n		text-transform: none;\r\n		line-height: 1.2;\r\n		border-bottom: 1px dotted #858585;\r\n		background-color: [[$dark_grey]];\r\n		background-color: rgba(90, 90, 90, .98);\r\n		padding: 8px 12px;\r\n		font-size: .875em; [[* /* 14px */ *]]\r\n		text-decoration: none;\r\n	}\r\n	\r\n	#main-menu > li > ul > li.current > a, \r\n	#main-menu > li > ul > li.current.sectionheader > span,\r\n	#main-menu > li > ul > li > ul > li.current > a, \r\n	#main-menu > li > ul > ul > li > li.current.sectionheader > span {\r\n		color: [[$orange]];\r\n	}\r\n\r\n	[[* /* THIRD LEVEL */ *]]\r\n	#main-menu > li > ul > li:hover > ul,\r\n	#main-menu > li > ul > li.active > ul {\r\n		width: 250px;\r\n		height: auto;\r\n		top: 0;\r\n		right: auto;\r\n		left: -250px;\r\n	}\r\n	\r\n	#main-menu > li:first-child > ul > li:hover > ul,\r\n	#main-menu > li:first-child > ul > li.active > ul {\r\n		left: auto;\r\n		right: -250px;\r\n	}\r\n	\r\n	.lt-ie9 #main-menu > li > ul > li:hover > ul,\r\n	.lt-ie9 #main-menu > li > ul > li.active > ul {\r\n		left: -247px;\r\n	}\r\n\r\n	#main-menu > li > ul > li:hover > ul:after,\r\n	#main-menu > li > ul > li.active > ul:after {\r\n		content: \' \';\r\n		width: 0px;\r\n		height: 0px;\r\n		border-style: solid;\r\n		border-width: 7px 0 7px 6px;\r\n		border-color: transparent transparent transparent [[$dark_grey]];\r\n		border-color: transparent transparent transparent rgba(85, 85, 85, .95);\r\n		position: absolute;\r\n		right: -6px;\r\n		top: 12px;\r\n	}\r\n	\r\n	.lt-ie9 #main-menu > li:first-child > ul > li:hover > ul,\r\n	.lt-ie9 #main-menu > li:first-child > ul > li.active > ul {\r\n		left: auto;\r\n		right: -247px;\r\n	}\r\n	\r\n	#main-menu > li:first-child > ul > li:hover > ul:after,\r\n	#main-menu > li:first-child > ul > li.active > ul:after {\r\n		left: -10px;\r\n		right: auto;\r\n	}\r\n\r\n	#main-menu li ul li a:hover, \r\n	#main-menu li ul li span.sectionheader:hover {\r\n		box-shadow: 0 0 5px rgba(85, 85, 85, .9);\r\n		z-index: 2;\r\n	}\r\n\r\n	#main-menu > ul > li:last-child > a,\r\n	#main-menu > ul > li.sectionheader:last-child > span,\r\n	#main-menu > ul > li > ul > li:last-child > a,\r\n	#main-menu > ul > li > ul > li.sectionheader:last-child > span {\r\n		border-bottom: none;\r\n	}\r\n\r\n	.header-bottom {\r\n		height: 55px;\r\n		line-height: 55px;\r\n		padding: 8px 0;\r\n	}\r\n	\r\n	.phrase-text {\r\n		text-align: left;\r\n	}\r\n\r\n	input.search-input {\r\n		height: 17px;\r\n		line-height: 17px;\r\n		width: 100%;\r\n		max-width: 320px;\r\n	}\r\n	\r\n	input.search-input:focus {\r\n		max-width: 90%;\r\n	}\r\n	\r\n	[[* /* print button */ *]]\r\n	a.printbutton {\r\n		display: block;\r\n		padding-left: 6px;\r\n		width: 16px;\r\n		height: 16px;\r\n		float: right;\r\n		text-decoration: none;\r\n		color: [[$dark_grey]];\r\n		background-color: [[$white]];\r\n		z-index: 1;\r\n		position: relative;\r\n	}\r\n	\r\n	a.printbutton i {\r\n		display: inline-block;\r\n		-webkit-transform: rotateY(0deg);\r\n		-moz-transform: rotateY(0deg);\r\n		-ms-transform: rotateY(0deg);\r\n		-o-transform: rotateY(0deg);\r\n		transform: rotateY(0deg);\r\n		-webkit-transition: -webkit-transform 250ms ease-out 0s;\r\n		-moz-transition: -moz-transform 250ms ease-out 0s;\r\n		-o-transition: -o-transform 250ms ease-out 0s;\r\n		transition: transform 250ms ease-out 0s;\r\n	}\r\n	\r\n	a.printbutton:hover {\r\n		color: [[$orange]];\r\n	}\r\n	\r\n	a.printbutton:hover i {\r\n		-webkit-transform: rotateY(360deg);\r\n		-moz-transform: rotateY(180deg);\r\n		-ms-transform: rotateY(360deg);\r\n		-o-transform: rotateY(360deg);\r\n		transform: rotateY(360deg);\r\n	}\r\n	\r\n	[[* /* --- FOOTER --- */ *]]\r\n	\r\n	.footer ul.social {\r\n		text-align: left;\r\n	}\r\n	\r\n	.footer .social li a i {\r\n		display: inline-block;\r\n		-webkit-transform: rotateY(0deg);\r\n		-moz-transform: rotateY(0deg);\r\n		-ms-transform: rotateY(0deg);\r\n		-o-transform: rotateY(0deg);\r\n		transform: rotateY(0deg);\r\n		-webkit-transition: -webkit-transform 250ms ease-out 0s;\r\n		-moz-transition: -moz-transform 250ms ease-out 0s;\r\n		-ms-transition: -moz-transform 250ms ease-out 0s;\r\n		-o-transition: -o-transform 250ms ease-out 0s;\r\n		transition: transform 250ms ease-out 0s;\r\n	}\r\n	\r\n	.footer .social li a:hover i {\r\n		-webkit-transform: rotateY(360deg);\r\n		-moz-transform: rotateY(180deg);\r\n		-ms-transform: rotateY(360deg);\r\n		-o-transform: rotateY(360deg);\r\n		transform: rotateY(360deg);\r\n	}\r\n	\r\n	[[* /* --- Footer Navigation --- */ *]]\r\n	\r\n	.footer-navigation {\r\n		border-bottom: none;\r\n	}\r\n	\r\n	#footer-menu > li {\r\n		float: left;\r\n		display: block;\r\n		position: relative;\r\n		margin-left: 3.8%;\r\n		width: 30.75%;\r\n	}\r\n	\r\n	#footer-menu > li:first-child {\r\n		margin-left: 0;\r\n	} \r\n}\r\n\r\n[[* /* ================================================\r\n WHEN LAYOUT BREAKS IT\'S TIME FOR NEW MEDIA QUERY\r\n ================================================== */ *]]\r\n@media only screen and (max-width: 780px) {\r\n\r\n	.search {\r\n		margin-top: 15px;\r\n	}\r\n	\r\n	input.search-input {\r\n		width: 100%;\r\n		max-width: 100%;\r\n		float: left;\r\n	}\r\n	\r\n	input.search-input:focus {\r\n		max-width: none;\r\n	}\r\n	\r\n	.header-bottom {\r\n		padding-top: 20px;\r\n		text-align: center;\r\n		line-height: inherit;\r\n		padding: 20px 0;\r\n	}\r\n\r\n	\r\n}\r\n\r\n@media only screen and (min-width: 940px) and (max-width: 1110px) {\r\n	\r\n	#main-menu > li {\r\n		margin: 0;\r\n	}\r\n	\r\n	#main-menu > li > a, \r\n	#main-menu > li.sectionheader span {\r\n		padding: 0 6px;\r\n	}\r\n}\r\n\r\n@media only screen and (min-width: 768px) and (max-width: 1050px) {\r\n	\r\n	.row nav.main-navigation {\r\n		height: auto;\r\n		float: none;\r\n		display: block;\r\n		margin-left: 0;\r\n		width: 100%;\r\n		clear: left;\r\n	}\r\n	\r\n	#main-menu {\r\n		margin-top: 15px;\r\n		margin-bottom: 15px;\r\n		border-bottom: 1px solid [[$light_grey]];\r\n		float: none;\r\n		display: block;\r\n		\r\n	}\r\n	\r\n	#main-menu > li {\r\n		margin: 0;\r\n		bottom: -1px;\r\n		text-align: center;\r\n		border-bottom: 1px solid [[$light_grey]];\r\n		border-right: 1px solid [[$light_grey]];\r\n		border-top: 1px solid [[$light_grey]];\r\n	}\r\n	\r\n	#main-menu > li.current {\r\n		border-bottom-color: [[$white]];\r\n		border-top-color: [[$orange]];\r\n	}\r\n	\r\n	#main-menu > li.current > a {\r\n		border-top: 1px solid [[$orange]];\r\n		line-height: 45px;\r\n	}\r\n	\r\n	#main-menu > li:first-child {\r\n		border-left: 1px solid [[$light_grey]];\r\n	}\r\n	\r\n	#main-menu > li > a,\r\n	#main-menu > li > span {\r\n		line-height: 46px;\r\n		padding-left: 12px;\r\n		padding-right: 6px;\r\n	}\r\n	\r\n	#main-menu > li:hover > ul,\r\n	#main-menu > li.active > ul {\r\n		top: 45px;\r\n	}\r\n\r\n	.header-bottom {\r\n		height: auto;\r\n	}\r\n	\r\n	.row .seven-col.phrase-text,\r\n	.row .five-col.search {\r\n		display: block;\r\n		float: none;\r\n		width: 100%;\r\n		margin-left: 0;\r\n		text-align: center;\r\n	}\r\n}\r\n\r\n[[* /* ================================================\r\n WINDOWS 8 SNAP VIEW (yeah yeah W3C blah blah)\r\n ================================================== */ *]]\r\n@-ms-viewport {\r\n	width: device-width;\r\n}\r\n\r\n@-o-viewport {\r\n	width: device-width;\r\n}\r\n\r\n@-moz-viewport {\r\n	width: device-width;\r\n}\r\n\r\n@-webkit-viewport {\r\n	width: device-width;\r\n}\r\n\r\n@viewport {\r\n	width: device-width;\r\n}\r\n[[/strip]]', 'Simplex Theme main layout Stylesheet', 'screen', NULL, 1747324495, 1747324495),
(19, 'Simplex Slideshow', '[[strip]]\r\n\r\n[[* /* ------ BANNER AREA ------ */  *]]\r\n.banner {\r\n	background: #fefefe; \r\n	background: url(data:image/svg+xml;base64,PD94bWwgdmVyc2lvbj0iMS4wIiA/Pgo8c3ZnIHhtbG5zPSJodHRwOi8vd3d3LnczLm9yZy8yMDAwL3N2ZyIgd2lkdGg9IjEwMCUiIGhlaWdodD0iMTAwJSIgdmlld0JveD0iMCAwIDEgMSIgcHJlc2VydmVBc3BlY3RSYXRpbz0ibm9uZSI+CiAgPGxpbmVhckdyYWRpZW50IGlkPSJncmFkLXVjZ2ctZ2VuZXJhdGVkIiBncmFkaWVudFVuaXRzPSJ1c2VyU3BhY2VPblVzZSIgeDE9IjAlIiB5MT0iMCUiIHgyPSIwJSIgeTI9IjEwMCUiPgogICAgPHN0b3Agb2Zmc2V0PSIwJSIgc3RvcC1jb2xvcj0iI2ZlZmVmZSIgc3RvcC1vcGFjaXR5PSIxIi8+CiAgICA8c3RvcCBvZmZzZXQ9IjQ3JSIgc3RvcC1jb2xvcj0iI2YxZjFmMSIgc3RvcC1vcGFjaXR5PSIxIi8+CiAgICA8c3RvcCBvZmZzZXQ9IjEwMCUiIHN0b3AtY29sb3I9IiNlOWU5ZTkiIHN0b3Atb3BhY2l0eT0iMSIvPgogIDwvbGluZWFyR3JhZGllbnQ+CiAgPHJlY3QgeD0iMCIgeT0iMCIgd2lkdGg9IjEiIGhlaWdodD0iMSIgZmlsbD0idXJsKCNncmFkLXVjZ2ctZ2VuZXJhdGVkKSIgLz4KPC9zdmc+);\r\n	background: -moz-linear-gradient(top,  #fefefe 0%, #f1f1f1 47%, #e9e9e9 100%);\r\n	background: -webkit-gradient(linear, left top, left bottom, color-stop(0%,#fefefe), color-stop(47%,#f1f1f1), color-stop(100%,#e9e9e9)); \r\n	background: -webkit-linear-gradient(top,  #fefefe 0%,#f1f1f1 47%,#e9e9e9 100%);\r\n	background: -o-linear-gradient(top,  #fefefe 0%,#f1f1f1 47%,#e9e9e9 100%); \r\n	background: -ms-linear-gradient(top,  #fefefe 0%,#f1f1f1 47%,#e9e9e9 100%);\r\n	background: linear-gradient(to bottom,  #fefefe 0%,#f1f1f1 47%,#e9e9e9 100%); \r\n}\r\n\r\n.lt-ie9 .banner {\r\n	filter: progid:DXImageTransform.Microsoft.gradient( startColorstr=\'#fefefe\', endColorstr=\'#e9e9e9\',GradientType=0 );\r\n}\r\n\r\n#sx-slides {\r\n	position: relative;\r\n	overflow: hidden;\r\n	width: 100%;\r\n	margin: 0 auto;\r\n	position: relative;\r\n	height: 380px;\r\n}\r\n\r\n#sx-slides > .sequence-canvas {\r\n	height: 100%;\r\n	width: 100%;\r\n	margin: 0;\r\n	padding: 0;\r\n	list-style: none;\r\n}\r\n\r\n#sx-slides > .sequence-canvas > li {\r\n	position: absolute;\r\n	width: 100%;\r\n	height: 100%;\r\n	z-index: 1;\r\n	top: -50%;\r\n}\r\n\r\n#sx-slides > .sequence-canvas > li img {\r\n	height: 96%;\r\n}\r\n\r\n#sx-slides > .sequence-canvas li > * {\r\n	position: absolute;\r\n	-webkit-transition-property: left, bottom, right, top, -webkit-transform, opacity;\r\n	-moz-transition-property: left, bottom, right, top, -moz-opacity;\r\n	-ms-transition-property: left, bottom, right, top, -ms-opacity;\r\n	-o-transition-property: left, bottom, right, top, -o-opacity;\r\n	transition-property: left, bottom, right, top, transform, opacity;\r\n}\r\n\r\n#sx-slides .title {\r\n	color: [[$orange]];\r\n	font-size: 2.25em;\r\n	line-height: 1.1;\r\n	font-weight: 700;\r\n	left: 65%;\r\n	opacity: 0;\r\n	bottom: 22%;\r\n	z-index: 50;\r\n	margin-top: 0;\r\n}\r\n\r\n#sx-slides .animate-in .title {\r\n	left: 12%;\r\n	opacity: 1;\r\n	-webkit-transition-duration: 0.8s;\r\n	-moz-transition-duration: 0.8s;\r\n	-ms-transition-duration: 0.8s;\r\n	-o-transition-duration: 0.8s;\r\n	transition-duration: 0.8s;\r\n}\r\n\r\n#sx-slides .animate-out .title {\r\n	left: 35%;\r\n	opacity: 0;\r\n	-webkit-transition-duration: 0.3s;\r\n	-moz-transition-duration: 0.3s;\r\n	-ms-transition-duration: 0.3s;\r\n	-o-transition-duration: 0.3s;\r\n	transition-duration: 0.3s;\r\n}\r\n\r\n#sx-slides .subtitle {\r\n	margin-top: 0;\r\n	z-index: 5;\r\n	color: [[$dark_grey]];\r\n	font-family: \'Oswald\', Impact, Haettenschweiler, \'Arial Narrow Bold\', sans-serif;\r\n	font-weight: 700;\r\n	font-size: 1.8125em;\r\n	left: 35%;\r\n	opacity: 0;\r\n	top: 72%;\r\n}\r\n\r\n#sx-slides .animate-in .subtitle {\r\n	left: 20%;\r\n	opacity: 1;\r\n	-webkit-transition-duration: 1.3s;\r\n	-moz-transition-duration: 1.3s;\r\n	-ms-transition-duration: 1.3s;\r\n	-o-transition-duration: 1.3s;\r\n	transition-duration: 1.3s;\r\n}\r\n\r\n#sx-slides .animate-out .subtitle {\r\n	left: 65%;\r\n	opacity: 0;\r\n	-webkit-transition-duration: 0.8s;\r\n	-moz-transition-duration: 0.8s;\r\n	-ms-transition-duration: 0.8s;\r\n	-o-transition-duration: 0.8s;\r\n	transition-duration: 0.8s;\r\n}\r\n\r\n\r\n#sx-slides .image {\r\n	left: -10px;\r\n	position: absolute;\r\n	bottom: 800px;\r\n	-webkit-transform: rotate(-90deg);\r\n	-moz-transform: rotate(-90deg);\r\n	-ms-transform: rotate(-90deg);\r\n	-o-transform: rotate(-90deg);\r\n	transform: rotate(-90deg);\r\n	opacity: 0;\r\n	max-width: 70%;\r\n	height: auto !important;\r\n	max-height: 275px !important;\r\n}\r\n\r\n#sx-slides .animate-in .image {\r\n	left: 14%;\r\n	bottom: -49%;\r\n	opacity: 1;\r\n	-webkit-transform: rotate(0deg);\r\n	-moz-transform: rotate(0deg);\r\n	-ms-transform: rotate(0deg);\r\n	-o-transform: rotate(0deg);\r\n	transform: rotate(0deg);\r\n	-webkit-transition-duration: 2s;\r\n	-moz-transition-duration: 2s;\r\n	-ms-transition-duration: 2s;\r\n	-o-transition-duration: 2s;\r\n	transition-duration: 2s;\r\n}\r\n\r\n#sx-slides .animate-out .image {\r\n	left: -10px;\r\n	bottom: -800px;\r\n	opacity: 0;\r\n	-webkit-transform: rotate(-90deg);\r\n	-moz-transform: rotate(-90deg);\r\n	-ms-transform: rotate(-90deg);\r\n	-o-transform: rotate(-90deg);\r\n	transform: rotate(-90deg);\r\n	-webkit-transition-duration: 1s;\r\n	-moz-transition-duration: 1s;\r\n	-ms-transition-duration: 1s;\r\n	-o-transition-duration: 1s;\r\n	transition-duration: 1s;\r\n}\r\n\r\n@media only screen and (min-width: 768px) {\r\n	\r\n	#sx-slides .title {\r\n		font-size: 3em;\r\n	}\r\n\r\n	#sx-slides .animate-in .title {\r\n		left: 3%;\r\n	}\r\n	\r\n	#sx-slides .subtitle {\r\n		font-size: 2.5em;\r\n	}\r\n	\r\n	#sx-slides .animate-in .subtitle {\r\n		left: 8%;\r\n	}\r\n\r\n	#sx-slides .image {\r\n		left: auto;\r\n		right: -10px;\r\n		position: absolute;\r\n		max-width: 70%;\r\n		height: auto !important;\r\n		max-height: 300px !important;\r\n	}\r\n	\r\n	#sx-slides .animate-in .image {\r\n		left: auto;\r\n		right: 5%;\r\n		bottom: -45%;\r\n	}\r\n	\r\n	#sx-slides .animate-out .image {\r\n		left: auto;\r\n		bottom: -800px;\r\n	}\r\n}\r\n\r\n@media only screen and (min-width: 1050px) {\r\n	\r\n	#sx-slides {\r\n		height: 440px;\r\n	}\r\n	\r\n	#sx-slides .title {\r\n		font-size: 3.25em;\r\n		bottom: 15%;\r\n	}\r\n\r\n	#sx-slides .animate-in .title {\r\n		left: 8%;\r\n	}\r\n	\r\n	#sx-slides .subtitle {\r\n		font-size: 2.875em;\r\n		top: 78%\r\n	}\r\n	\r\n	#sx-slides .animate-in .subtitle {\r\n		left: 12%;\r\n	}\r\n\r\n	#sx-slides .image {\r\n		max-width: 90%;\r\n		height: auto !important;\r\n		max-height: 400px !important;\r\n	}\r\n}\r\n\r\n[[/strip]]', 'Simplex Theme Stylesheet for header slideshow', 'screen', NULL, 1747324495, 1747324495),
(20, 'Simplex Print', '[[strip]]\r\n\r\n[[* /* reset body background and color, just in case */ *]]\r\nbody {\r\n    background: #fff;\r\n    color: #000;\r\n    font-family: Georgia, Times New Roman, serif;\r\n    font-size: 12pt\r\n}\r\n[[* /* any element with class noprint or listed below should not be printed */ *]]\r\n.noprint,\r\n.visuallyhidden {\r\n    display: none\r\n}\r\n[[* /* display image as block */ *]]\r\nimg {\r\n    display: block;\r\n    float: none\r\n}\r\n[[* /* links arent clickable on paper, lets display url */ *]]\r\na:link:after {\r\n    content: \" (\" attr(href) \") \";\r\n}\r\na {\r\n    text-decoration: underline\r\n}\r\n\r\n[[/strip]]', 'Default Print style rules attached to Simplex Design', 'print', NULL, 1747324495, 1747324495);
INSERT INTO `cms_layout_stylesheets` (`id`, `name`, `content`, `description`, `media_type`, `media_query`, `created`, `modified`) VALUES
(21, 'PSS_moj', '@import url(\"fontawesome-all.min.css\");\r\n@import url(\"https://fonts.googleapis.com/css?family=Roboto:100,300,100italic,300italic\");\r\n\r\n/*\r\n	Landed by HTML5 UP\r\n	html5up.net | @ajlkn\r\n	Free for personal and commercial use under the CCA 3.0 license (html5up.net/license)\r\n*/\r\n#header {\r\n  background: transparent;\r\n  padding: 1.5em 2em;\r\n  position: relative;\r\n  z-index: 1000;\r\n}\r\n\r\n.header-inner {\r\n  display: flex;\r\n  justify-content: space-between;\r\n  align-items: center;\r\n  max-width: 1200px;\r\n  margin: 0 auto;\r\n}\r\n\r\n#logo {\r\n  font-size: 1.5em;\r\n  font-weight: 700;\r\n}\r\n\r\n#logo a {\r\n  text-decoration: none;\r\n  color: #fff;\r\n  transition: color 0.3s;\r\n}\r\n\r\n#logo a:hover {\r\n  color: #e44c65;\r\n}\r\n\r\n#nav ul {\r\n  list-style: none;\r\n  margin: 0;\r\n  padding: 0;\r\n  display: flex;\r\n  gap: 1.5em;\r\n}\r\n\r\n#nav li a {\r\n  color: #ccc;\r\n  text-decoration: none;\r\n  font-weight: 500;\r\n  transition: color 0.3s;\r\n}\r\n\r\n#nav li a:hover {\r\n  color: #e44c65;\r\n}\r\n\r\n.pricing-grid {\r\n  display: grid;\r\n  grid-template-columns: repeat(auto-fit, minmax(250px, 1fr));\r\n  gap: 2em;\r\n  max-width: 1000px;\r\n  margin: 3em auto;\r\n  padding: 0 1em;\r\n}\r\n\r\n.price-box {\r\n  background-color: #1f1f24;\r\n  border: 1px solid #333;\r\n  border-radius: 12px;\r\n  padding: 2em 1.5em;\r\n  text-align: center;\r\n  transition: transform 0.3s ease, box-shadow 0.3s ease;\r\n}\r\n\r\n.price-box:hover {\r\n  transform: translateY(-5px);\r\n  box-shadow: 0 0 20px rgba(228, 76, 101, 0.4);\r\n}\r\n\r\n.price-box h3 {\r\n  margin-bottom: 0.5em;\r\n  font-size: 1.2em;\r\n  color: #fff;\r\n}\r\n\r\n.price-box .price {\r\n  font-size: 1.5em;\r\n  color: #e44c65;\r\n  font-weight: bold;\r\n}\r\n\r\n.row.aln-center {\r\n  display: flex;\r\n  flex-wrap: wrap;\r\n  justify-content: center;\r\n  align-items: stretch;\r\n}\r\n\r\n.row.aln-center > div {\r\n  display: flex;\r\n  flex-direction: column;\r\n}\r\n\r\n.row.aln-center .box {\r\n  flex: 1;\r\n  display: flex;\r\n  flex-direction: column;\r\n  justify-content: space-between;\r\n}\r\n\r\n.fa-box {\r\n  text-align: center;\r\n  padding: 2em;\r\n  border-radius: 1em;\r\n  transition: transform 0.3s ease, box-shadow 0.3s ease;\r\n  box-shadow: 0 0 10px #11111155;\r\n}\r\n\r\n.fa-box:hover {\r\n  transform: translateY(-5px);\r\n  box-shadow: 0 8px 25px rgba(255, 255, 255, 0.1);\r\n}\r\n\r\n.fa-box i {\r\n  font-size: 2.5em;\r\n  margin-bottom: 0.8em;\r\n  display: block;\r\n  color: #e44c65;\r\n}\r\n\r\n.fa-box.hygiene i {\r\n  color: #1abc9c;\r\n}\r\n.fa-box.treatment i {\r\n  color: #3498db;\r\n}\r\n.fa-box.tips i {\r\n  color: #f39c12;\r\n}\r\n\r\nhtml, body, div, span, applet, object,\r\niframe, h1, h2, h3, h4, h5, h6, p, blockquote,\r\npre, a, abbr, acronym, address, big, cite,\r\ncode, del, dfn, em, img, ins, kbd, q, s, samp,\r\nsmall, strike, strong, sub, sup, tt, var, b,\r\nu, i, center, dl, dt, dd, ol, ul, li, fieldset,\r\nform, label, legend, table, caption, tbody,\r\ntfoot, thead, tr, th, td, article, aside,\r\ncanvas, details, embed, figure, figcaption,\r\nfooter, header, hgroup, menu, nav, output, ruby,\r\nsection, summary, time, mark, audio, video {\r\n	margin: 0;\r\n	padding: 0;\r\n	border: 0;\r\n	font-size: 100%;\r\n	font: inherit;\r\n	vertical-align: baseline;}\r\n\r\narticle, aside, details, figcaption, figure,\r\nfooter, header, hgroup, menu, nav, section {\r\n	display: block;}\r\n\r\nbody {\r\n	line-height: 1;\r\n}\r\n\r\nol, ul {\r\n	list-style: none;\r\n}\r\n\r\nblockquote, q {\r\n	quotes: none;\r\n}\r\n\r\n	blockquote:before, blockquote:after, q:before, q:after {\r\n		content: \'\';\r\n		content: none;\r\n	}\r\n\r\ntable {\r\n	border-collapse: collapse;\r\n	border-spacing: 0;\r\n}\r\n\r\nbody {\r\n	-webkit-text-size-adjust: none;\r\n}\r\n\r\nmark {\r\n	background-color: transparent;\r\n	color: inherit;\r\n}\r\n\r\ninput::-moz-focus-inner {\r\n	border: 0;\r\n	padding: 0;\r\n}\r\n\r\ninput, select, textarea {\r\n	-moz-appearance: none;\r\n	-webkit-appearance: none;\r\n	-ms-appearance: none;\r\n	appearance: none;\r\n}\r\n\r\n/* Basic */\r\n\r\n	html {\r\n		box-sizing: border-box;\r\n	}\r\n\r\n	*, *:before, *:after {\r\n		box-sizing: inherit;\r\n	}\r\n\r\n	html, body {\r\n		background: #1c1d26;\r\n	}\r\n\r\n	body.is-preload *, body.is-preload *:before, body.is-preload *:after {\r\n		-moz-animation: none !important;\r\n		-webkit-animation: none !important;\r\n		-ms-animation: none !important;\r\n		animation: none !important;\r\n		-moz-transition: none !important;\r\n		-webkit-transition: none !important;\r\n		-ms-transition: none !important;\r\n		transition: none !important;\r\n	}\r\n\r\n	body, input, select, textarea {\r\n		color: rgba(255, 255, 255, 0.75);\r\n		font-family: \"Roboto\", Helvetica, sans-serif;\r\n		font-size: 15pt;\r\n		font-weight: 100;\r\n		line-height: 1.75em;\r\n	}\r\n\r\n	a {\r\n		-moz-transition: border-color 0.2s ease-in-out, color 0.2s ease-in-out;\r\n		-webkit-transition: border-color 0.2s ease-in-out, color 0.2s ease-in-out;\r\n		-ms-transition: border-color 0.2s ease-in-out, color 0.2s ease-in-out;\r\n		transition: border-color 0.2s ease-in-out, color 0.2s ease-in-out;\r\n		border-bottom: dotted 1px;\r\n		color: #e44c65;\r\n		text-decoration: none;\r\n	}\r\n\r\n		a:hover {\r\n			color: #e44c65 !important;\r\n			border-bottom-color: transparent;\r\n		}\r\n\r\n	strong, b {\r\n		color: #ffffff;\r\n		font-weight: 300;\r\n	}\r\n\r\n	em, i {\r\n		font-style: italic;\r\n	}\r\n\r\n	p {\r\n		margin: 0 0 2em 0;\r\n	}\r\n\r\n	h1, h2, h3, h4, h5, h6 {\r\n		color: #ffffff;\r\n		font-weight: 300;\r\n		line-height: 1em;\r\n		margin: 0 0 1em 0;\r\n	}\r\n\r\n		h1 a, h2 a, h3 a, h4 a, h5 a, h6 a {\r\n			color: inherit;\r\n			border: 0;\r\n		}\r\n\r\n	h2 {\r\n		font-size: 2em;\r\n		line-height: 1.5em;\r\n		letter-spacing: -0.025em;\r\n	}\r\n\r\n	h3 {\r\n		font-size: 1.35em;\r\n		line-height: 1.5em;\r\n	}\r\n\r\n	h4 {\r\n		font-size: 1.1em;\r\n		line-height: 1.5em;\r\n	}\r\n\r\n	h5 {\r\n		font-size: 0.9em;\r\n		line-height: 1.5em;\r\n	}\r\n\r\n	h6 {\r\n		font-size: 0.7em;\r\n		line-height: 1.5em;\r\n	}\r\n\r\n	sub {\r\n		font-size: 0.8em;\r\n		position: relative;\r\n		top: 0.5em;\r\n	}\r\n\r\n	sup {\r\n		font-size: 0.8em;\r\n		position: relative;\r\n		top: -0.5em;\r\n	}\r\n\r\n	hr {\r\n		border: 0;\r\n		border-bottom: solid 1px rgba(255, 255, 255, 0.3);\r\n		margin: 3em 0;\r\n	}\r\n\r\n		hr.major {\r\n			margin: 4em 0;\r\n		}\r\n\r\n	blockquote {\r\n		border-left: solid 4px rgba(255, 255, 255, 0.3);\r\n		font-style: italic;\r\n		margin: 0 0 2em 0;\r\n		padding: 0.5em 0 0.5em 2em;\r\n	}\r\n\r\n	code {\r\n		background: rgba(255, 255, 255, 0.075);\r\n		border-radius: 4px;\r\n		font-family: \"Courier New\", monospace;\r\n		font-size: 0.9em;\r\n		margin: 0 0.25em;\r\n		padding: 0.25em 0.65em;\r\n	}\r\n\r\n	pre {\r\n		-webkit-overflow-scrolling: touch;\r\n		font-family: \"Courier New\", monospace;\r\n		font-size: 0.9em;\r\n		margin: 0 0 2em 0;\r\n	}\r\n\r\n		pre code {\r\n			display: block;\r\n			line-height: 1.75em;\r\n			padding: 1em 1.5em;\r\n			overflow-x: auto;\r\n		}\r\n\r\n	.align-left {\r\n		text-align: left;\r\n	}\r\n\r\n	.align-center {\r\n		text-align: center;\r\n	}\r\n\r\n	.align-right {\r\n		text-align: right;\r\n	}\r\n\r\n/* Loader */\r\n\r\n	@-moz-keyframes spinner-show {\r\n		0% {\r\n			opacity: 0;\r\n		}\r\n\r\n		100% {\r\n			opacity: 1;\r\n		}\r\n	}\r\n\r\n	@-webkit-keyframes spinner-show {\r\n		0% {\r\n			opacity: 0;\r\n		}\r\n\r\n		100% {\r\n			opacity: 1;\r\n		}\r\n	}\r\n\r\n	@-ms-keyframes spinner-show {\r\n		0% {\r\n			opacity: 0;\r\n		}\r\n\r\n		100% {\r\n			opacity: 1;\r\n		}\r\n	}\r\n\r\n	@keyframes spinner-show {\r\n		0% {\r\n			opacity: 0;\r\n		}\r\n\r\n		100% {\r\n			opacity: 1;\r\n		}\r\n	}\r\n\r\n	@-moz-keyframes spinner-hide {\r\n		0% {\r\n			color: rgba(255, 255, 255, 0.15);\r\n			z-index: 100001;\r\n			-moz-transform: scale(1) rotate(0deg);\r\n			-webkit-transform: scale(1) rotate(0deg);\r\n			-ms-transform: scale(1) rotate(0deg);\r\n			transform: scale(1) rotate(0deg);\r\n		}\r\n\r\n		99% {\r\n			color: #1c1d26;\r\n			z-index: 100001;\r\n			-moz-transform: scale(0.5) rotate(360deg);\r\n			-webkit-transform: scale(0.5) rotate(360deg);\r\n			-ms-transform: scale(0.5) rotate(360deg);\r\n			transform: scale(0.5) rotate(360deg);\r\n		}\r\n\r\n		100% {\r\n			color: #1c1d26;\r\n			z-index: -1;\r\n			-moz-transform: scale(0.5) rotate(360deg);\r\n			-webkit-transform: scale(0.5) rotate(360deg);\r\n			-ms-transform: scale(0.5) rotate(360deg);\r\n			transform: scale(0.5) rotate(360deg);\r\n		}\r\n	}\r\n\r\n	@-webkit-keyframes spinner-hide {\r\n		0% {\r\n			color: rgba(255, 255, 255, 0.15);\r\n			z-index: 100001;\r\n			-moz-transform: scale(1) rotate(0deg);\r\n			-webkit-transform: scale(1) rotate(0deg);\r\n			-ms-transform: scale(1) rotate(0deg);\r\n			transform: scale(1) rotate(0deg);\r\n		}\r\n\r\n		99% {\r\n			color: #1c1d26;\r\n			z-index: 100001;\r\n			-moz-transform: scale(0.5) rotate(360deg);\r\n			-webkit-transform: scale(0.5) rotate(360deg);\r\n			-ms-transform: scale(0.5) rotate(360deg);\r\n			transform: scale(0.5) rotate(360deg);\r\n		}\r\n\r\n		100% {\r\n			color: #1c1d26;\r\n			z-index: -1;\r\n			-moz-transform: scale(0.5) rotate(360deg);\r\n			-webkit-transform: scale(0.5) rotate(360deg);\r\n			-ms-transform: scale(0.5) rotate(360deg);\r\n			transform: scale(0.5) rotate(360deg);\r\n		}\r\n	}\r\n\r\n	@-ms-keyframes spinner-hide {\r\n		0% {\r\n			color: rgba(255, 255, 255, 0.15);\r\n			z-index: 100001;\r\n			-moz-transform: scale(1) rotate(0deg);\r\n			-webkit-transform: scale(1) rotate(0deg);\r\n			-ms-transform: scale(1) rotate(0deg);\r\n			transform: scale(1) rotate(0deg);\r\n		}\r\n\r\n		99% {\r\n			color: #1c1d26;\r\n			z-index: 100001;\r\n			-moz-transform: scale(0.5) rotate(360deg);\r\n			-webkit-transform: scale(0.5) rotate(360deg);\r\n			-ms-transform: scale(0.5) rotate(360deg);\r\n			transform: scale(0.5) rotate(360deg);\r\n		}\r\n\r\n		100% {\r\n			color: #1c1d26;\r\n			z-index: -1;\r\n			-moz-transform: scale(0.5) rotate(360deg);\r\n			-webkit-transform: scale(0.5) rotate(360deg);\r\n			-ms-transform: scale(0.5) rotate(360deg);\r\n			transform: scale(0.5) rotate(360deg);\r\n		}\r\n	}\r\n\r\n	@keyframes spinner-hide {\r\n		0% {\r\n			color: rgba(255, 255, 255, 0.15);\r\n			z-index: 100001;\r\n			-moz-transform: scale(1) rotate(0deg);\r\n			-webkit-transform: scale(1) rotate(0deg);\r\n			-ms-transform: scale(1) rotate(0deg);\r\n			transform: scale(1) rotate(0deg);\r\n		}\r\n\r\n		99% {\r\n			color: #1c1d26;\r\n			z-index: 100001;\r\n			-moz-transform: scale(0.5) rotate(360deg);\r\n			-webkit-transform: scale(0.5) rotate(360deg);\r\n			-ms-transform: scale(0.5) rotate(360deg);\r\n			transform: scale(0.5) rotate(360deg);\r\n		}\r\n\r\n		100% {\r\n			color: #1c1d26;\r\n			z-index: -1;\r\n			-moz-transform: scale(0.5) rotate(360deg);\r\n			-webkit-transform: scale(0.5) rotate(360deg);\r\n			-ms-transform: scale(0.5) rotate(360deg);\r\n			transform: scale(0.5) rotate(360deg);\r\n		}\r\n	}\r\n\r\n	@-moz-keyframes spinner-rotate {\r\n		0% {\r\n			-moz-transform: scale(1) rotate(0deg);\r\n			-webkit-transform: scale(1) rotate(0deg);\r\n			-ms-transform: scale(1) rotate(0deg);\r\n			transform: scale(1) rotate(0deg);\r\n		}\r\n\r\n		100% {\r\n			-moz-transform: scale(1) rotate(360deg);\r\n			-webkit-transform: scale(1) rotate(360deg);\r\n			-ms-transform: scale(1) rotate(360deg);\r\n			transform: scale(1) rotate(360deg);\r\n		}\r\n	}\r\n\r\n	@-webkit-keyframes spinner-rotate {\r\n		0% {\r\n			-moz-transform: scale(1) rotate(0deg);\r\n			-webkit-transform: scale(1) rotate(0deg);\r\n			-ms-transform: scale(1) rotate(0deg);\r\n			transform: scale(1) rotate(0deg);\r\n		}\r\n\r\n		100% {\r\n			-moz-transform: scale(1) rotate(360deg);\r\n			-webkit-transform: scale(1) rotate(360deg);\r\n			-ms-transform: scale(1) rotate(360deg);\r\n			transform: scale(1) rotate(360deg);\r\n		}\r\n	}\r\n\r\n	@-ms-keyframes spinner-rotate {\r\n		0% {\r\n			-moz-transform: scale(1) rotate(0deg);\r\n			-webkit-transform: scale(1) rotate(0deg);\r\n			-ms-transform: scale(1) rotate(0deg);\r\n			transform: scale(1) rotate(0deg);\r\n		}\r\n\r\n		100% {\r\n			-moz-transform: scale(1) rotate(360deg);\r\n			-webkit-transform: scale(1) rotate(360deg);\r\n			-ms-transform: scale(1) rotate(360deg);\r\n			transform: scale(1) rotate(360deg);\r\n		}\r\n	}\r\n\r\n	@keyframes spinner-rotate {\r\n		0% {\r\n			-moz-transform: scale(1) rotate(0deg);\r\n			-webkit-transform: scale(1) rotate(0deg);\r\n			-ms-transform: scale(1) rotate(0deg);\r\n			transform: scale(1) rotate(0deg);\r\n		}\r\n\r\n		100% {\r\n			-moz-transform: scale(1) rotate(360deg);\r\n			-webkit-transform: scale(1) rotate(360deg);\r\n			-ms-transform: scale(1) rotate(360deg);\r\n			transform: scale(1) rotate(360deg);\r\n		}\r\n	}\r\n\r\n	@-moz-keyframes overlay-hide {\r\n		0% {\r\n			opacity: 1;\r\n			z-index: 100000;\r\n		}\r\n\r\n		15% {\r\n			opacity: 1;\r\n			z-index: 100000;\r\n		}\r\n\r\n		99% {\r\n			opacity: 0;\r\n			z-index: 100000;\r\n		}\r\n\r\n		100% {\r\n			opacity: 0;\r\n			z-index: -1;\r\n		}\r\n	}\r\n\r\n	@-webkit-keyframes overlay-hide {\r\n		0% {\r\n			opacity: 1;\r\n			z-index: 100000;\r\n		}\r\n\r\n		15% {\r\n			opacity: 1;\r\n			z-index: 100000;\r\n		}\r\n\r\n		99% {\r\n			opacity: 0;\r\n			z-index: 100000;\r\n		}\r\n\r\n		100% {\r\n			opacity: 0;\r\n			z-index: -1;\r\n		}\r\n	}\r\n\r\n	@-ms-keyframes overlay-hide {\r\n		0% {\r\n			opacity: 1;\r\n			z-index: 100000;\r\n		}\r\n\r\n		15% {\r\n			opacity: 1;\r\n			z-index: 100000;\r\n		}\r\n\r\n		99% {\r\n			opacity: 0;\r\n			z-index: 100000;\r\n		}\r\n\r\n		100% {\r\n			opacity: 0;\r\n			z-index: -1;\r\n		}\r\n	}\r\n\r\n	@keyframes overlay-hide {\r\n		0% {\r\n			opacity: 1;\r\n			z-index: 100000;\r\n		}\r\n\r\n		15% {\r\n			opacity: 1;\r\n			z-index: 100000;\r\n		}\r\n\r\n		99% {\r\n			opacity: 0;\r\n			z-index: 100000;\r\n		}\r\n\r\n		100% {\r\n			opacity: 0;\r\n			z-index: -1;\r\n		}\r\n	}\r\n\r\n	body.landing {\r\n		text-decoration: none;\r\n	}\r\n\r\n		body.landing:before {\r\n			-moz-osx-font-smoothing: grayscale;\r\n			-webkit-font-smoothing: antialiased;\r\n			display: inline-block;\r\n			font-style: normal;\r\n			font-variant: normal;\r\n			text-rendering: auto;\r\n			line-height: 1;\r\n			text-transform: none !important;\r\n			font-family: \'Font Awesome 5 Free\';\r\n			font-weight: 900;\r\n		}\r\n\r\n		body.landing:before {\r\n			-moz-animation: spinner-show 1.5s 1 0.25s ease forwards, spinner-hide 0.25s ease-in-out forwards !important;\r\n			-webkit-animation: spinner-show 1.5s 1 0.25s ease forwards, spinner-hide 0.25s ease-in-out forwards !important;\r\n			-ms-animation: spinner-show 1.5s 1 0.25s ease forwards, spinner-hide 0.25s ease-in-out forwards !important;\r\n			animation: spinner-show 1.5s 1 0.25s ease forwards, spinner-hide 0.25s ease-in-out forwards !important;\r\n			-moz-transform-origin: 50% 50%;\r\n			-webkit-transform-origin: 50% 50%;\r\n			-ms-transform-origin: 50% 50%;\r\n			transform-origin: 50% 50%;\r\n			color: rgba(255, 255, 255, 0.15);\r\n			content: \'\\f1ce\';\r\n			cursor: default;\r\n			display: block;\r\n			font-size: 2em;\r\n			height: 2em;\r\n			left: 50%;\r\n			line-height: 2em;\r\n			margin: -1em 0 0 -1em;\r\n			opacity: 0;\r\n			position: fixed;\r\n			text-align: center;\r\n			top: 50%;\r\n			width: 2em;\r\n			z-index: -1;\r\n		}\r\n\r\n		body.landing:after {\r\n			-moz-animation: overlay-hide 1.5s ease-in forwards !important;\r\n			-webkit-animation: overlay-hide 1.5s ease-in forwards !important;\r\n			-ms-animation: overlay-hide 1.5s ease-in forwards !important;\r\n			animation: overlay-hide 1.5s ease-in forwards !important;\r\n			background: #1c1d26;\r\n			content: \'\';\r\n			display: block;\r\n			height: 100%;\r\n			left: 0;\r\n			opacity: 0;\r\n			position: fixed;\r\n			top: 0;\r\n			width: 100%;\r\n			z-index: -1;\r\n		}\r\n\r\n		body.landing.is-preload:before {\r\n			-moz-animation: spinner-show 1.5s 1 0.25s ease forwards, spinner-rotate 0.75s infinite linear !important;\r\n			-webkit-animation: spinner-show 1.5s 1 0.25s ease forwards, spinner-rotate 0.75s infinite linear !important;\r\n			-ms-animation: spinner-show 1.5s 1 0.25s ease forwards, spinner-rotate 0.75s infinite linear !important;\r\n			animation: spinner-show 1.5s 1 0.25s ease forwards, spinner-rotate 0.75s infinite linear !important;\r\n			z-index: 100001;\r\n		}\r\n\r\n		body.landing.is-preload:after {\r\n			-moz-animation: none !important;\r\n			-webkit-animation: none !important;\r\n			-ms-animation: none !important;\r\n			animation: none !important;\r\n			opacity: 1;\r\n			z-index: 100000;\r\n		}\r\n\r\n	@media (-webkit-min-device-pixel-ratio: 2) {\r\n\r\n		body.landing:before {\r\n			line-height: 2.025em;\r\n		}\r\n\r\n	}\r\n\r\n/* Container */\r\n\r\n	.container {\r\n		margin: 0 auto;\r\n		max-width: calc(100% - 4em);\r\n		width: 70em;\r\n	}\r\n\r\n		.container.xsmall {\r\n			width: 17.5em;\r\n		}\r\n\r\n		.container.small {\r\n			width: 35em;\r\n		}\r\n\r\n		.container.medium {\r\n			width: 52.5em;\r\n		}\r\n\r\n		.container.large {\r\n			width: 87.5em;\r\n		}\r\n\r\n		.container.xlarge {\r\n			width: 105em;\r\n		}\r\n\r\n		.container.max {\r\n			width: 100%;\r\n		}\r\n\r\n		@media screen and (max-width: 1280px) {\r\n\r\n			.container {\r\n				width: 90%;\r\n				max-width: 100%;\r\n			}\r\n\r\n		}\r\n\r\n		@media screen and (max-width: 980px) {\r\n\r\n			.container {\r\n				width: 100% !important;\r\n			}\r\n\r\n		}\r\n\r\n/* Row */\r\n\r\n	.row {\r\n		display: flex;\r\n		flex-wrap: wrap;\r\n		box-sizing: border-box;\r\n		align-items: stretch;\r\n	}\r\n\r\n		.row > * {\r\n			box-sizing: border-box;\r\n		}\r\n\r\n		.row.gtr-uniform > * > :last-child {\r\n			margin-bottom: 0;\r\n		}\r\n\r\n		.row.aln-left {\r\n			justify-content: flex-start;\r\n		}\r\n\r\n		.row.aln-center {\r\n			justify-content: center;\r\n		}\r\n\r\n		.row.aln-right {\r\n			justify-content: flex-end;\r\n		}\r\n\r\n		.row.aln-top {\r\n			align-items: flex-start;\r\n		}\r\n\r\n		.row.aln-middle {\r\n			align-items: center;\r\n		}\r\n\r\n		.row.aln-bottom {\r\n			align-items: flex-end;\r\n		}\r\n\r\n		.row > .imp {\r\n			order: -1;\r\n		}\r\n\r\n		.row > .col-1 {\r\n			width: 8.33333%;\r\n		}\r\n\r\n		.row > .off-1 {\r\n			margin-left: 8.33333%;\r\n		}\r\n\r\n		.row > .col-2 {\r\n			width: 16.66667%;\r\n		}\r\n\r\n		.row > .off-2 {\r\n			margin-left: 16.66667%;\r\n		}\r\n\r\n		.row > .col-3 {\r\n			width: 25%;\r\n		}\r\n\r\n		.row > .off-3 {\r\n			margin-left: 25%;\r\n		}\r\n\r\n		.row > .col-4 {\r\n			width: 33.33333%;\r\n		}\r\n\r\n		.row > .off-4 {\r\n			margin-left: 33.33333%;\r\n		}\r\n\r\n		.row > .col-5 {\r\n			width: 41.66667%;\r\n		}\r\n\r\n		.row > .off-5 {\r\n			margin-left: 41.66667%;\r\n		}\r\n\r\n		.row > .col-6 {\r\n			width: 50%;\r\n		}\r\n\r\n		.row > .off-6 {\r\n			margin-left: 50%;\r\n		}\r\n\r\n		.row > .col-7 {\r\n			width: 58.33333%;\r\n		}\r\n\r\n		.row > .off-7 {\r\n			margin-left: 58.33333%;\r\n		}\r\n\r\n		.row > .col-8 {\r\n			width: 66.66667%;\r\n		}\r\n\r\n		.row > .off-8 {\r\n			margin-left: 66.66667%;\r\n		}\r\n\r\n		.row > .col-9 {\r\n			width: 75%;\r\n		}\r\n\r\n		.row > .off-9 {\r\n			margin-left: 75%;\r\n		}\r\n\r\n		.row > .col-10 {\r\n			width: 83.33333%;\r\n		}\r\n\r\n		.row > .off-10 {\r\n			margin-left: 83.33333%;\r\n		}\r\n\r\n		.row > .col-11 {\r\n			width: 91.66667%;\r\n		}\r\n\r\n		.row > .off-11 {\r\n			margin-left: 91.66667%;\r\n		}\r\n\r\n		.row > .col-12 {\r\n			width: 100%;\r\n		}\r\n\r\n		.row > .off-12 {\r\n			margin-left: 100%;\r\n		}\r\n\r\n		.row.gtr-0 {\r\n			margin-top: 0;\r\n			margin-left: 0em;\r\n		}\r\n\r\n			.row.gtr-0 > * {\r\n				padding: 0 0 0 0em;\r\n			}\r\n\r\n			.row.gtr-0.gtr-uniform {\r\n				margin-top: 0em;\r\n			}\r\n\r\n				.row.gtr-0.gtr-uniform > * {\r\n					padding-top: 0em;\r\n				}\r\n\r\n		.row.gtr-25 {\r\n			margin-top: 0;\r\n			margin-left: -0.625em;\r\n		}\r\n\r\n			.row.gtr-25 > * {\r\n				padding: 0 0 0 0.625em;\r\n			}\r\n\r\n			.row.gtr-25.gtr-uniform {\r\n				margin-top: -0.625em;\r\n			}\r\n\r\n				.row.gtr-25.gtr-uniform > * {\r\n					padding-top: 0.625em;\r\n				}\r\n\r\n		.row.gtr-50 {\r\n			margin-top: 0;\r\n			margin-left: -1.25em;\r\n		}\r\n\r\n			.row.gtr-50 > * {\r\n				padding: 0 0 0 1.25em;\r\n			}\r\n\r\n			.row.gtr-50.gtr-uniform {\r\n				margin-top: -1.25em;\r\n			}\r\n\r\n				.row.gtr-50.gtr-uniform > * {\r\n					padding-top: 1.25em;\r\n				}\r\n\r\n		.row {\r\n			margin-top: 0;\r\n			margin-left: -2.5em;\r\n		}\r\n\r\n			.row > * {\r\n				padding: 0 0 0 2.5em;\r\n			}\r\n\r\n			.row.gtr-uniform {\r\n				margin-top: -2.5em;\r\n			}\r\n\r\n				.row.gtr-uniform > * {\r\n					padding-top: 2.5em;\r\n				}\r\n\r\n		.row.gtr-150 {\r\n			margin-top: 0;\r\n			margin-left: -3.75em;\r\n		}\r\n\r\n			.row.gtr-150 > * {\r\n				padding: 0 0 0 3.75em;\r\n			}\r\n\r\n			.row.gtr-150.gtr-uniform {\r\n				margin-top: -3.75em;\r\n			}\r\n\r\n				.row.gtr-150.gtr-uniform > * {\r\n					padding-top: 3.75em;\r\n				}\r\n\r\n		.row.gtr-200 {\r\n			margin-top: 0;\r\n			margin-left: -5em;\r\n		}\r\n\r\n			.row.gtr-200 > * {\r\n				padding: 0 0 0 5em;\r\n			}\r\n\r\n			.row.gtr-200.gtr-uniform {\r\n				margin-top: -5em;\r\n			}\r\n\r\n				.row.gtr-200.gtr-uniform > * {\r\n					padding-top: 5em;\r\n				}\r\n\r\n		@media screen and (max-width: 1680px) {\r\n\r\n			.row {\r\n				display: flex;\r\n				flex-wrap: wrap;\r\n				box-sizing: border-box;\r\n				align-items: stretch;\r\n			}\r\n\r\n				.row > * {\r\n					box-sizing: border-box;\r\n				}\r\n\r\n				.row.gtr-uniform > * > :last-child {\r\n					margin-bottom: 0;\r\n				}\r\n\r\n				.row.aln-left {\r\n					justify-content: flex-start;\r\n				}\r\n\r\n				.row.aln-center {\r\n					justify-content: center;\r\n				}\r\n\r\n				.row.aln-right {\r\n					justify-content: flex-end;\r\n				}\r\n\r\n				.row.aln-top {\r\n					align-items: flex-start;\r\n				}\r\n\r\n				.row.aln-middle {\r\n					align-items: center;\r\n				}\r\n\r\n				.row.aln-bottom {\r\n					align-items: flex-end;\r\n				}\r\n\r\n				.row > .imp-xlarge {\r\n					order: -1;\r\n				}\r\n\r\n				.row > .col-1-xlarge {\r\n					width: 8.33333%;\r\n				}\r\n\r\n				.row > .off-1-xlarge {\r\n					margin-left: 8.33333%;\r\n				}\r\n\r\n				.row > .col-2-xlarge {\r\n					width: 16.66667%;\r\n				}\r\n\r\n				.row > .off-2-xlarge {\r\n					margin-left: 16.66667%;\r\n				}\r\n\r\n				.row > .col-3-xlarge {\r\n					width: 25%;\r\n				}\r\n\r\n				.row > .off-3-xlarge {\r\n					margin-left: 25%;\r\n				}\r\n\r\n				.row > .col-4-xlarge {\r\n					width: 33.33333%;\r\n				}\r\n\r\n				.row > .off-4-xlarge {\r\n					margin-left: 33.33333%;\r\n				}\r\n\r\n				.row > .col-5-xlarge {\r\n					width: 41.66667%;\r\n				}\r\n\r\n				.row > .off-5-xlarge {\r\n					margin-left: 41.66667%;\r\n				}\r\n\r\n				.row > .col-6-xlarge {\r\n					width: 50%;\r\n				}\r\n\r\n				.row > .off-6-xlarge {\r\n					margin-left: 50%;\r\n				}\r\n\r\n				.row > .col-7-xlarge {\r\n					width: 58.33333%;\r\n				}\r\n\r\n				.row > .off-7-xlarge {\r\n					margin-left: 58.33333%;\r\n				}\r\n\r\n				.row > .col-8-xlarge {\r\n					width: 66.66667%;\r\n				}\r\n\r\n				.row > .off-8-xlarge {\r\n					margin-left: 66.66667%;\r\n				}\r\n\r\n				.row > .col-9-xlarge {\r\n					width: 75%;\r\n				}\r\n\r\n				.row > .off-9-xlarge {\r\n					margin-left: 75%;\r\n				}\r\n\r\n				.row > .col-10-xlarge {\r\n					width: 83.33333%;\r\n				}\r\n\r\n				.row > .off-10-xlarge {\r\n					margin-left: 83.33333%;\r\n				}\r\n\r\n				.row > .col-11-xlarge {\r\n					width: 91.66667%;\r\n				}\r\n\r\n				.row > .off-11-xlarge {\r\n					margin-left: 91.66667%;\r\n				}\r\n\r\n				.row > .col-12-xlarge {\r\n					width: 100%;\r\n				}\r\n\r\n				.row > .off-12-xlarge {\r\n					margin-left: 100%;\r\n				}\r\n\r\n				.row.gtr-0 {\r\n					margin-top: 0;\r\n					margin-left: 0em;\r\n				}\r\n\r\n					.row.gtr-0 > * {\r\n						padding: 0 0 0 0em;\r\n					}\r\n\r\n					.row.gtr-0.gtr-uniform {\r\n						margin-top: 0em;\r\n					}\r\n\r\n						.row.gtr-0.gtr-uniform > * {\r\n							padding-top: 0em;\r\n						}\r\n\r\n				.row.gtr-25 {\r\n					margin-top: 0;\r\n					margin-left: -0.625em;\r\n				}\r\n\r\n					.row.gtr-25 > * {\r\n						padding: 0 0 0 0.625em;\r\n					}\r\n\r\n					.row.gtr-25.gtr-uniform {\r\n						margin-top: -0.625em;\r\n					}\r\n\r\n						.row.gtr-25.gtr-uniform > * {\r\n							padding-top: 0.625em;\r\n						}\r\n\r\n				.row.gtr-50 {\r\n					margin-top: 0;\r\n					margin-left: -1.25em;\r\n				}\r\n\r\n					.row.gtr-50 > * {\r\n						padding: 0 0 0 1.25em;\r\n					}\r\n\r\n					.row.gtr-50.gtr-uniform {\r\n						margin-top: -1.25em;\r\n					}\r\n\r\n						.row.gtr-50.gtr-uniform > * {\r\n							padding-top: 1.25em;\r\n						}\r\n\r\n				.row {\r\n					margin-top: 0;\r\n					margin-left: -2.5em;\r\n				}\r\n\r\n					.row > * {\r\n						padding: 0 0 0 2.5em;\r\n					}\r\n\r\n					.row.gtr-uniform {\r\n						margin-top: -2.5em;\r\n					}\r\n\r\n						.row.gtr-uniform > * {\r\n							padding-top: 2.5em;\r\n						}\r\n\r\n				.row.gtr-150 {\r\n					margin-top: 0;\r\n					margin-left: -3.75em;\r\n				}\r\n\r\n					.row.gtr-150 > * {\r\n						padding: 0 0 0 3.75em;\r\n					}\r\n\r\n					.row.gtr-150.gtr-uniform {\r\n						margin-top: -3.75em;\r\n					}\r\n\r\n						.row.gtr-150.gtr-uniform > * {\r\n							padding-top: 3.75em;\r\n						}\r\n\r\n				.row.gtr-200 {\r\n					margin-top: 0;\r\n					margin-left: -5em;\r\n				}\r\n\r\n					.row.gtr-200 > * {\r\n						padding: 0 0 0 5em;\r\n					}\r\n\r\n					.row.gtr-200.gtr-uniform {\r\n						margin-top: -5em;\r\n					}\r\n\r\n						.row.gtr-200.gtr-uniform > * {\r\n							padding-top: 5em;\r\n						}\r\n\r\n		}\r\n\r\n		@media screen and (max-width: 1280px) {\r\n\r\n			.row {\r\n				display: flex;\r\n				flex-wrap: wrap;\r\n				box-sizing: border-box;\r\n				align-items: stretch;\r\n			}\r\n\r\n				.row > * {\r\n					box-sizing: border-box;\r\n				}\r\n\r\n				.row.gtr-uniform > * > :last-child {\r\n					margin-bottom: 0;\r\n				}\r\n\r\n				.row.aln-left {\r\n					justify-content: flex-start;\r\n				}\r\n\r\n				.row.aln-center {\r\n					justify-content: center;\r\n				}\r\n\r\n				.row.aln-right {\r\n					justify-content: flex-end;\r\n				}\r\n\r\n				.row.aln-top {\r\n					align-items: flex-start;\r\n				}\r\n\r\n				.row.aln-middle {\r\n					align-items: center;\r\n				}\r\n\r\n				.row.aln-bottom {\r\n					align-items: flex-end;\r\n				}\r\n\r\n				.row > .imp-large {\r\n					order: -1;\r\n				}\r\n\r\n				.row > .col-1-large {\r\n					width: 8.33333%;\r\n				}\r\n\r\n				.row > .off-1-large {\r\n					margin-left: 8.33333%;\r\n				}\r\n\r\n				.row > .col-2-large {\r\n					width: 16.66667%;\r\n				}\r\n\r\n				.row > .off-2-large {\r\n					margin-left: 16.66667%;\r\n				}\r\n\r\n				.row > .col-3-large {\r\n					width: 25%;\r\n				}\r\n\r\n				.row > .off-3-large {\r\n					margin-left: 25%;\r\n				}\r\n\r\n				.row > .col-4-large {\r\n					width: 33.33333%;\r\n				}\r\n\r\n				.row > .off-4-large {\r\n					margin-left: 33.33333%;\r\n				}\r\n\r\n				.row > .col-5-large {\r\n					width: 41.66667%;\r\n				}\r\n\r\n				.row > .off-5-large {\r\n					margin-left: 41.66667%;\r\n				}\r\n\r\n				.row > .col-6-large {\r\n					width: 50%;\r\n				}\r\n\r\n				.row > .off-6-large {\r\n					margin-left: 50%;\r\n				}\r\n\r\n				.row > .col-7-large {\r\n					width: 58.33333%;\r\n				}\r\n\r\n				.row > .off-7-large {\r\n					margin-left: 58.33333%;\r\n				}\r\n\r\n				.row > .col-8-large {\r\n					width: 66.66667%;\r\n				}\r\n\r\n				.row > .off-8-large {\r\n					margin-left: 66.66667%;\r\n				}\r\n\r\n				.row > .col-9-large {\r\n					width: 75%;\r\n				}\r\n\r\n				.row > .off-9-large {\r\n					margin-left: 75%;\r\n				}\r\n\r\n				.row > .col-10-large {\r\n					width: 83.33333%;\r\n				}\r\n\r\n				.row > .off-10-large {\r\n					margin-left: 83.33333%;\r\n				}\r\n\r\n				.row > .col-11-large {\r\n					width: 91.66667%;\r\n				}\r\n\r\n				.row > .off-11-large {\r\n					margin-left: 91.66667%;\r\n				}\r\n\r\n				.row > .col-12-large {\r\n					width: 100%;\r\n				}\r\n\r\n				.row > .off-12-large {\r\n					margin-left: 100%;\r\n				}\r\n\r\n				.row.gtr-0 {\r\n					margin-top: 0;\r\n					margin-left: 0em;\r\n				}\r\n\r\n					.row.gtr-0 > * {\r\n						padding: 0 0 0 0em;\r\n					}\r\n\r\n					.row.gtr-0.gtr-uniform {\r\n						margin-top: 0em;\r\n					}\r\n\r\n						.row.gtr-0.gtr-uniform > * {\r\n							padding-top: 0em;\r\n						}\r\n\r\n				.row.gtr-25 {\r\n					margin-top: 0;\r\n					margin-left: -0.625em;\r\n				}\r\n\r\n					.row.gtr-25 > * {\r\n						padding: 0 0 0 0.625em;\r\n					}\r\n\r\n					.row.gtr-25.gtr-uniform {\r\n						margin-top: -0.625em;\r\n					}\r\n\r\n						.row.gtr-25.gtr-uniform > * {\r\n							padding-top: 0.625em;\r\n						}\r\n\r\n				.row.gtr-50 {\r\n					margin-top: 0;\r\n					margin-left: -1.25em;\r\n				}\r\n\r\n					.row.gtr-50 > * {\r\n						padding: 0 0 0 1.25em;\r\n					}\r\n\r\n					.row.gtr-50.gtr-uniform {\r\n						margin-top: -1.25em;\r\n					}\r\n\r\n						.row.gtr-50.gtr-uniform > * {\r\n							padding-top: 1.25em;\r\n						}\r\n\r\n				.row {\r\n					margin-top: 0;\r\n					margin-left: -2.5em;\r\n				}\r\n\r\n					.row > * {\r\n						padding: 0 0 0 2.5em;\r\n					}\r\n\r\n					.row.gtr-uniform {\r\n						margin-top: -2.5em;\r\n					}\r\n\r\n						.row.gtr-uniform > * {\r\n							padding-top: 2.5em;\r\n						}\r\n\r\n				.row.gtr-150 {\r\n					margin-top: 0;\r\n					margin-left: -3.75em;\r\n				}\r\n\r\n					.row.gtr-150 > * {\r\n						padding: 0 0 0 3.75em;\r\n					}\r\n\r\n					.row.gtr-150.gtr-uniform {\r\n						margin-top: -3.75em;\r\n					}\r\n\r\n						.row.gtr-150.gtr-uniform > * {\r\n							padding-top: 3.75em;\r\n						}\r\n\r\n				.row.gtr-200 {\r\n					margin-top: 0;\r\n					margin-left: -5em;\r\n				}\r\n\r\n					.row.gtr-200 > * {\r\n						padding: 0 0 0 5em;\r\n					}\r\n\r\n					.row.gtr-200.gtr-uniform {\r\n						margin-top: -5em;\r\n					}\r\n\r\n						.row.gtr-200.gtr-uniform > * {\r\n							padding-top: 5em;\r\n						}\r\n\r\n		}\r\n\r\n		@media screen and (max-width: 980px) {\r\n\r\n			.row {\r\n				display: flex;\r\n				flex-wrap: wrap;\r\n				box-sizing: border-box;\r\n				align-items: stretch;\r\n			}\r\n\r\n				.row > * {\r\n					box-sizing: border-box;\r\n				}\r\n\r\n				.row.gtr-uniform > * > :last-child {\r\n					margin-bottom: 0;\r\n				}\r\n\r\n				.row.aln-left {\r\n					justify-content: flex-start;\r\n				}\r\n\r\n				.row.aln-center {\r\n					justify-content: center;\r\n				}\r\n\r\n				.row.aln-right {\r\n					justify-content: flex-end;\r\n				}\r\n\r\n				.row.aln-top {\r\n					align-items: flex-start;\r\n				}\r\n\r\n				.row.aln-middle {\r\n					align-items: center;\r\n				}\r\n\r\n				.row.aln-bottom {\r\n					align-items: flex-end;\r\n				}\r\n\r\n				.row > .imp-medium {\r\n					order: -1;\r\n				}\r\n\r\n				.row > .col-1-medium {\r\n					width: 8.33333%;\r\n				}\r\n\r\n				.row > .off-1-medium {\r\n					margin-left: 8.33333%;\r\n				}\r\n\r\n				.row > .col-2-medium {\r\n					width: 16.66667%;\r\n				}\r\n\r\n				.row > .off-2-medium {\r\n					margin-left: 16.66667%;\r\n				}\r\n\r\n				.row > .col-3-medium {\r\n					width: 25%;\r\n				}\r\n\r\n				.row > .off-3-medium {\r\n					margin-left: 25%;\r\n				}\r\n\r\n				.row > .col-4-medium {\r\n					width: 33.33333%;\r\n				}\r\n\r\n				.row > .off-4-medium {\r\n					margin-left: 33.33333%;\r\n				}\r\n\r\n				.row > .col-5-medium {\r\n					width: 41.66667%;\r\n				}\r\n\r\n				.row > .off-5-medium {\r\n					margin-left: 41.66667%;\r\n				}\r\n\r\n				.row > .col-6-medium {\r\n					width: 50%;\r\n				}\r\n\r\n				.row > .off-6-medium {\r\n					margin-left: 50%;\r\n				}\r\n\r\n				.row > .col-7-medium {\r\n					width: 58.33333%;\r\n				}\r\n\r\n				.row > .off-7-medium {\r\n					margin-left: 58.33333%;\r\n				}\r\n\r\n				.row > .col-8-medium {\r\n					width: 66.66667%;\r\n				}\r\n\r\n				.row > .off-8-medium {\r\n					margin-left: 66.66667%;\r\n				}\r\n\r\n				.row > .col-9-medium {\r\n					width: 75%;\r\n				}\r\n\r\n				.row > .off-9-medium {\r\n					margin-left: 75%;\r\n				}\r\n\r\n				.row > .col-10-medium {\r\n					width: 83.33333%;\r\n				}\r\n\r\n				.row > .off-10-medium {\r\n					margin-left: 83.33333%;\r\n				}\r\n\r\n				.row > .col-11-medium {\r\n					width: 91.66667%;\r\n				}\r\n\r\n				.row > .off-11-medium {\r\n					margin-left: 91.66667%;\r\n				}\r\n\r\n				.row > .col-12-medium {\r\n					width: 100%;\r\n				}\r\n\r\n				.row > .off-12-medium {\r\n					margin-left: 100%;\r\n				}\r\n\r\n				.row.gtr-0 {\r\n					margin-top: 0;\r\n					margin-left: 0em;\r\n				}\r\n\r\n					.row.gtr-0 > * {\r\n						padding: 0 0 0 0em;\r\n					}\r\n\r\n					.row.gtr-0.gtr-uniform {\r\n						margin-top: 0em;\r\n					}\r\n\r\n						.row.gtr-0.gtr-uniform > * {\r\n							padding-top: 0em;\r\n						}\r\n\r\n				.row.gtr-25 {\r\n					margin-top: 0;\r\n					margin-left: -0.625em;\r\n				}\r\n\r\n					.row.gtr-25 > * {\r\n						padding: 0 0 0 0.625em;\r\n					}\r\n\r\n					.row.gtr-25.gtr-uniform {\r\n						margin-top: -0.625em;\r\n					}\r\n\r\n						.row.gtr-25.gtr-uniform > * {\r\n							padding-top: 0.625em;\r\n						}\r\n\r\n				.row.gtr-50 {\r\n					margin-top: 0;\r\n					margin-left: -1.25em;\r\n				}\r\n\r\n					.row.gtr-50 > * {\r\n						padding: 0 0 0 1.25em;\r\n					}\r\n\r\n					.row.gtr-50.gtr-uniform {\r\n						margin-top: -1.25em;\r\n					}\r\n\r\n						.row.gtr-50.gtr-uniform > * {\r\n							padding-top: 1.25em;\r\n						}\r\n\r\n				.row {\r\n					margin-top: 0;\r\n					margin-left: -2.5em;\r\n				}\r\n\r\n					.row > * {\r\n						padding: 0 0 0 2.5em;\r\n					}\r\n\r\n					.row.gtr-uniform {\r\n						margin-top: -2.5em;\r\n					}\r\n\r\n						.row.gtr-uniform > * {\r\n							padding-top: 2.5em;\r\n						}\r\n\r\n				.row.gtr-150 {\r\n					margin-top: 0;\r\n					margin-left: -3.75em;\r\n				}\r\n\r\n					.row.gtr-150 > * {\r\n						padding: 0 0 0 3.75em;\r\n					}\r\n\r\n					.row.gtr-150.gtr-uniform {\r\n						margin-top: -3.75em;\r\n					}\r\n\r\n						.row.gtr-150.gtr-uniform > * {\r\n							padding-top: 3.75em;\r\n						}\r\n\r\n				.row.gtr-200 {\r\n					margin-top: 0;\r\n					margin-left: -5em;\r\n				}\r\n\r\n					.row.gtr-200 > * {\r\n						padding: 0 0 0 5em;\r\n					}\r\n\r\n					.row.gtr-200.gtr-uniform {\r\n						margin-top: -5em;\r\n					}\r\n\r\n						.row.gtr-200.gtr-uniform > * {\r\n							padding-top: 5em;\r\n						}\r\n\r\n		}\r\n\r\n		@media screen and (max-width: 736px) {\r\n\r\n			.row {\r\n				display: flex;\r\n				flex-wrap: wrap;\r\n				box-sizing: border-box;\r\n				align-items: stretch;\r\n			}\r\n\r\n				.row > * {\r\n					box-sizing: border-box;\r\n				}\r\n\r\n				.row.gtr-uniform > * > :last-child {\r\n					margin-bottom: 0;\r\n				}\r\n\r\n				.row.aln-left {\r\n					justify-content: flex-start;\r\n				}\r\n\r\n				.row.aln-center {\r\n					justify-content: center;\r\n				}\r\n\r\n				.row.aln-right {\r\n					justify-content: flex-end;\r\n				}\r\n\r\n				.row.aln-top {\r\n					align-items: flex-start;\r\n				}\r\n\r\n				.row.aln-middle {\r\n					align-items: center;\r\n				}\r\n\r\n				.row.aln-bottom {\r\n					align-items: flex-end;\r\n				}\r\n\r\n				.row > .imp-small {\r\n					order: -1;\r\n				}\r\n\r\n				.row > .col-1-small {\r\n					width: 8.33333%;\r\n				}\r\n\r\n				.row > .off-1-small {\r\n					margin-left: 8.33333%;\r\n				}\r\n\r\n				.row > .col-2-small {\r\n					width: 16.66667%;\r\n				}\r\n\r\n				.row > .off-2-small {\r\n					margin-left: 16.66667%;\r\n				}\r\n\r\n				.row > .col-3-small {\r\n					width: 25%;\r\n				}\r\n\r\n				.row > .off-3-small {\r\n					margin-left: 25%;\r\n				}\r\n\r\n				.row > .col-4-small {\r\n					width: 33.33333%;\r\n				}\r\n\r\n				.row > .off-4-small {\r\n					margin-left: 33.33333%;\r\n				}\r\n\r\n				.row > .col-5-small {\r\n					width: 41.66667%;\r\n				}\r\n\r\n				.row > .off-5-small {\r\n					margin-left: 41.66667%;\r\n				}\r\n\r\n				.row > .col-6-small {\r\n					width: 50%;\r\n				}\r\n\r\n				.row > .off-6-small {\r\n					margin-left: 50%;\r\n				}\r\n\r\n				.row > .col-7-small {\r\n					width: 58.33333%;\r\n				}\r\n\r\n				.row > .off-7-small {\r\n					margin-left: 58.33333%;\r\n				}\r\n\r\n				.row > .col-8-small {\r\n					width: 66.66667%;\r\n				}\r\n\r\n				.row > .off-8-small {\r\n					margin-left: 66.66667%;\r\n				}\r\n\r\n				.row > .col-9-small {\r\n					width: 75%;\r\n				}\r\n\r\n				.row > .off-9-small {\r\n					margin-left: 75%;\r\n				}\r\n\r\n				.row > .col-10-small {\r\n					width: 83.33333%;\r\n				}\r\n\r\n				.row > .off-10-small {\r\n					margin-left: 83.33333%;\r\n				}\r\n\r\n				.row > .col-11-small {\r\n					width: 91.66667%;\r\n				}\r\n\r\n				.row > .off-11-small {\r\n					margin-left: 91.66667%;\r\n				}\r\n\r\n				.row > .col-12-small {\r\n					width: 100%;\r\n				}\r\n\r\n				.row > .off-12-small {\r\n					margin-left: 100%;\r\n				}\r\n\r\n				.row.gtr-0 {\r\n					margin-top: 0;\r\n					margin-left: 0em;\r\n				}\r\n\r\n					.row.gtr-0 > * {\r\n						padding: 0 0 0 0em;\r\n					}\r\n\r\n					.row.gtr-0.gtr-uniform {\r\n						margin-top: 0em;\r\n					}\r\n\r\n						.row.gtr-0.gtr-uniform > * {\r\n							padding-top: 0em;\r\n						}\r\n\r\n				.row.gtr-25 {\r\n					margin-top: 0;\r\n					margin-left: -0.625em;\r\n				}\r\n\r\n					.row.gtr-25 > * {\r\n						padding: 0 0 0 0.625em;\r\n					}\r\n\r\n					.row.gtr-25.gtr-uniform {\r\n						margin-top: -0.625em;\r\n					}\r\n\r\n						.row.gtr-25.gtr-uniform > * {\r\n							padding-top: 0.625em;\r\n						}\r\n\r\n				.row.gtr-50 {\r\n					margin-top: 0;\r\n					margin-left: -1.25em;\r\n				}\r\n\r\n					.row.gtr-50 > * {\r\n						padding: 0 0 0 1.25em;\r\n					}\r\n\r\n					.row.gtr-50.gtr-uniform {\r\n						margin-top: -1.25em;\r\n					}\r\n\r\n						.row.gtr-50.gtr-uniform > * {\r\n							padding-top: 1.25em;\r\n						}\r\n\r\n				.row {\r\n					margin-top: 0;\r\n					margin-left: -2.5em;\r\n				}\r\n\r\n					.row > * {\r\n						padding: 0 0 0 2.5em;\r\n					}\r\n\r\n					.row.gtr-uniform {\r\n						margin-top: -2.5em;\r\n					}\r\n\r\n						.row.gtr-uniform > * {\r\n							padding-top: 2.5em;\r\n						}\r\n\r\n				.row.gtr-150 {\r\n					margin-top: 0;\r\n					margin-left: -3.75em;\r\n				}\r\n\r\n					.row.gtr-150 > * {\r\n						padding: 0 0 0 3.75em;\r\n					}\r\n\r\n					.row.gtr-150.gtr-uniform {\r\n						margin-top: -3.75em;\r\n					}\r\n\r\n						.row.gtr-150.gtr-uniform > * {\r\n							padding-top: 3.75em;\r\n						}\r\n\r\n				.row.gtr-200 {\r\n					margin-top: 0;\r\n					margin-left: -5em;\r\n				}\r\n\r\n					.row.gtr-200 > * {\r\n						padding: 0 0 0 5em;\r\n					}\r\n\r\n					.row.gtr-200.gtr-uniform {\r\n						margin-top: -5em;\r\n					}\r\n\r\n						.row.gtr-200.gtr-uniform > * {\r\n							padding-top: 5em;\r\n						}\r\n\r\n		}\r\n\r\n		@media screen and (max-width: 480px) {\r\n\r\n			.row {\r\n				display: flex;\r\n				flex-wrap: wrap;\r\n				box-sizing: border-box;\r\n				align-items: stretch;\r\n			}\r\n\r\n				.row > * {\r\n					box-sizing: border-box;\r\n				}\r\n\r\n				.row.gtr-uniform > * > :last-child {\r\n					margin-bottom: 0;\r\n				}\r\n\r\n				.row.aln-left {\r\n					justify-content: flex-start;\r\n				}\r\n\r\n				.row.aln-center {\r\n					justify-content: center;\r\n				}\r\n\r\n				.row.aln-right {\r\n					justify-content: flex-end;\r\n				}\r\n\r\n				.row.aln-top {\r\n					align-items: flex-start;\r\n				}\r\n\r\n				.row.aln-middle {\r\n					align-items: center;\r\n				}\r\n\r\n				.row.aln-bottom {\r\n					align-items: flex-end;\r\n				}\r\n\r\n				.row > .imp-xsmall {\r\n					order: -1;\r\n				}\r\n\r\n				.row > .col-1-xsmall {\r\n					width: 8.33333%;\r\n				}\r\n\r\n				.row > .off-1-xsmall {\r\n					margin-left: 8.33333%;\r\n				}\r\n\r\n				.row > .col-2-xsmall {\r\n					width: 16.66667%;\r\n				}\r\n\r\n				.row > .off-2-xsmall {\r\n					margin-left: 16.66667%;\r\n				}\r\n\r\n				.row > .col-3-xsmall {\r\n					width: 25%;\r\n				}\r\n\r\n				.row > .off-3-xsmall {\r\n					margin-left: 25%;\r\n				}\r\n\r\n				.row > .col-4-xsmall {\r\n					width: 33.33333%;\r\n				}\r\n\r\n				.row > .off-4-xsmall {\r\n					margin-left: 33.33333%;\r\n				}\r\n\r\n				.row > .col-5-xsmall {\r\n					width: 41.66667%;\r\n				}\r\n\r\n				.row > .off-5-xsmall {\r\n					margin-left: 41.66667%;\r\n				}\r\n\r\n				.row > .col-6-xsmall {\r\n					width: 50%;\r\n				}\r\n\r\n				.row > .off-6-xsmall {\r\n					margin-left: 50%;\r\n				}\r\n\r\n				.row > .col-7-xsmall {\r\n					width: 58.33333%;\r\n				}\r\n\r\n				.row > .off-7-xsmall {\r\n					margin-left: 58.33333%;\r\n				}\r\n\r\n				.row > .col-8-xsmall {\r\n					width: 66.66667%;\r\n				}\r\n\r\n				.row > .off-8-xsmall {\r\n					margin-left: 66.66667%;\r\n				}\r\n\r\n				.row > .col-9-xsmall {\r\n					width: 75%;\r\n				}\r\n\r\n				.row > .off-9-xsmall {\r\n					margin-left: 75%;\r\n				}\r\n\r\n				.row > .col-10-xsmall {\r\n					width: 83.33333%;\r\n				}\r\n\r\n				.row > .off-10-xsmall {\r\n					margin-left: 83.33333%;\r\n				}\r\n\r\n				.row > .col-11-xsmall {\r\n					width: 91.66667%;\r\n				}\r\n\r\n				.row > .off-11-xsmall {\r\n					margin-left: 91.66667%;\r\n				}\r\n\r\n				.row > .col-12-xsmall {\r\n					width: 100%;\r\n				}\r\n\r\n				.row > .off-12-xsmall {\r\n					margin-left: 100%;\r\n				}\r\n\r\n				.row.gtr-0 {\r\n					margin-top: 0;\r\n					margin-left: 0em;\r\n				}\r\n\r\n					.row.gtr-0 > * {\r\n						padding: 0 0 0 0em;\r\n					}\r\n\r\n					.row.gtr-0.gtr-uniform {\r\n						margin-top: 0em;\r\n					}\r\n\r\n						.row.gtr-0.gtr-uniform > * {\r\n							padding-top: 0em;\r\n						}\r\n\r\n				.row.gtr-25 {\r\n					margin-top: 0;\r\n					margin-left: -0.625em;\r\n				}\r\n\r\n					.row.gtr-25 > * {\r\n						padding: 0 0 0 0.625em;\r\n					}\r\n\r\n					.row.gtr-25.gtr-uniform {\r\n						margin-top: -0.625em;\r\n					}\r\n\r\n						.row.gtr-25.gtr-uniform > * {\r\n							padding-top: 0.625em;\r\n						}\r\n\r\n				.row.gtr-50 {\r\n					margin-top: 0;\r\n					margin-left: -1.25em;\r\n				}\r\n\r\n					.row.gtr-50 > * {\r\n						padding: 0 0 0 1.25em;\r\n					}\r\n\r\n					.row.gtr-50.gtr-uniform {\r\n						margin-top: -1.25em;\r\n					}\r\n\r\n						.row.gtr-50.gtr-uniform > * {\r\n							padding-top: 1.25em;\r\n						}\r\n\r\n				.row {\r\n					margin-top: 0;\r\n					margin-left: -2.5em;\r\n				}\r\n\r\n					.row > * {\r\n						padding: 0 0 0 2.5em;\r\n					}\r\n\r\n					.row.gtr-uniform {\r\n						margin-top: -2.5em;\r\n					}\r\n\r\n						.row.gtr-uniform > * {\r\n							padding-top: 2.5em;\r\n						}\r\n\r\n				.row.gtr-150 {\r\n					margin-top: 0;\r\n					margin-left: -3.75em;\r\n				}\r\n\r\n					.row.gtr-150 > * {\r\n						padding: 0 0 0 3.75em;\r\n					}\r\n\r\n					.row.gtr-150.gtr-uniform {\r\n						margin-top: -3.75em;\r\n					}\r\n\r\n						.row.gtr-150.gtr-uniform > * {\r\n							padding-top: 3.75em;\r\n						}\r\n\r\n				.row.gtr-200 {\r\n					margin-top: 0;\r\n					margin-left: -5em;\r\n				}\r\n\r\n					.row.gtr-200 > * {\r\n						padding: 0 0 0 5em;\r\n					}\r\n\r\n					.row.gtr-200.gtr-uniform {\r\n						margin-top: -5em;\r\n					}\r\n\r\n						.row.gtr-200.gtr-uniform > * {\r\n							padding-top: 5em;\r\n						}\r\n\r\n		}\r\n\r\n/* Section/Article */\r\n\r\n	section.special, article.special {\r\n		text-align: center;\r\n	}\r\n\r\n	header p {\r\n		color: #ffffff;\r\n		position: relative;\r\n		margin: 0 0 1.5em 0;\r\n	}\r\n\r\n	header h2 + p {\r\n		font-size: 1.25em;\r\n		margin-top: -1em;\r\n		line-height: 1.75em;\r\n	}\r\n\r\n	header h3 + p {\r\n		font-size: 1.1em;\r\n		margin-top: -0.8em;\r\n		line-height: 1.75em;\r\n	}\r\n\r\n	header h4 + p,\r\n	header h5 + p,\r\n	header h6 + p {\r\n		font-size: 0.9em;\r\n		margin-top: -0.6em;\r\n		line-height: 1.5em;\r\n	}\r\n\r\n	header.major {\r\n		margin: 0 0 4em 0;\r\n		position: relative;\r\n		text-align: center;\r\n	}\r\n\r\n		header.major:after {\r\n			background: #e44c65;\r\n			content: \'\';\r\n			display: inline-block;\r\n			height: 0.2em;\r\n			max-width: 20em;\r\n			width: 75%;\r\n		}\r\n\r\n	footer.major {\r\n		margin: 4em 0 0 0;\r\n	}\r\n\r\n/* Form */\r\n\r\n	form {\r\n		margin: 0 0 2em 0;\r\n	}\r\n\r\n		form.cta {\r\n			max-width: 35em;\r\n			margin-left: auto;\r\n			margin-right: auto;\r\n		}\r\n\r\n	label {\r\n		color: #ffffff;\r\n		display: block;\r\n		font-size: 0.9em;\r\n		font-weight: 300;\r\n		margin: 0 0 1em 0;\r\n	}\r\n\r\n	input[type=\"text\"],\r\n	input[type=\"password\"],\r\n	input[type=\"email\"],\r\n	select,\r\n	textarea {\r\n		-moz-appearance: none;\r\n		-webkit-appearance: none;\r\n		-ms-appearance: none;\r\n		appearance: none;\r\n		-moz-transition: border-color 0.2s ease-in-out;\r\n		-webkit-transition: border-color 0.2s ease-in-out;\r\n		-ms-transition: border-color 0.2s ease-in-out;\r\n		transition: border-color 0.2s ease-in-out;\r\n		background: transparent;\r\n		border-radius: 4px;\r\n		border: solid 1px rgba(255, 255, 255, 0.3);\r\n		color: inherit;\r\n		display: block;\r\n		outline: 0;\r\n		padding: 0 1em;\r\n		text-decoration: none;\r\n		width: 100%;\r\n	}\r\n\r\n		input[type=\"text\"]:invalid,\r\n		input[type=\"password\"]:invalid,\r\n		input[type=\"email\"]:invalid,\r\n		select:invalid,\r\n		textarea:invalid {\r\n			box-shadow: none;\r\n		}\r\n\r\n		input[type=\"text\"]:focus,\r\n		input[type=\"password\"]:focus,\r\n		input[type=\"email\"]:focus,\r\n		select:focus,\r\n		textarea:focus {\r\n			border-color: #e44c65;\r\n		}\r\n\r\n	select {\r\n		background-image: url(\"data:image/svg+xml;charset=utf8,%3Csvg xmlns=\'http://www.w3.org/2000/svg\' width=\'40\' height=\'40\' preserveAspectRatio=\'none\' viewBox=\'0 0 40 40\'%3E%3Cpath d=\'M9.4,12.3l10.4,10.4l10.4-10.4c0.2-0.2,0.5-0.4,0.9-0.4c0.3,0,0.6,0.1,0.9,0.4l3.3,3.3c0.2,0.2,0.4,0.5,0.4,0.9 c0,0.4-0.1,0.6-0.4,0.9L20.7,31.9c-0.2,0.2-0.5,0.4-0.9,0.4c-0.3,0-0.6-0.1-0.9-0.4L4.3,17.3c-0.2-0.2-0.4-0.5-0.4-0.9 c0-0.4,0.1-0.6,0.4-0.9l3.3-3.3c0.2-0.2,0.5-0.4,0.9-0.4S9.1,12.1,9.4,12.3z\' fill=\'rgba(255, 255, 255, 0.3)\' /%3E%3C/svg%3E\");\r\n		background-size: 1.25rem;\r\n		background-repeat: no-repeat;\r\n		background-position: calc(100% - 1rem) center;\r\n		height: 3em;\r\n		padding-right: 3em;\r\n		text-overflow: ellipsis;\r\n	}\r\n\r\n		select option {\r\n			color: #ffffff;\r\n			background: #1c1d26;\r\n		}\r\n\r\n		select:focus::-ms-value {\r\n			background-color: transparent;\r\n		}\r\n\r\n		select::-ms-expand {\r\n			display: none;\r\n		}\r\n\r\n	input[type=\"text\"],\r\n	input[type=\"password\"],\r\n	input[type=\"email\"],\r\n	select {\r\n		height: 3em;\r\n	}\r\n\r\n	textarea {\r\n		padding: 0.75em 1em;\r\n	}\r\n\r\n	input[type=\"checkbox\"],\r\n	input[type=\"radio\"] {\r\n		-moz-appearance: none;\r\n		-webkit-appearance: none;\r\n		-ms-appearance: none;\r\n		appearance: none;\r\n		display: block;\r\n		float: left;\r\n		margin-right: -2em;\r\n		opacity: 0;\r\n		width: 1em;\r\n		z-index: -1;\r\n	}\r\n\r\n		input[type=\"checkbox\"] + label,\r\n		input[type=\"radio\"] + label {\r\n			text-decoration: none;\r\n			color: rgba(255, 255, 255, 0.75);\r\n			cursor: pointer;\r\n			display: inline-block;\r\n			font-size: 1em;\r\n			font-weight: 100;\r\n			padding-left: 2.55em;\r\n			padding-right: 0.75em;\r\n			position: relative;\r\n		}\r\n\r\n			input[type=\"checkbox\"] + label:before,\r\n			input[type=\"radio\"] + label:before {\r\n				-moz-osx-font-smoothing: grayscale;\r\n				-webkit-font-smoothing: antialiased;\r\n				display: inline-block;\r\n				font-style: normal;\r\n				font-variant: normal;\r\n				text-rendering: auto;\r\n				line-height: 1;\r\n				text-transform: none !important;\r\n				font-family: \'Font Awesome 5 Free\';\r\n				font-weight: 900;\r\n			}\r\n\r\n			input[type=\"checkbox\"] + label:before,\r\n			input[type=\"radio\"] + label:before {\r\n				border-radius: 4px;\r\n				border: solid 1px rgba(255, 255, 255, 0.3);\r\n				content: \'\';\r\n				display: inline-block;\r\n				font-size: 0.8em;\r\n				height: 2.25em;\r\n				left: 0;\r\n				line-height: 2.25em;\r\n				position: absolute;\r\n				text-align: center;\r\n				top: 0;\r\n				width: 2.25em;\r\n			}\r\n\r\n		input[type=\"checkbox\"]:checked + label:before,\r\n		input[type=\"radio\"]:checked + label:before {\r\n			background: rgba(255, 255, 255, 0.25);\r\n			color: #ffffff;\r\n			content: \'\\f00c\';\r\n		}\r\n\r\n		input[type=\"checkbox\"]:focus + label:before,\r\n		input[type=\"radio\"]:focus + label:before {\r\n			border-color: #e44c65;\r\n		}\r\n\r\n	input[type=\"checkbox\"] + label:before {\r\n		border-radius: 4px;\r\n	}\r\n\r\n	input[type=\"radio\"] + label:before {\r\n		border-radius: 100%;\r\n	}\r\n\r\n	::-webkit-input-placeholder {\r\n		color: rgba(255, 255, 255, 0.5) !important;\r\n		opacity: 1.0;\r\n	}\r\n\r\n	:-moz-placeholder {\r\n		color: rgba(255, 255, 255, 0.5) !important;\r\n		opacity: 1.0;\r\n	}\r\n\r\n	::-moz-placeholder {\r\n		color: rgba(255, 255, 255, 0.5) !important;\r\n		opacity: 1.0;\r\n	}\r\n\r\n	:-ms-input-placeholder {\r\n		color: rgba(255, 255, 255, 0.5) !important;\r\n		opacity: 1.0;\r\n	}\r\n\r\n/* Box */\r\n\r\n	.box {\r\n		border-radius: 4px;\r\n		border: solid 1px rgba(255, 255, 255, 0.3);\r\n		margin-bottom: 2em;\r\n		padding: 1.5em;\r\n	}\r\n\r\n		.box > :last-child,\r\n		.box > :last-child > :last-child,\r\n		.box > :last-child > :last-child > :last-child {\r\n			margin-bottom: 0;\r\n		}\r\n\r\n		.box.alt {\r\n			border: 0;\r\n			border-radius: 0;\r\n			padding: 0;\r\n		}\r\n\r\n/* Icon */\r\n\r\n	.icon {\r\n		text-decoration: none;\r\n		border-bottom: none;\r\n		position: relative;\r\n	}\r\n\r\n		.icon:before {\r\n			-moz-osx-font-smoothing: grayscale;\r\n			-webkit-font-smoothing: antialiased;\r\n			display: inline-block;\r\n			font-style: normal;\r\n			font-variant: normal;\r\n			text-rendering: auto;\r\n			line-height: 1;\r\n			text-transform: none !important;\r\n			font-family: \'Font Awesome 5 Free\';\r\n			font-weight: 400;\r\n		}\r\n\r\n		.icon > .label {\r\n			display: none;\r\n		}\r\n\r\n		.icon:before {\r\n			line-height: inherit;\r\n		}\r\n\r\n		.icon.solid:before {\r\n			font-weight: 900 !important;\r\n		}\r\n\r\n		.icon.brands:before {\r\n			font-family: \'Font Awesome 5 Brands\' !important;\r\n		}\r\n\r\n		.icon.alt {\r\n			text-decoration: none;\r\n		}\r\n\r\n			.icon.alt:before {\r\n				-moz-osx-font-smoothing: grayscale;\r\n				-webkit-font-smoothing: antialiased;\r\n				display: inline-block;\r\n				font-style: normal;\r\n				font-variant: normal;\r\n				text-rendering: auto;\r\n				line-height: 1;\r\n				text-transform: none !important;\r\n				font-family: \'Font Awesome 5 Free\';\r\n				font-weight: 400;\r\n			}\r\n\r\n			.icon.alt:before {\r\n				color: #1c1d26 !important;\r\n				text-shadow: 1px 0 0 #ffffff, -1px 0 0 #ffffff, 0 1px 0 #ffffff, 0 -1px 0 #ffffff;\r\n			}\r\n\r\n		.icon.major {\r\n			background: #272833;\r\n			border-radius: 100%;\r\n			cursor: default;\r\n			display: inline-block;\r\n			height: 6em;\r\n			line-height: 5.65em;\r\n			margin: 0 0 2em 0;\r\n			text-align: center;\r\n			width: 6em;\r\n		}\r\n\r\n			.icon.major:before {\r\n				font-size: 2.25em;\r\n			}\r\n\r\n			.icon.major.alt {\r\n				text-decoration: none;\r\n			}\r\n\r\n				.icon.major.alt:before {\r\n					-moz-osx-font-smoothing: grayscale;\r\n					-webkit-font-smoothing: antialiased;\r\n					display: inline-block;\r\n					font-style: normal;\r\n					font-variant: normal;\r\n					text-rendering: auto;\r\n					line-height: 1;\r\n					text-transform: none !important;\r\n					font-family: \'Font Awesome 5 Free\';\r\n					font-weight: 400;\r\n				}\r\n\r\n				.icon.major.alt:before {\r\n					color: #272833 !important;\r\n					text-shadow: 1px 0 0 #ffffff, -1px 0 0 #ffffff, 0 1px 0 #ffffff, 0 -1px 0 #ffffff;\r\n				}\r\n\r\n/* Image */\r\n\r\n	.image {\r\n		border-radius: 4px;\r\n		border: 0;\r\n		display: inline-block;\r\n		position: relative;\r\n		overflow: hidden;\r\n	}\r\n\r\n		.image:before {\r\n			content: \'\';\r\n			display: block;\r\n			position: absolute;\r\n			left: 0;\r\n			top: 0;\r\n			background-image: url(\"images/overlay.png\");\r\n			width: 100%;\r\n			height: 100%;\r\n			z-index: 1;\r\n		}\r\n\r\n		.image img {\r\n			border-radius: 4px;\r\n			display: block;\r\n		}\r\n\r\n		.image.left {\r\n			float: left;\r\n			margin: 0 1.5em 1em 0;\r\n			top: 0.25em;\r\n		}\r\n\r\n		.image.right {\r\n			float: right;\r\n			margin: 0 0 1em 1.5em;\r\n			top: 0.25em;\r\n		}\r\n\r\n		.image.left, .image.right {\r\n			max-width: 40%;\r\n		}\r\n\r\n			.image.left img, .image.right img {\r\n				width: 100%;\r\n			}\r\n\r\n		.image.fit {\r\n			display: block;\r\n			margin: 0 0 2em 0;\r\n			width: 100%;\r\n		}\r\n\r\n			.image.fit img {\r\n				width: 100%;\r\n			}\r\n\r\n/* List */\r\n\r\n	ol {\r\n		list-style: decimal;\r\n		margin: 0 0 2em 0;\r\n		padding-left: 1.25em;\r\n	}\r\n\r\n		ol li {\r\n			padding-left: 0.25em;\r\n		}\r\n\r\n	ul {\r\n		list-style: disc;\r\n		margin: 0 0 2em 0;\r\n		padding-left: 1em;\r\n	}\r\n\r\n		ul li {\r\n			padding-left: 0.5em;\r\n		}\r\n\r\n		ul.alt {\r\n			list-style: none;\r\n			padding-left: 0;\r\n		}\r\n\r\n			ul.alt li {\r\n				border-top: solid 1px rgba(255, 255, 255, 0.3);\r\n				padding: 0.5em 0;\r\n			}\r\n\r\n				ul.alt li:first-child {\r\n					border-top: 0;\r\n					padding-top: 0;\r\n				}\r\n\r\n	dl {\r\n		margin: 0 0 2em 0;\r\n	}\r\n\r\n/* Icons */\r\n\r\n	ul.icons {\r\n		cursor: default;\r\n		list-style: none;\r\n		padding-left: 0;\r\n	}\r\n\r\n		ul.icons li {\r\n			display: inline-block;\r\n			height: 2.5em;\r\n			line-height: 2.5em;\r\n			padding: 0 0.5em;\r\n		}\r\n\r\n			ul.icons li .icon {\r\n				font-size: 0.8em;\r\n			}\r\n\r\n				ul.icons li .icon:before {\r\n					font-size: 2em;\r\n				}\r\n\r\n/* Actions */\r\n\r\n	ul.actions {\r\n		display: -moz-flex;\r\n		display: -webkit-flex;\r\n		display: -ms-flex;\r\n		display: flex;\r\n		cursor: default;\r\n		list-style: none;\r\n		margin-left: -1em;\r\n		padding-left: 0;\r\n	}\r\n\r\n		ul.actions li {\r\n			padding: 0 0 0 1em;\r\n			vertical-align: middle;\r\n		}\r\n\r\n		ul.actions.special {\r\n			-moz-justify-content: center;\r\n			-webkit-justify-content: center;\r\n			-ms-justify-content: center;\r\n			justify-content: center;\r\n			width: 100%;\r\n			margin-left: 0;\r\n		}\r\n\r\n			ul.actions.special li:first-child {\r\n				padding-left: 0;\r\n			}\r\n\r\n		ul.actions.stacked {\r\n			-moz-flex-direction: column;\r\n			-webkit-flex-direction: column;\r\n			-ms-flex-direction: column;\r\n			flex-direction: column;\r\n			margin-left: 0;\r\n		}\r\n\r\n			ul.actions.stacked li {\r\n				padding: 1.3em 0 0 0;\r\n			}\r\n\r\n				ul.actions.stacked li:first-child {\r\n					padding-top: 0;\r\n				}\r\n\r\n		ul.actions.fit {\r\n			width: calc(100% + 1em);\r\n		}\r\n\r\n			ul.actions.fit li {\r\n				-moz-flex-grow: 1;\r\n				-webkit-flex-grow: 1;\r\n				-ms-flex-grow: 1;\r\n				flex-grow: 1;\r\n				-moz-flex-shrink: 1;\r\n				-webkit-flex-shrink: 1;\r\n				-ms-flex-shrink: 1;\r\n				flex-shrink: 1;\r\n				width: 100%;\r\n			}\r\n\r\n				ul.actions.fit li > * {\r\n					width: 100%;\r\n				}\r\n\r\n			ul.actions.fit.stacked {\r\n				width: 100%;\r\n			}\r\n\r\n		@media screen and (max-width: 480px) {\r\n\r\n			ul.actions:not(.fixed) {\r\n				-moz-flex-direction: column;\r\n				-webkit-flex-direction: column;\r\n				-ms-flex-direction: column;\r\n				flex-direction: column;\r\n				margin-left: 0;\r\n				width: 100% !important;\r\n			}\r\n\r\n				ul.actions:not(.fixed) li {\r\n					-moz-flex-grow: 1;\r\n					-webkit-flex-grow: 1;\r\n					-ms-flex-grow: 1;\r\n					flex-grow: 1;\r\n					-moz-flex-shrink: 1;\r\n					-webkit-flex-shrink: 1;\r\n					-ms-flex-shrink: 1;\r\n					flex-shrink: 1;\r\n					padding: 1em 0 0 0;\r\n					text-align: center;\r\n					width: 100%;\r\n				}\r\n\r\n					ul.actions:not(.fixed) li > * {\r\n						width: 100%;\r\n					}\r\n\r\n					ul.actions:not(.fixed) li:first-child {\r\n						padding-top: 0;\r\n					}\r\n\r\n					ul.actions:not(.fixed) li input[type=\"submit\"],\r\n					ul.actions:not(.fixed) li input[type=\"reset\"],\r\n					ul.actions:not(.fixed) li input[type=\"button\"],\r\n					ul.actions:not(.fixed) li button,\r\n					ul.actions:not(.fixed) li .button {\r\n						width: 100%;\r\n					}\r\n\r\n						ul.actions:not(.fixed) li input[type=\"submit\"].icon:before,\r\n						ul.actions:not(.fixed) li input[type=\"reset\"].icon:before,\r\n						ul.actions:not(.fixed) li input[type=\"button\"].icon:before,\r\n						ul.actions:not(.fixed) li button.icon:before,\r\n						ul.actions:not(.fixed) li .button.icon:before {\r\n							margin-left: -0.5em;\r\n						}\r\n\r\n		}\r\n\r\n/* Table */\r\n\r\n	.table-wrapper {\r\n		-webkit-overflow-scrolling: touch;\r\n		overflow-x: auto;\r\n	}\r\n\r\n	table {\r\n		margin: 0 0 2em 0;\r\n		width: 100%;\r\n	}\r\n\r\n		table tbody tr {\r\n			border: solid 1px rgba(255, 255, 255, 0.3);\r\n			border-left: 0;\r\n			border-right: 0;\r\n		}\r\n\r\n			table tbody tr:nth-child(2n + 1) {\r\n				background-color: rgba(255, 255, 255, 0.075);\r\n			}\r\n\r\n		table td {\r\n			padding: 0.75em 0.75em;\r\n		}\r\n\r\n		table th {\r\n			color: #ffffff;\r\n			font-size: 0.9em;\r\n			font-weight: 300;\r\n			padding: 0 0.75em 0.75em 0.75em;\r\n			text-align: left;\r\n		}\r\n\r\n		table thead {\r\n			border-bottom: solid 1px rgba(255, 255, 255, 0.3);\r\n		}\r\n\r\n		table tfoot {\r\n			border-top: solid 1px rgba(255, 255, 255, 0.3);\r\n		}\r\n\r\n		table.alt {\r\n			border-collapse: separate;\r\n		}\r\n\r\n			table.alt tbody tr td {\r\n				border: solid 1px rgba(255, 255, 255, 0.3);\r\n				border-left-width: 0;\r\n				border-top-width: 0;\r\n			}\r\n\r\n				table.alt tbody tr td:first-child {\r\n					border-left-width: 1px;\r\n				}\r\n\r\n			table.alt tbody tr:first-child td {\r\n				border-top-width: 1px;\r\n			}\r\n\r\n			table.alt thead {\r\n				border-bottom: 0;\r\n			}\r\n\r\n			table.alt tfoot {\r\n				border-top: 0;\r\n			}\r\n\r\n/* Button */\r\n\r\n	input[type=\"submit\"],\r\n	input[type=\"reset\"],\r\n	input[type=\"button\"],\r\n	.button {\r\n		-moz-appearance: none;\r\n		-webkit-appearance: none;\r\n		-ms-appearance: none;\r\n		appearance: none;\r\n		-moz-transition: background-color 0.2s ease-in-out, color 0.2s ease-in-out, box-shadow 0.2s ease-in-out;\r\n		-webkit-transition: background-color 0.2s ease-in-out, color 0.2s ease-in-out, box-shadow 0.2s ease-in-out;\r\n		-ms-transition: background-color 0.2s ease-in-out, color 0.2s ease-in-out, box-shadow 0.2s ease-in-out;\r\n		transition: background-color 0.2s ease-in-out, color 0.2s ease-in-out, box-shadow 0.2s ease-in-out;\r\n		background-color: transparent;\r\n		border-radius: 4px;\r\n		border: 0;\r\n		box-shadow: inset 0 0 0 1px rgba(255, 255, 255, 0.3);\r\n		color: #ffffff !important;\r\n		cursor: pointer;\r\n		display: inline-block;\r\n		font-weight: 300;\r\n		height: 3em;\r\n		line-height: 3em;\r\n		padding: 0 2.25em;\r\n		text-align: center;\r\n		text-decoration: none;\r\n		white-space: nowrap;\r\n	}\r\n\r\n		input[type=\"submit\"]:hover, input[type=\"submit\"]:active,\r\n		input[type=\"reset\"]:hover,\r\n		input[type=\"reset\"]:active,\r\n		input[type=\"button\"]:hover,\r\n		input[type=\"button\"]:active,\r\n		.button:hover,\r\n		.button:active {\r\n			box-shadow: inset 0 0 0 1px #e44c65;\r\n			color: #e44c65 !important;\r\n		}\r\n\r\n		input[type=\"submit\"]:active,\r\n		input[type=\"reset\"]:active,\r\n		input[type=\"button\"]:active,\r\n		.button:active {\r\n			background-color: rgba(228, 76, 101, 0.15);\r\n		}\r\n\r\n		input[type=\"submit\"].icon:before,\r\n		input[type=\"reset\"].icon:before,\r\n		input[type=\"button\"].icon:before,\r\n		.button.icon:before {\r\n			margin-right: 0.5em;\r\n		}\r\n\r\n		input[type=\"submit\"].fit,\r\n		input[type=\"reset\"].fit,\r\n		input[type=\"button\"].fit,\r\n		.button.fit {\r\n			width: 100%;\r\n		}\r\n\r\n		input[type=\"submit\"].small,\r\n		input[type=\"reset\"].small,\r\n		input[type=\"button\"].small,\r\n		.button.small {\r\n			font-size: 0.8em;\r\n		}\r\n\r\n		input[type=\"submit\"].large,\r\n		input[type=\"reset\"].large,\r\n		input[type=\"button\"].large,\r\n		.button.large {\r\n			font-size: 1.35em;\r\n		}\r\n\r\n		input[type=\"submit\"].primary,\r\n		input[type=\"reset\"].primary,\r\n		input[type=\"button\"].primary,\r\n		.button.primary {\r\n			background-color: #e44c65;\r\n			box-shadow: none;\r\n			color: #ffffff !important;\r\n		}\r\n\r\n			input[type=\"submit\"].primary:hover,\r\n			input[type=\"reset\"].primary:hover,\r\n			input[type=\"button\"].primary:hover,\r\n			.button.primary:hover {\r\n				background-color: #e76278;\r\n			}\r\n\r\n			input[type=\"submit\"].primary:active,\r\n			input[type=\"reset\"].primary:active,\r\n			input[type=\"button\"].primary:active,\r\n			.button.primary:active {\r\n				background-color: #e13652;\r\n			}\r\n\r\n		input[type=\"submit\"].disabled, input[type=\"submit\"]:disabled,\r\n		input[type=\"reset\"].disabled,\r\n		input[type=\"reset\"]:disabled,\r\n		input[type=\"button\"].disabled,\r\n		input[type=\"button\"]:disabled,\r\n		.button.disabled,\r\n		.button:disabled {\r\n			background-color: rgba(255, 255, 255, 0.3) !important;\r\n			box-shadow: none !important;\r\n			color: #ffffff !important;\r\n			cursor: default;\r\n			opacity: 0.25;\r\n		}\r\n\r\n/* Goto Next */\r\n\r\n	.goto-next {\r\n		border: 0;\r\n		bottom: 0;\r\n		display: block;\r\n		height: 5em;\r\n		left: 50%;\r\n		margin: 0 0 0 -5em;\r\n		overflow: hidden;\r\n		position: absolute;\r\n		text-indent: 10em;\r\n		white-space: nowrap;\r\n		width: 10em;\r\n		z-index: 1;\r\n	}\r\n\r\n		.goto-next:before {\r\n			background-image: url(\"images/arrow.svg\");\r\n			background-position: center center;\r\n			background-repeat: no-repeat;\r\n			background-size: contain;\r\n			content: \'\';\r\n			display: block;\r\n			height: 1.5em;\r\n			left: 50%;\r\n			margin: -0.75em 0 0 -1em;\r\n			position: absolute;\r\n			top: 50%;\r\n			width: 2em;\r\n			z-index: 1;\r\n		}\r\n\r\n/* Spotlight */\r\n\r\n	.spotlight {\r\n		background-attachment: fixed;\r\n		background-position: center center;\r\n		background-size: cover;\r\n		box-shadow: 0 0.25em 0.5em 0 rgba(0, 0, 0, 0.25);\r\n		height: 100vh;\r\n		overflow: hidden;\r\n		position: relative;\r\n	}\r\n\r\n		.spotlight:nth-last-of-type(1) {\r\n			z-index: 1;\r\n		}\r\n\r\n		.spotlight:nth-last-of-type(2) {\r\n			z-index: 2;\r\n		}\r\n\r\n		.spotlight:nth-last-of-type(3) {\r\n			z-index: 3;\r\n		}\r\n\r\n		.spotlight:nth-last-of-type(4) {\r\n			z-index: 4;\r\n		}\r\n\r\n		.spotlight:nth-last-of-type(5) {\r\n			z-index: 5;\r\n		}\r\n\r\n		.spotlight:nth-last-of-type(6) {\r\n			z-index: 6;\r\n		}\r\n\r\n		.spotlight:nth-last-of-type(7) {\r\n			z-index: 7;\r\n		}\r\n\r\n		.spotlight:nth-last-of-type(8) {\r\n			z-index: 8;\r\n		}\r\n\r\n		.spotlight:nth-last-of-type(9) {\r\n			z-index: 9;\r\n		}\r\n\r\n		.spotlight:nth-last-of-type(10) {\r\n			z-index: 10;\r\n		}\r\n\r\n		.spotlight:nth-last-of-type(11) {\r\n			z-index: 11;\r\n		}\r\n\r\n		.spotlight:nth-last-of-type(12) {\r\n			z-index: 12;\r\n		}\r\n\r\n		.spotlight:nth-last-of-type(13) {\r\n			z-index: 13;\r\n		}\r\n\r\n		.spotlight:nth-last-of-type(14) {\r\n			z-index: 14;\r\n		}\r\n\r\n		.spotlight:nth-last-of-type(15) {\r\n			z-index: 15;\r\n		}\r\n\r\n		.spotlight:nth-last-of-type(16) {\r\n			z-index: 16;\r\n		}\r\n\r\n		.spotlight:nth-last-of-type(17) {\r\n			z-index: 17;\r\n		}\r\n\r\n		.spotlight:nth-last-of-type(18) {\r\n			z-index: 18;\r\n		}\r\n\r\n		.spotlight:nth-last-of-type(19) {\r\n			z-index: 19;\r\n		}\r\n\r\n		.spotlight:nth-last-of-type(20) {\r\n			z-index: 20;\r\n		}\r\n\r\n		.spotlight:before {\r\n			background-image: url(\"images/overlay.png\");\r\n			content: \'\';\r\n			display: block;\r\n			height: 100%;\r\n			left: 0;\r\n			top: 0;\r\n			width: 100%;\r\n		}\r\n\r\n		.spotlight .image.main {\r\n			display: none;\r\n		}\r\n\r\n			.spotlight .image.main img {\r\n				position: relative;\r\n			}\r\n\r\n		.spotlight .content {\r\n			-moz-transform: translate(0,0);\r\n			-webkit-transform: translate(0,0);\r\n			-ms-transform: translate(0,0);\r\n			transform: translate(0,0);\r\n			-moz-transition: -moz-transform 1s ease, opacity 1s ease;\r\n			-webkit-transition: -webkit-transform 1s ease, opacity 1s ease;\r\n			-ms-transition: -ms-transform 1s ease, opacity 1s ease;\r\n			transition: transform 1s ease, opacity 1s ease;\r\n			background: rgba(23, 24, 32, 0.95);\r\n			border-style: solid;\r\n			opacity: 1;\r\n			position: absolute;\r\n		}\r\n\r\n		.spotlight .goto-next {\r\n			-moz-transform: translate(0,0);\r\n			-webkit-transform: translate(0,0);\r\n			-ms-transform: translate(0,0);\r\n			transform: translate(0,0);\r\n			-moz-transition: -moz-transform 0.75s ease, opacity 1s ease-in;\r\n			-webkit-transition: -webkit-transform 0.75s ease, opacity 1s ease-in;\r\n			-ms-transition: -ms-transform 0.75s ease, opacity 1s ease-in;\r\n			transition: transform 0.75s ease, opacity 1s ease-in;\r\n			-moz-transition-delay: 0.5s;\r\n			-webkit-transition-delay: 0.5s;\r\n			-ms-transition-delay: 0.5s;\r\n			transition-delay: 0.5s;\r\n			opacity: 1;\r\n		}\r\n\r\n		.spotlight.top .content, .spotlight.bottom .content {\r\n			left: 0;\r\n			padding: 5.1em 0 3.1em 0;\r\n			width: 100%;\r\n		}\r\n\r\n		.spotlight.top .content {\r\n			border-bottom-width: 0.35em;\r\n			top: 0;\r\n		}\r\n\r\n		.spotlight.bottom .content {\r\n			border-top-width: 0.35em;\r\n			bottom: 0;\r\n		}\r\n\r\n		.spotlight.left .content, .spotlight.right .content {\r\n			height: 101%;\r\n			padding: 6em 3em;\r\n			top: 0;\r\n			width: 28em;\r\n		}\r\n\r\n		.spotlight.left .content {\r\n			border-right-width: 0.35em;\r\n			left: 0;\r\n		}\r\n\r\n		.spotlight.right .content {\r\n			border-left-width: 0.35em;\r\n			right: 0;\r\n		}\r\n\r\n		.spotlight.style1 .content {\r\n			border-color: #e44c65;\r\n		}\r\n\r\n		.spotlight.style2 .content {\r\n			border-color: #5480f1;\r\n		}\r\n\r\n		.spotlight.style3 .content {\r\n			border-color: #39c088;\r\n		}\r\n\r\n		.spotlight.inactive .content {\r\n			opacity: 0;\r\n		}\r\n\r\n		.spotlight.inactive .goto-next {\r\n			-moz-transform: translate(0,1.5em);\r\n			-webkit-transform: translate(0,1.5em);\r\n			-ms-transform: translate(0,1.5em);\r\n			transform: translate(0,1.5em);\r\n			opacity: 0;\r\n		}\r\n\r\n		.spotlight.inactive.top .content {\r\n			-moz-transform: translate(0,-5em);\r\n			-webkit-transform: translate(0,-5em);\r\n			-ms-transform: translate(0,-5em);\r\n			transform: translate(0,-5em);\r\n		}\r\n\r\n		.spotlight.inactive.bottom .content {\r\n			-moz-transform: translate(0,5em);\r\n			-webkit-transform: translate(0,5em);\r\n			-ms-transform: translate(0,5em);\r\n			transform: translate(0,5em);\r\n		}\r\n\r\n		.spotlight.inactive.left .content {\r\n			-moz-transform: translate(-5em,0);\r\n			-webkit-transform: translate(-5em,0);\r\n			-ms-transform: translate(-5em,0);\r\n			transform: translate(-5em,0);\r\n		}\r\n\r\n		.spotlight.inactive.right .content {\r\n			-moz-transform: translate(5em,0);\r\n			-webkit-transform: translate(5em,0);\r\n			-ms-transform: translate(5em,0);\r\n			transform: translate(5em,0);\r\n		}\r\n\r\n	body.is-touch .spotlight {\r\n		background-attachment: scroll;\r\n	}\r\n\r\n/* Wrapper */\r\n\r\n	.wrapper {\r\n		padding: 6em 0 4em 0;\r\n	}\r\n\r\n		.wrapper.style2 {\r\n			background: #e44c65;\r\n		}\r\n\r\n			.wrapper.style2 input[type=\"text\"]:focus,\r\n			.wrapper.style2 input[type=\"password\"]:focus,\r\n			.wrapper.style2 input[type=\"email\"]:focus,\r\n			.wrapper.style2 select:focus,\r\n			.wrapper.style2 textarea:focus {\r\n				border-color: rgba(255, 255, 255, 0.5);\r\n			}\r\n\r\n			.wrapper.style2 input[type=\"submit\"]:hover, .wrapper.style2 input[type=\"submit\"]:active,\r\n			.wrapper.style2 input[type=\"reset\"]:hover,\r\n			.wrapper.style2 input[type=\"reset\"]:active,\r\n			.wrapper.style2 input[type=\"button\"]:hover,\r\n			.wrapper.style2 input[type=\"button\"]:active,\r\n			.wrapper.style2 .button:hover,\r\n			.wrapper.style2 .button:active {\r\n				background-color: rgba(255, 255, 255, 0.075) !important;\r\n				box-shadow: inset 0 0 0 1px rgba(255, 255, 255, 0.5) !important;\r\n				color: #ffffff !important;\r\n			}\r\n\r\n			.wrapper.style2 input[type=\"submit\"]:active,\r\n			.wrapper.style2 input[type=\"reset\"]:active,\r\n			.wrapper.style2 input[type=\"button\"]:active,\r\n			.wrapper.style2 .button:active {\r\n				background-color: rgba(255, 255, 255, 0.25) !important;\r\n			}\r\n\r\n			.wrapper.style2 input[type=\"submit\"].primary,\r\n			.wrapper.style2 input[type=\"reset\"].primary,\r\n			.wrapper.style2 input[type=\"button\"].primary,\r\n			.wrapper.style2 .button.primary {\r\n				background-color: #ffffff;\r\n				color: #e44c65 !important;\r\n			}\r\n\r\n				.wrapper.style2 input[type=\"submit\"].primary:hover, .wrapper.style2 input[type=\"submit\"].primary:active,\r\n				.wrapper.style2 input[type=\"reset\"].primary:hover,\r\n				.wrapper.style2 input[type=\"reset\"].primary:active,\r\n				.wrapper.style2 input[type=\"button\"].primary:hover,\r\n				.wrapper.style2 input[type=\"button\"].primary:active,\r\n				.wrapper.style2 .button.primary:hover,\r\n				.wrapper.style2 .button.primary:active {\r\n					background-color: rgba(255, 255, 255, 0.075) !important;\r\n					box-shadow: inset 0 0 0 1px rgba(255, 255, 255, 0.5) !important;\r\n					color: #ffffff !important;\r\n				}\r\n\r\n				.wrapper.style2 input[type=\"submit\"].primary:active,\r\n				.wrapper.style2 input[type=\"reset\"].primary:active,\r\n				.wrapper.style2 input[type=\"button\"].primary:active,\r\n				.wrapper.style2 .button.primary:active {\r\n					background-color: rgba(255, 255, 255, 0.25) !important;\r\n				}\r\n\r\n		.wrapper.fade-down > .container {\r\n			-moz-transform: translate(0,0);\r\n			-webkit-transform: translate(0,0);\r\n			-ms-transform: translate(0,0);\r\n			transform: translate(0,0);\r\n			-moz-transition: -moz-transform 1s ease, opacity 1s ease;\r\n			-webkit-transition: -webkit-transform 1s ease, opacity 1s ease;\r\n			-ms-transition: -ms-transform 1s ease, opacity 1s ease;\r\n			transition: transform 1s ease, opacity 1s ease;\r\n			opacity: 1;\r\n		}\r\n\r\n		.wrapper.fade-down.inactive > .container {\r\n			-moz-transform: translate(0,-1em);\r\n			-webkit-transform: translate(0,-1em);\r\n			-ms-transform: translate(0,-1em);\r\n			transform: translate(0,-1em);\r\n			opacity: 0;\r\n		}\r\n\r\n		.wrapper.fade-up > .container {\r\n			-moz-transform: translate(0,0);\r\n			-webkit-transform: translate(0,0);\r\n			-ms-transform: translate(0,0);\r\n			transform: translate(0,0);\r\n			-moz-transition: -moz-transform 1s ease, opacity 1s ease;\r\n			-webkit-transition: -webkit-transform 1s ease, opacity 1s ease;\r\n			-ms-transition: -ms-transform 1s ease, opacity 1s ease;\r\n			transition: transform 1s ease, opacity 1s ease;\r\n			opacity: 1;\r\n		}\r\n\r\n		.wrapper.fade-up.inactive > .container {\r\n			-moz-transform: translate(0,1em);\r\n			-webkit-transform: translate(0,1em);\r\n			-ms-transform: translate(0,1em);\r\n			transform: translate(0,1em);\r\n			opacity: 0;\r\n		}\r\n\r\n		.wrapper.fade > .container {\r\n			-moz-transition: opacity 1s ease;\r\n			-webkit-transition: opacity 1s ease;\r\n			-ms-transition: opacity 1s ease;\r\n			transition: opacity 1s ease;\r\n			opacity: 1;\r\n		}\r\n\r\n		.wrapper.fade.inactive > .container {\r\n			opacity: 0;\r\n		}\r\n\r\n/* Dropotron */\r\n\r\n	.dropotron {\r\n		background: rgba(39, 40, 51, 0.965);\r\n		border-radius: 4px;\r\n		box-shadow: 0 0.075em 0.35em 0 rgba(0, 0, 0, 0.125);\r\n		list-style: none;\r\n		margin-top: calc(-0.25em + 1px);\r\n		min-width: 12em;\r\n		padding: 0.25em 0;\r\n	}\r\n\r\n		.dropotron > li {\r\n			border-top: solid 1px rgba(255, 255, 255, 0.035);\r\n			padding: 0;\r\n		}\r\n\r\n			.dropotron > li a, .dropotron > li span {\r\n				border: 0;\r\n				color: rgba(255, 255, 255, 0.75);\r\n				display: block;\r\n				padding: 0.1em 1em;\r\n				text-decoration: none;\r\n			}\r\n\r\n			.dropotron > li:first-child {\r\n				border-top: 0;\r\n			}\r\n\r\n			.dropotron > li.active > a, .dropotron > li.active > span {\r\n				color: #e44c65;\r\n			}\r\n\r\n		.dropotron.level-0 {\r\n			font-size: 0.8em;\r\n			margin-top: 1em;\r\n		}\r\n\r\n			.dropotron.level-0:before {\r\n				-moz-transform: rotate(45deg);\r\n				-webkit-transform: rotate(45deg);\r\n				-ms-transform: rotate(45deg);\r\n				transform: rotate(45deg);\r\n				background: #272833;\r\n				content: \'\';\r\n				display: block;\r\n				height: 1em;\r\n				position: absolute;\r\n				right: 1.5em;\r\n				top: -0.5em;\r\n				width: 1em;\r\n			}\r\n\r\n	body.landing .dropotron.level-0 {\r\n		margin-top: 0;\r\n	}\r\n\r\n/* Header */\r\n\r\n	#page-wrapper {\r\n		padding-top: 3.5em;\r\n	}\r\n\r\n	#header {\r\n		background: rgba(39, 40, 51, 0.965);\r\n		box-shadow: 0 0 0.25em 0 rgba(0, 0, 0, 0.25);\r\n		cursor: default;\r\n		height: 3.5em;\r\n		left: 0;\r\n		line-height: 3.5em;\r\n		position: fixed;\r\n		top: 0;\r\n		width: 100%;\r\n		z-index: 100;\r\n	}\r\n\r\n		#header h1 {\r\n			height: inherit;\r\n			left: 1.25em;\r\n			line-height: inherit;\r\n			margin: 0;\r\n			position: absolute;\r\n			top: 0;\r\n		}\r\n\r\n		#header nav {\r\n			position: absolute;\r\n			right: 1em;\r\n			top: 0;\r\n		}\r\n\r\n			#header nav ul {\r\n				margin: 0;\r\n			}\r\n\r\n				#header nav ul li {\r\n					display: inline-block;\r\n					margin-left: 1em;\r\n				}\r\n\r\n					#header nav ul li a, #header nav ul li span {\r\n						border: 0;\r\n						color: inherit;\r\n						display: inline-block;\r\n						height: inherit;\r\n						line-height: inherit;\r\n						outline: 0;\r\n					}\r\n\r\n						#header nav ul li a.button, #header nav ul li span.button {\r\n							height: 2em;\r\n							line-height: 2em;\r\n							padding: 0 1.25em;\r\n						}\r\n\r\n						#header nav ul li a:not(.button):before, #header nav ul li span:not(.button):before {\r\n							margin-right: 0.5em;\r\n						}\r\n\r\n					#header nav ul li.active > a, #header nav ul li.active > span {\r\n						color: #e44c65;\r\n					}\r\n\r\n					#header nav ul li > ul {\r\n						display: none;\r\n					}\r\n\r\n	body.landing #page-wrapper {\r\n		padding-top: 0;\r\n	}\r\n\r\n	body.landing #header {\r\n		background: transparent;\r\n		box-shadow: none;\r\n		position: absolute;\r\n	}\r\n\r\n/* Banner */\r\n\r\n	#banner {\r\n		background-attachment: fixed;\r\n		background-color: #272833;\r\n		background-image: url(\"../../images/banner.jpg\");\r\n		background-position: center center;\r\n		background-size: cover;\r\n		box-shadow: 0 0.25em 0.5em 0 rgba(0, 0, 0, 0.25);\r\n		min-height: 100vh;\r\n		position: relative;\r\n		text-align: center;\r\n		z-index: 21;\r\n	}\r\n\r\n		#banner:before {\r\n			content: \'\';\r\n			display: inline-block;\r\n			height: 100vh;\r\n			vertical-align: middle;\r\n			width: 1%;\r\n		}\r\n\r\n		#banner:after {\r\n			background-image: -moz-linear-gradient(top, rgba(23, 24, 32, 0.95), rgba(23, 24, 32, 0.95)), url(\"images/overlay.png\");;\r\n			background-image: -webkit-linear-gradient(top, rgba(23, 24, 32, 0.95), rgba(23, 24, 32, 0.95)), url(\"images/overlay.png\");;\r\n			background-image: -ms-linear-gradient(top, rgba(23, 24, 32, 0.95), rgba(23, 24, 32, 0.95)), url(\"images/overlay.png\");;\r\n			background-image: linear-gradient(top, rgba(23, 24, 32, 0.95), rgba(23, 24, 32, 0.95)), url(\"images/overlay.png\");;\r\n			content: \'\';\r\n			display: block;\r\n			height: 100%;\r\n			left: 0;\r\n			position: absolute;\r\n			top: 0;\r\n			width: 100%;\r\n		}\r\n\r\n		#banner .content {\r\n			display: inline-block;\r\n			margin-right: 1%;\r\n			max-width: 95%;\r\n			padding: 6em;\r\n			position: relative;\r\n			text-align: right;\r\n			vertical-align: middle;\r\n			z-index: 1;\r\n		}\r\n\r\n			#banner .content header {\r\n				display: inline-block;\r\n				vertical-align: middle;\r\n			}\r\n\r\n				#banner .content header h2 {\r\n					font-size: 2.5em;\r\n					margin: 0;\r\n				}\r\n\r\n				#banner .content header p {\r\n					margin: 0.5em 0 0 0;\r\n					top: 0;\r\n				}\r\n\r\n			#banner .content .image {\r\n				border-radius: 100%;\r\n				display: inline-block;\r\n				height: 18em;\r\n				margin-left: 3em;\r\n				vertical-align: middle;\r\n				width: 18em;\r\n			}\r\n\r\n				#banner .content .image img {\r\n					border-radius: 100%;\r\n					display: block;\r\n					width: 100%;\r\n				}\r\n\r\n	body.is-touch #banner {\r\n		background-attachment: scroll;\r\n	}\r\n\r\n/* Footer */\r\n\r\n	#footer {\r\n		background: #272833;\r\n		padding: 6em 0;\r\n		text-align: center;\r\n	}\r\n\r\n		#footer .icons .icon.alt {\r\n			text-decoration: none;\r\n		}\r\n\r\n			#footer .icons .icon.alt:before {\r\n				-moz-osx-font-smoothing: grayscale;\r\n				-webkit-font-smoothing: antialiased;\r\n				display: inline-block;\r\n				font-style: normal;\r\n				font-variant: normal;\r\n				text-rendering: auto;\r\n				line-height: 1;\r\n				text-transform: none !important;\r\n				font-family: \'Font Awesome 5 Free\';\r\n				font-weight: 400;\r\n			}\r\n\r\n			#footer .icons .icon.alt:before {\r\n				color: #272833 !important;\r\n				text-shadow: 1px 0 0 rgba(255, 255, 255, 0.5), -1px 0 0 rgba(255, 255, 255, 0.5), 0 1px 0 rgba(255, 255, 255, 0.5), 0 -1px 0 rgba(255, 255, 255, 0.5);\r\n			}\r\n\r\n		#footer .copyright {\r\n			color: rgba(255, 255, 255, 0.5);\r\n			font-size: 0.8em;\r\n			line-height: 1em;\r\n			margin: 2em 0 0 0;\r\n			padding: 0;\r\n			text-align: center;\r\n		}\r\n\r\n			#footer .copyright li {\r\n				border-left: solid 1px rgba(255, 255, 255, 0.3);\r\n				display: inline-block;\r\n				list-style: none;\r\n				margin-left: 1.5em;\r\n				padding-left: 1.5em;\r\n			}\r\n\r\n				#footer .copyright li:first-child {\r\n					border-left: 0;\r\n					margin-left: 0;\r\n					padding-left: 0;\r\n				}\r\n\r\n				#footer .copyright li a {\r\n					color: inherit;\r\n				}\r\n\r\n/* XLarge */\r\n\r\n	@media screen and (max-width: 1680px) {\r\n\r\n		/* Basic */\r\n\r\n			body, input, select, textarea {\r\n				font-size: 13pt;\r\n			}\r\n\r\n	}\r\n\r\n/* Large */\r\n\r\n	@media screen and (max-width: 1280px) {\r\n\r\n		/* Basic */\r\n\r\n			body, input, select, textarea {\r\n				font-size: 11.5pt;\r\n			}\r\n\r\n		/* Spotlight */\r\n\r\n			.spotlight.top .content {\r\n				padding: 3.825em 0 1.825em 0;\r\n			}\r\n\r\n			.spotlight.bottom .content {\r\n				padding: 3.825em 0 2.95em 0;\r\n			}\r\n\r\n			.spotlight.left .content, .spotlight.right .content {\r\n				padding: 4.5em 2.5em;\r\n				width: 25em;\r\n			}\r\n\r\n		/* Wrapper */\r\n\r\n			.wrapper {\r\n				padding: 4.5em 0 2.5em 0;\r\n			}\r\n\r\n		/* Dropotron */\r\n\r\n			.dropotron.level-0 {\r\n				font-size: 1em;\r\n			}\r\n\r\n		/* Banner */\r\n\r\n			#banner .content {\r\n				padding: 4.5em;\r\n			}\r\n\r\n		/* Footer */\r\n\r\n			#footer {\r\n				padding: 4.5em 0;\r\n			}\r\n\r\n	}\r\n\r\n/* Medium */\r\n\r\n	@media screen and (max-width: 980px) {\r\n\r\n		/* Basic */\r\n\r\n			body, input, select, textarea {\r\n				font-size: 12pt;\r\n			}\r\n\r\n		/* Spotlight */\r\n\r\n			.spotlight {\r\n				background-attachment: scroll;\r\n				height: auto;\r\n			}\r\n\r\n				.spotlight .image.main {\r\n					display: block;\r\n					margin: 0;\r\n					max-height: 40vh;\r\n					overflow: hidden;\r\n				}\r\n\r\n				.spotlight .content {\r\n					background-color: #1c1d26;\r\n					border-width: 0 !important;\r\n					border-top-width: 0.35em !important;\r\n					bottom: auto !important;\r\n					left: auto !important;\r\n					padding: 4.5em 2.5em 2.5em 2.5em !important;\r\n					position: relative;\r\n					right: auto !important;\r\n					text-align: center;\r\n					top: auto !important;\r\n					width: 100% !important;\r\n				}\r\n\r\n					.spotlight .content ul.actions {\r\n						-moz-justify-content: center;\r\n						-webkit-justify-content: center;\r\n						-ms-justify-content: center;\r\n						justify-content: center;\r\n						width: 100%;\r\n						margin-left: 0;\r\n					}\r\n\r\n						.spotlight .content ul.actions li:first-child {\r\n							padding-left: 0;\r\n						}\r\n\r\n				.spotlight .goto-next {\r\n					display: none;\r\n				}\r\n\r\n		/* Wrapper */\r\n\r\n			.wrapper {\r\n				padding: 4.5em 2.5em 2.5em 2.5em;\r\n			}\r\n\r\n		/* Banner */\r\n\r\n			#banner {\r\n				background-attachment: scroll;\r\n			}\r\n\r\n				#banner .goto-next {\r\n					height: 7em;\r\n				}\r\n\r\n				#banner .content {\r\n					padding: 9em 0;\r\n					text-align: center;\r\n				}\r\n\r\n					#banner .content header {\r\n						display: block;\r\n						margin: 0 0 2em 0;\r\n						text-align: center;\r\n					}\r\n\r\n					#banner .content .image {\r\n						margin: 0;\r\n					}\r\n\r\n		/* Footer */\r\n\r\n			#footer {\r\n				padding: 4.5em 0;\r\n			}\r\n\r\n	}\r\n\r\n/* Small */\r\n\r\n	#navPanel, #titleBar {\r\n		display: none;\r\n	}\r\n\r\n	@media screen and (max-width: 736px) {\r\n\r\n		/* Basic */\r\n\r\n			html, body {\r\n				overflow-x: hidden;\r\n			}\r\n\r\n			body, input, select, textarea {\r\n				font-size: 12pt;\r\n			}\r\n\r\n			h2 {\r\n				font-size: 1.5em;\r\n			}\r\n\r\n			h3 {\r\n				font-size: 1.2em;\r\n			}\r\n\r\n			h4 {\r\n				font-size: 1em;\r\n			}\r\n\r\n		/* Section/Article */\r\n\r\n			header p br {\r\n				display: none;\r\n			}\r\n\r\n			header h2 + p {\r\n				font-size: 1em;\r\n			}\r\n\r\n			header h3 + p {\r\n				font-size: 1em;\r\n			}\r\n\r\n			header h4 + p,\r\n			header h5 + p,\r\n			header h6 + p {\r\n				font-size: 0.9em;\r\n			}\r\n\r\n			header.major {\r\n				margin: 0 0 2em 0;\r\n			}\r\n\r\n		/* Goto Next */\r\n\r\n			.goto-next:before {\r\n				height: 0.8em;\r\n				margin: -0.4em 0 0 -0.6em;\r\n				width: 1.2em;\r\n			}\r\n\r\n		/* Spotlight */\r\n\r\n			.spotlight {\r\n				box-shadow: 0 0.125em 0.5em 0 rgba(0, 0, 0, 0.25);\r\n			}\r\n\r\n				.spotlight .image.main {\r\n					max-height: 60vh;\r\n				}\r\n\r\n				.spotlight .content {\r\n					border-top-width: 0.2em !important;\r\n					padding: 3.25em 1.5em 1.25em 1.5em !important;\r\n				}\r\n\r\n		/* Wrapper */\r\n\r\n			.wrapper {\r\n				padding: 3.25em 1.5em 1.25em 1.5em;\r\n			}\r\n\r\n		/* Header */\r\n\r\n			#header {\r\n				display: none;\r\n			}\r\n\r\n		/* Banner */\r\n\r\n			#banner {\r\n				box-shadow: 0 0.125em 0.5em 0 rgba(0, 0, 0, 0.25);\r\n				min-height: calc(100vh - 44px);\r\n			}\r\n\r\n				#banner:before {\r\n					height: calc(100vh - 44px);\r\n				}\r\n\r\n				#banner .content {\r\n					padding: 4.0625em 1.5em 4.875em 1.5em;\r\n				}\r\n\r\n					#banner .content header h2 {\r\n						font-size: 1.5em;\r\n					}\r\n\r\n					#banner .content .image {\r\n						height: 9em;\r\n						width: 9em;\r\n					}\r\n\r\n		/* Nav */\r\n\r\n			#page-wrapper {\r\n				-moz-backface-visibility: hidden;\r\n				-webkit-backface-visibility: hidden;\r\n				-ms-backface-visibility: hidden;\r\n				backface-visibility: hidden;\r\n				-moz-transition: -moz-transform 0.5s ease;\r\n				-webkit-transition: -webkit-transform 0.5s ease;\r\n				-ms-transition: -ms-transform 0.5s ease;\r\n				transition: transform 0.5s ease;\r\n				padding-bottom: 1px;\r\n				padding-top: 44px !important;\r\n			}\r\n\r\n			#titleBar {\r\n				-moz-backface-visibility: hidden;\r\n				-webkit-backface-visibility: hidden;\r\n				-ms-backface-visibility: hidden;\r\n				backface-visibility: hidden;\r\n				-moz-transition: -moz-transform 0.5s ease;\r\n				-webkit-transition: -webkit-transform 0.5s ease;\r\n				-ms-transition: -ms-transform 0.5s ease;\r\n				transition: transform 0.5s ease;\r\n				display: block;\r\n				height: 44px;\r\n				left: 0;\r\n				position: fixed;\r\n				top: 0;\r\n				width: 100%;\r\n				z-index: 10001;\r\n				background: #272833;\r\n				box-shadow: 0 0.125em 0.125em 0 rgba(0, 0, 0, 0.125);\r\n			}\r\n\r\n				#titleBar .title {\r\n					color: #ffffff;\r\n					display: block;\r\n					font-weight: 300;\r\n					height: 44px;\r\n					line-height: 44px;\r\n					text-align: center;\r\n				}\r\n\r\n					#titleBar .title a {\r\n						color: inherit;\r\n						border: 0;\r\n					}\r\n\r\n				#titleBar .toggle {\r\n					text-decoration: none;\r\n					height: 60px;\r\n					left: 0;\r\n					position: absolute;\r\n					top: 0;\r\n					width: 90px;\r\n					outline: 0;\r\n					border: 0;\r\n				}\r\n\r\n					#titleBar .toggle:before {\r\n						-moz-osx-font-smoothing: grayscale;\r\n						-webkit-font-smoothing: antialiased;\r\n						display: inline-block;\r\n						font-style: normal;\r\n						font-variant: normal;\r\n						text-rendering: auto;\r\n						line-height: 1;\r\n						text-transform: none !important;\r\n						font-family: \'Font Awesome 5 Free\';\r\n						font-weight: 900;\r\n					}\r\n\r\n					#titleBar .toggle:before {\r\n						background: #e44c65;\r\n						color: rgba(255, 255, 255, 0.5);\r\n						content: \'\\f0c9\';\r\n						display: block;\r\n						font-size: 18px;\r\n						height: 44px;\r\n						left: 0;\r\n						line-height: 44px;\r\n						position: absolute;\r\n						text-align: center;\r\n						top: 0;\r\n						width: 54px;\r\n					}\r\n\r\n			#navPanel {\r\n				-moz-backface-visibility: hidden;\r\n				-webkit-backface-visibility: hidden;\r\n				-ms-backface-visibility: hidden;\r\n				backface-visibility: hidden;\r\n				-moz-transform: translateX(-275px);\r\n				-webkit-transform: translateX(-275px);\r\n				-ms-transform: translateX(-275px);\r\n				transform: translateX(-275px);\r\n				-moz-transition: -moz-transform 0.5s ease;\r\n				-webkit-transition: -webkit-transform 0.5s ease;\r\n				-ms-transition: -ms-transform 0.5s ease;\r\n				transition: transform 0.5s ease;\r\n				display: block;\r\n				height: 100%;\r\n				left: 0;\r\n				overflow-y: auto;\r\n				position: fixed;\r\n				top: 0;\r\n				width: 275px;\r\n				z-index: 10002;\r\n				background: #181920;\r\n				padding: 0.75em 1.25em;\r\n			}\r\n\r\n				#navPanel .link {\r\n					border: 0;\r\n					border-top: solid 1px rgba(255, 255, 255, 0.05);\r\n					color: rgba(255, 255, 255, 0.75);\r\n					display: block;\r\n					height: 3em;\r\n					line-height: 3em;\r\n					text-decoration: none;\r\n				}\r\n\r\n					#navPanel .link:hover {\r\n						color: inherit !important;\r\n					}\r\n\r\n					#navPanel .link:first-child {\r\n						border-top: 0;\r\n					}\r\n\r\n					#navPanel .link.depth-0 {\r\n						color: #ffffff;\r\n						font-weight: 300;\r\n					}\r\n\r\n					#navPanel .link .indent-1 {\r\n						display: inline-block;\r\n						width: 1.25em;\r\n					}\r\n\r\n					#navPanel .link .indent-2 {\r\n						display: inline-block;\r\n						width: 2.5em;\r\n					}\r\n\r\n					#navPanel .link .indent-3 {\r\n						display: inline-block;\r\n						width: 3.75em;\r\n					}\r\n\r\n					#navPanel .link .indent-4 {\r\n						display: inline-block;\r\n						width: 5em;\r\n					}\r\n\r\n					#navPanel .link .indent-5 {\r\n						display: inline-block;\r\n						width: 6.25em;\r\n					}\r\n\r\n			body.navPanel-visible #page-wrapper {\r\n				-moz-transform: translateX(275px);\r\n				-webkit-transform: translateX(275px);\r\n				-ms-transform: translateX(275px);\r\n				transform: translateX(275px);\r\n			}\r\n\r\n			body.navPanel-visible #titleBar {\r\n				-moz-transform: translateX(275px);\r\n				-webkit-transform: translateX(275px);\r\n				-ms-transform: translateX(275px);\r\n				transform: translateX(275px);\r\n			}\r\n\r\n			body.navPanel-visible #navPanel {\r\n				-moz-transform: translateX(0);\r\n				-webkit-transform: translateX(0);\r\n				-ms-transform: translateX(0);\r\n				transform: translateX(0);\r\n			}\r\n\r\n		/* Footer */\r\n\r\n			#footer {\r\n				padding: 3.25em 1.5em;\r\n			}\r\n\r\n	}\r\n\r\n/* XSmall */\r\n\r\n	@media screen and (max-width: 480px) {\r\n\r\n		/* Basic */\r\n\r\n			html, body {\r\n				min-width: 320px;\r\n			}\r\n\r\n			body, input, select, textarea {\r\n				font-size: 12pt;\r\n			}\r\n\r\n		/* Button */\r\n\r\n			input[type=\"submit\"],\r\n			input[type=\"reset\"],\r\n			input[type=\"button\"],\r\n			.button {\r\n				padding: 0;\r\n			}\r\n\r\n		/* Spotlight */\r\n\r\n			.spotlight .image.main {\r\n				max-height: 50vh;\r\n			}\r\n\r\n			.spotlight .content {\r\n				padding: 3em 1.25em 1em 1.25em !important;\r\n			}\r\n\r\n		/* Wrapper */\r\n\r\n			.wrapper {\r\n				padding: 3em 1.25em 1em 1.25em;\r\n			}\r\n\r\n		/* Banner */\r\n\r\n			#banner .content {\r\n				padding: 3em 1.5625em 5.25em 1.5625em;\r\n			}\r\n\r\n		/* Footer */\r\n\r\n			#footer {\r\n				padding: 3em 1.25em;\r\n			}\r\n\r\n				#footer .copyright {\r\n					line-height: inherit;\r\n				}\r\n\r\n					#footer .copyright li {\r\n						border-left: 0;\r\n						display: block;\r\n						margin: 0;\r\n						padding: 0;\r\n					}\r\n\r\n	}', '', '', '', 1747325027, 1747330360);
INSERT INTO `cms_layout_stylesheets` (`id`, `name`, `content`, `description`, `media_type`, `media_query`, `created`, `modified`) VALUES
(22, 'noscript moj', '/*\r\n	Landed by HTML5 UP\r\n	html5up.net | @ajlkn\r\n	Free for personal and commercial use under the CCA 3.0 license (html5up.net/license)\r\n*/\r\n\r\n/* Loader */\r\n\r\n	body.landing.is-preload:before {\r\n		display: none;\r\n	}\r\n\r\n	body.landing.is-preload:after {\r\n		display: none;\r\n	}', '', '', '', 1747327456, 1747327456);
INSERT INTO `cms_layout_stylesheets` (`id`, `name`, `content`, `description`, `media_type`, `media_query`, `created`, `modified`) VALUES
(23, 'fontawesome moj', '/*!\r\n * Font Awesome Free 6.5.0 by @fontawesome - https://fontawesome.com\r\n * License - https://fontawesome.com/license/free (Icons: CC BY 4.0, Fonts: SIL OFL 1.1, Code: MIT License)\r\n * Copyright 2023 Fonticons, Inc.\r\n */\r\n.fa{font-family:var(--fa-style-family,\"Font Awesome 6 Free\");font-weight:var(--fa-style,900)}.fa,.fa-brands,.fa-classic,.fa-regular,.fa-sharp,.fa-solid,.fab,.far,.fas{-moz-osx-font-smoothing:grayscale;-webkit-font-smoothing:antialiased;display:var(--fa-display,inline-block);font-style:normal;font-variant:normal;line-height:1;text-rendering:auto}.fa-classic,.fa-regular,.fa-solid,.far,.fas{font-family:\"Font Awesome 6 Free\"}.fa-brands,.fab{font-family:\"Font Awesome 6 Brands\"}.fa-1x{font-size:1em}.fa-2x{font-size:2em}.fa-3x{font-size:3em}.fa-4x{font-size:4em}.fa-5x{font-size:5em}.fa-6x{font-size:6em}.fa-7x{font-size:7em}.fa-8x{font-size:8em}.fa-9x{font-size:9em}.fa-10x{font-size:10em}.fa-2xs{font-size:.625em;line-height:.1em;vertical-align:.225em}.fa-xs{font-size:.75em;line-height:.08333em;vertical-align:.125em}.fa-sm{font-size:.875em;line-height:.07143em;vertical-align:.05357em}.fa-lg{font-size:1.25em;line-height:.05em;vertical-align:-.075em}.fa-xl{font-size:1.5em;line-height:.04167em;vertical-align:-.125em}.fa-2xl{font-size:2em;line-height:.03125em;vertical-align:-.1875em}.fa-fw{text-align:center;width:1.25em}.fa-ul{list-style-type:none;margin-left:var(--fa-li-margin,2.5em);padding-left:0}.fa-ul>li{position:relative}.fa-li{left:calc(var(--fa-li-width, 2em)*-1);position:absolute;text-align:center;width:var(--fa-li-width,2em);line-height:inherit}.fa-border{border-radius:var(--fa-border-radius,.1em);border:var(--fa-border-width,.08em) var(--fa-border-style,solid) var(--fa-border-color,#eee);padding:var(--fa-border-padding,.2em .25em .15em)}.fa-pull-left{float:left;margin-right:var(--fa-pull-margin,.3em)}.fa-pull-right{float:right;margin-left:var(--fa-pull-margin,.3em)}.fa-beat{-webkit-animation-name:fa-beat;animation-name:fa-beat;-webkit-animation-delay:var(--fa-animation-delay,0s);animation-delay:var(--fa-animation-delay,0s);-webkit-animation-direction:var(--fa-animation-direction,normal);animation-direction:var(--fa-animation-direction,normal);-webkit-animation-duration:var(--fa-animation-duration,1s);animation-duration:var(--fa-animation-duration,1s);-webkit-animation-iteration-count:var(--fa-animation-iteration-count,infinite);animation-iteration-count:var(--fa-animation-iteration-count,infinite);-webkit-animation-timing-function:var(--fa-animation-timing,ease-in-out);animation-timing-function:var(--fa-animation-timing,ease-in-out)}.fa-bounce{-webkit-animation-name:fa-bounce;animation-name:fa-bounce;-webkit-animation-delay:var(--fa-animation-delay,0s);animation-delay:var(--fa-animation-delay,0s);-webkit-animation-direction:var(--fa-animation-direction,normal);animation-direction:var(--fa-animation-direction,normal);-webkit-animation-duration:var(--fa-animation-duration,1s);animation-duration:var(--fa-animation-duration,1s);-webkit-animation-iteration-count:var(--fa-animation-iteration-count,infinite);animation-iteration-count:var(--fa-animation-iteration-count,infinite);-webkit-animation-timing-function:var(--fa-animation-timing,cubic-bezier(.28,.84,.42,1));animation-timing-function:var(--fa-animation-timing,cubic-bezier(.28,.84,.42,1))}.fa-fade{-webkit-animation-name:fa-fade;animation-name:fa-fade;-webkit-animation-iteration-count:var(--fa-animation-iteration-count,infinite);animation-iteration-count:var(--fa-animation-iteration-count,infinite);-webkit-animation-timing-function:var(--fa-animation-timing,cubic-bezier(.4,0,.6,1));animation-timing-function:var(--fa-animation-timing,cubic-bezier(.4,0,.6,1))}.fa-beat-fade,.fa-fade{-webkit-animation-delay:var(--fa-animation-delay,0s);animation-delay:var(--fa-animation-delay,0s);-webkit-animation-direction:var(--fa-animation-direction,normal);animation-direction:var(--fa-animation-direction,normal);-webkit-animation-duration:var(--fa-animation-duration,1s);animation-duration:var(--fa-animation-duration,1s)}.fa-beat-fade{-webkit-animation-name:fa-beat-fade;animation-name:fa-beat-fade;-webkit-animation-iteration-count:var(--fa-animation-iteration-count,infinite);animation-iteration-count:var(--fa-animation-iteration-count,infinite);-webkit-animation-timing-function:var(--fa-animation-timing,cubic-bezier(.4,0,.6,1));animation-timing-function:var(--fa-animation-timing,cubic-bezier(.4,0,.6,1))}.fa-flip{-webkit-animation-name:fa-flip;animation-name:fa-flip;-webkit-animation-delay:var(--fa-animation-delay,0s);animation-delay:var(--fa-animation-delay,0s);-webkit-animation-direction:var(--fa-animation-direction,normal);animation-direction:var(--fa-animation-direction,normal);-webkit-animation-duration:var(--fa-animation-duration,1s);animation-duration:var(--fa-animation-duration,1s);-webkit-animation-iteration-count:var(--fa-animation-iteration-count,infinite);animation-iteration-count:var(--fa-animation-iteration-count,infinite);-webkit-animation-timing-function:var(--fa-animation-timing,ease-in-out);animation-timing-function:var(--fa-animation-timing,ease-in-out)}.fa-shake{-webkit-animation-name:fa-shake;animation-name:fa-shake;-webkit-animation-duration:var(--fa-animation-duration,1s);animation-duration:var(--fa-animation-duration,1s);-webkit-animation-iteration-count:var(--fa-animation-iteration-count,infinite);animation-iteration-count:var(--fa-animation-iteration-count,infinite);-webkit-animation-timing-function:var(--fa-animation-timing,linear);animation-timing-function:var(--fa-animation-timing,linear)}.fa-shake,.fa-spin{-webkit-animation-delay:var(--fa-animation-delay,0s);animation-delay:var(--fa-animation-delay,0s);-webkit-animation-direction:var(--fa-animation-direction,normal);animation-direction:var(--fa-animation-direction,normal)}.fa-spin{-webkit-animation-name:fa-spin;animation-name:fa-spin;-webkit-animation-duration:var(--fa-animation-duration,2s);animation-duration:var(--fa-animation-duration,2s);-webkit-animation-iteration-count:var(--fa-animation-iteration-count,infinite);animation-iteration-count:var(--fa-animation-iteration-count,infinite);-webkit-animation-timing-function:var(--fa-animation-timing,linear);animation-timing-function:var(--fa-animation-timing,linear)}.fa-spin-reverse{--fa-animation-direction:reverse}.fa-pulse,.fa-spin-pulse{-webkit-animation-name:fa-spin;animation-name:fa-spin;-webkit-animation-direction:var(--fa-animation-direction,normal);animation-direction:var(--fa-animation-direction,normal);-webkit-animation-duration:var(--fa-animation-duration,1s);animation-duration:var(--fa-animation-duration,1s);-webkit-animation-iteration-count:var(--fa-animation-iteration-count,infinite);animation-iteration-count:var(--fa-animation-iteration-count,infinite);-webkit-animation-timing-function:var(--fa-animation-timing,steps(8));animation-timing-function:var(--fa-animation-timing,steps(8))}@media (prefers-reduced-motion:reduce){.fa-beat,.fa-beat-fade,.fa-bounce,.fa-fade,.fa-flip,.fa-pulse,.fa-shake,.fa-spin,.fa-spin-pulse{-webkit-animation-delay:-1ms;animation-delay:-1ms;-webkit-animation-duration:1ms;animation-duration:1ms;-webkit-animation-iteration-count:1;animation-iteration-count:1;-webkit-transition-delay:0s;transition-delay:0s;-webkit-transition-duration:0s;transition-duration:0s}}@-webkit-keyframes fa-beat{0%,90%{-webkit-transform:scale(1);transform:scale(1)}45%{-webkit-transform:scale(var(--fa-beat-scale,1.25));transform:scale(var(--fa-beat-scale,1.25))}}@keyframes fa-beat{0%,90%{-webkit-transform:scale(1);transform:scale(1)}45%{-webkit-transform:scale(var(--fa-beat-scale,1.25));transform:scale(var(--fa-beat-scale,1.25))}}@-webkit-keyframes fa-bounce{0%{-webkit-transform:scale(1) translateY(0);transform:scale(1) translateY(0)}10%{-webkit-transform:scale(var(--fa-bounce-start-scale-x,1.1),var(--fa-bounce-start-scale-y,.9)) translateY(0);transform:scale(var(--fa-bounce-start-scale-x,1.1),var(--fa-bounce-start-scale-y,.9)) translateY(0)}30%{-webkit-transform:scale(var(--fa-bounce-jump-scale-x,.9),var(--fa-bounce-jump-scale-y,1.1)) translateY(var(--fa-bounce-height,-.5em));transform:scale(var(--fa-bounce-jump-scale-x,.9),var(--fa-bounce-jump-scale-y,1.1)) translateY(var(--fa-bounce-height,-.5em))}50%{-webkit-transform:scale(var(--fa-bounce-land-scale-x,1.05),var(--fa-bounce-land-scale-y,.95)) translateY(0);transform:scale(var(--fa-bounce-land-scale-x,1.05),var(--fa-bounce-land-scale-y,.95)) translateY(0)}57%{-webkit-transform:scale(1) translateY(var(--fa-bounce-rebound,-.125em));transform:scale(1) translateY(var(--fa-bounce-rebound,-.125em))}64%{-webkit-transform:scale(1) translateY(0);transform:scale(1) translateY(0)}to{-webkit-transform:scale(1) translateY(0);transform:scale(1) translateY(0)}}@keyframes fa-bounce{0%{-webkit-transform:scale(1) translateY(0);transform:scale(1) translateY(0)}10%{-webkit-transform:scale(var(--fa-bounce-start-scale-x,1.1),var(--fa-bounce-start-scale-y,.9)) translateY(0);transform:scale(var(--fa-bounce-start-scale-x,1.1),var(--fa-bounce-start-scale-y,.9)) translateY(0)}30%{-webkit-transform:scale(var(--fa-bounce-jump-scale-x,.9),var(--fa-bounce-jump-scale-y,1.1)) translateY(var(--fa-bounce-height,-.5em));transform:scale(var(--fa-bounce-jump-scale-x,.9),var(--fa-bounce-jump-scale-y,1.1)) translateY(var(--fa-bounce-height,-.5em))}50%{-webkit-transform:scale(var(--fa-bounce-land-scale-x,1.05),var(--fa-bounce-land-scale-y,.95)) translateY(0);transform:scale(var(--fa-bounce-land-scale-x,1.05),var(--fa-bounce-land-scale-y,.95)) translateY(0)}57%{-webkit-transform:scale(1) translateY(var(--fa-bounce-rebound,-.125em));transform:scale(1) translateY(var(--fa-bounce-rebound,-.125em))}64%{-webkit-transform:scale(1) translateY(0);transform:scale(1) translateY(0)}to{-webkit-transform:scale(1) translateY(0);transform:scale(1) translateY(0)}}@-webkit-keyframes fa-fade{50%{opacity:var(--fa-fade-opacity,.4)}}@keyframes fa-fade{50%{opacity:var(--fa-fade-opacity,.4)}}@-webkit-keyframes fa-beat-fade{0%,to{opacity:var(--fa-beat-fade-opacity,.4);-webkit-transform:scale(1);transform:scale(1)}50%{opacity:1;-webkit-transform:scale(var(--fa-beat-fade-scale,1.125));transform:scale(var(--fa-beat-fade-scale,1.125))}}@keyframes fa-beat-fade{0%,to{opacity:var(--fa-beat-fade-opacity,.4);-webkit-transform:scale(1);transform:scale(1)}50%{opacity:1;-webkit-transform:scale(var(--fa-beat-fade-scale,1.125));transform:scale(var(--fa-beat-fade-scale,1.125))}}@-webkit-keyframes fa-flip{50%{-webkit-transform:rotate3d(var(--fa-flip-x,0),var(--fa-flip-y,1),var(--fa-flip-z,0),var(--fa-flip-angle,-180deg));transform:rotate3d(var(--fa-flip-x,0),var(--fa-flip-y,1),var(--fa-flip-z,0),var(--fa-flip-angle,-180deg))}}@keyframes fa-flip{50%{-webkit-transform:rotate3d(var(--fa-flip-x,0),var(--fa-flip-y,1),var(--fa-flip-z,0),var(--fa-flip-angle,-180deg));transform:rotate3d(var(--fa-flip-x,0),var(--fa-flip-y,1),var(--fa-flip-z,0),var(--fa-flip-angle,-180deg))}}@-webkit-keyframes fa-shake{0%{-webkit-transform:rotate(-15deg);transform:rotate(-15deg)}4%{-webkit-transform:rotate(15deg);transform:rotate(15deg)}8%,24%{-webkit-transform:rotate(-18deg);transform:rotate(-18deg)}12%,28%{-webkit-transform:rotate(18deg);transform:rotate(18deg)}16%{-webkit-transform:rotate(-22deg);transform:rotate(-22deg)}20%{-webkit-transform:rotate(22deg);transform:rotate(22deg)}32%{-webkit-transform:rotate(-12deg);transform:rotate(-12deg)}36%{-webkit-transform:rotate(12deg);transform:rotate(12deg)}40%,to{-webkit-transform:rotate(0deg);transform:rotate(0deg)}}@keyframes fa-shake{0%{-webkit-transform:rotate(-15deg);transform:rotate(-15deg)}4%{-webkit-transform:rotate(15deg);transform:rotate(15deg)}8%,24%{-webkit-transform:rotate(-18deg);transform:rotate(-18deg)}12%,28%{-webkit-transform:rotate(18deg);transform:rotate(18deg)}16%{-webkit-transform:rotate(-22deg);transform:rotate(-22deg)}20%{-webkit-transform:rotate(22deg);transform:rotate(22deg)}32%{-webkit-transform:rotate(-12deg);transform:rotate(-12deg)}36%{-webkit-transform:rotate(12deg);transform:rotate(12deg)}40%,to{-webkit-transform:rotate(0deg);transform:rotate(0deg)}}@-webkit-keyframes fa-spin{0%{-webkit-transform:rotate(0deg);transform:rotate(0deg)}to{-webkit-transform:rotate(1turn);transform:rotate(1turn)}}@keyframes fa-spin{0%{-webkit-transform:rotate(0deg);transform:rotate(0deg)}to{-webkit-transform:rotate(1turn);transform:rotate(1turn)}}.fa-rotate-90{-webkit-transform:rotate(90deg);transform:rotate(90deg)}.fa-rotate-180{-webkit-transform:rotate(180deg);transform:rotate(180deg)}.fa-rotate-270{-webkit-transform:rotate(270deg);transform:rotate(270deg)}.fa-flip-horizontal{-webkit-transform:scaleX(-1);transform:scaleX(-1)}.fa-flip-vertical{-webkit-transform:scaleY(-1);transform:scaleY(-1)}.fa-flip-both,.fa-flip-horizontal.fa-flip-vertical{-webkit-transform:scale(-1);transform:scale(-1)}.fa-rotate-by{-webkit-transform:rotate(var(--fa-rotate-angle,none));transform:rotate(var(--fa-rotate-angle,none))}.fa-stack{display:inline-block;height:2em;line-height:2em;position:relative;vertical-align:middle;width:2.5em}.fa-stack-1x,.fa-stack-2x{left:0;position:absolute;text-align:center;width:100%;z-index:var(--fa-stack-z-index,auto)}.fa-stack-1x{line-height:inherit}.fa-stack-2x{font-size:2em}.fa-inverse{color:var(--fa-inverse,#fff)}\r\n\r\n.fa-0:before{content:\"\\30\"}.fa-1:before{content:\"\\31\"}.fa-2:before{content:\"\\32\"}.fa-3:before{content:\"\\33\"}.fa-4:before{content:\"\\34\"}.fa-5:before{content:\"\\35\"}.fa-6:before{content:\"\\36\"}.fa-7:before{content:\"\\37\"}.fa-8:before{content:\"\\38\"}.fa-9:before{content:\"\\39\"}.fa-fill-drip:before{content:\"\\f576\"}.fa-arrows-to-circle:before{content:\"\\e4bd\"}.fa-chevron-circle-right:before,.fa-circle-chevron-right:before{content:\"\\f138\"}.fa-at:before{content:\"\\40\"}.fa-trash-alt:before,.fa-trash-can:before{content:\"\\f2ed\"}.fa-text-height:before{content:\"\\f034\"}.fa-user-times:before,.fa-user-xmark:before{content:\"\\f235\"}.fa-stethoscope:before{content:\"\\f0f1\"}.fa-comment-alt:before,.fa-message:before{content:\"\\f27a\"}.fa-info:before{content:\"\\f129\"}.fa-compress-alt:before,.fa-down-left-and-up-right-to-center:before{content:\"\\f422\"}.fa-explosion:before{content:\"\\e4e9\"}.fa-file-alt:before,.fa-file-lines:before,.fa-file-text:before{content:\"\\f15c\"}.fa-wave-square:before{content:\"\\f83e\"}.fa-ring:before{content:\"\\f70b\"}.fa-building-un:before{content:\"\\e4d9\"}.fa-dice-three:before{content:\"\\f527\"}.fa-calendar-alt:before,.fa-calendar-days:before{content:\"\\f073\"}.fa-anchor-circle-check:before{content:\"\\e4aa\"}.fa-building-circle-arrow-right:before{content:\"\\e4d1\"}.fa-volleyball-ball:before,.fa-volleyball:before{content:\"\\f45f\"}.fa-arrows-up-to-line:before{content:\"\\e4c2\"}.fa-sort-desc:before,.fa-sort-down:before{content:\"\\f0dd\"}.fa-circle-minus:before,.fa-minus-circle:before{content:\"\\f056\"}.fa-door-open:before{content:\"\\f52b\"}.fa-right-from-bracket:before,.fa-sign-out-alt:before{content:\"\\f2f5\"}.fa-atom:before{content:\"\\f5d2\"}.fa-soap:before{content:\"\\e06e\"}.fa-heart-music-camera-bolt:before,.fa-icons:before{content:\"\\f86d\"}.fa-microphone-alt-slash:before,.fa-microphone-lines-slash:before{content:\"\\f539\"}.fa-bridge-circle-check:before{content:\"\\e4c9\"}.fa-pump-medical:before{content:\"\\e06a\"}.fa-fingerprint:before{content:\"\\f577\"}.fa-hand-point-right:before{content:\"\\f0a4\"}.fa-magnifying-glass-location:before,.fa-search-location:before{content:\"\\f689\"}.fa-forward-step:before,.fa-step-forward:before{content:\"\\f051\"}.fa-face-smile-beam:before,.fa-smile-beam:before{content:\"\\f5b8\"}.fa-flag-checkered:before{content:\"\\f11e\"}.fa-football-ball:before,.fa-football:before{content:\"\\f44e\"}.fa-school-circle-exclamation:before{content:\"\\e56c\"}.fa-crop:before{content:\"\\f125\"}.fa-angle-double-down:before,.fa-angles-down:before{content:\"\\f103\"}.fa-users-rectangle:before{content:\"\\e594\"}.fa-people-roof:before{content:\"\\e537\"}.fa-people-line:before{content:\"\\e534\"}.fa-beer-mug-empty:before,.fa-beer:before{content:\"\\f0fc\"}.fa-diagram-predecessor:before{content:\"\\e477\"}.fa-arrow-up-long:before,.fa-long-arrow-up:before{content:\"\\f176\"}.fa-burn:before,.fa-fire-flame-simple:before{content:\"\\f46a\"}.fa-male:before,.fa-person:before{content:\"\\f183\"}.fa-laptop:before{content:\"\\f109\"}.fa-file-csv:before{content:\"\\f6dd\"}.fa-menorah:before{content:\"\\f676\"}.fa-truck-plane:before{content:\"\\e58f\"}.fa-record-vinyl:before{content:\"\\f8d9\"}.fa-face-grin-stars:before,.fa-grin-stars:before{content:\"\\f587\"}.fa-bong:before{content:\"\\f55c\"}.fa-pastafarianism:before,.fa-spaghetti-monster-flying:before{content:\"\\f67b\"}.fa-arrow-down-up-across-line:before{content:\"\\e4af\"}.fa-spoon:before,.fa-utensil-spoon:before{content:\"\\f2e5\"}.fa-jar-wheat:before{content:\"\\e517\"}.fa-envelopes-bulk:before,.fa-mail-bulk:before{content:\"\\f674\"}.fa-file-circle-exclamation:before{content:\"\\e4eb\"}.fa-circle-h:before,.fa-hospital-symbol:before{content:\"\\f47e\"}.fa-pager:before{content:\"\\f815\"}.fa-address-book:before,.fa-contact-book:before{content:\"\\f2b9\"}.fa-strikethrough:before{content:\"\\f0cc\"}.fa-k:before{content:\"\\4b\"}.fa-landmark-flag:before{content:\"\\e51c\"}.fa-pencil-alt:before,.fa-pencil:before{content:\"\\f303\"}.fa-backward:before{content:\"\\f04a\"}.fa-caret-right:before{content:\"\\f0da\"}.fa-comments:before{content:\"\\f086\"}.fa-file-clipboard:before,.fa-paste:before{content:\"\\f0ea\"}.fa-code-pull-request:before{content:\"\\e13c\"}.fa-clipboard-list:before{content:\"\\f46d\"}.fa-truck-loading:before,.fa-truck-ramp-box:before{content:\"\\f4de\"}.fa-user-check:before{content:\"\\f4fc\"}.fa-vial-virus:before{content:\"\\e597\"}.fa-sheet-plastic:before{content:\"\\e571\"}.fa-blog:before{content:\"\\f781\"}.fa-user-ninja:before{content:\"\\f504\"}.fa-person-arrow-up-from-line:before{content:\"\\e539\"}.fa-scroll-torah:before,.fa-torah:before{content:\"\\f6a0\"}.fa-broom-ball:before,.fa-quidditch-broom-ball:before,.fa-quidditch:before{content:\"\\f458\"}.fa-toggle-off:before{content:\"\\f204\"}.fa-archive:before,.fa-box-archive:before{content:\"\\f187\"}.fa-person-drowning:before{content:\"\\e545\"}.fa-arrow-down-9-1:before,.fa-sort-numeric-desc:before,.fa-sort-numeric-down-alt:before{content:\"\\f886\"}.fa-face-grin-tongue-squint:before,.fa-grin-tongue-squint:before{content:\"\\f58a\"}.fa-spray-can:before{content:\"\\f5bd\"}.fa-truck-monster:before{content:\"\\f63b\"}.fa-w:before{content:\"\\57\"}.fa-earth-africa:before,.fa-globe-africa:before{content:\"\\f57c\"}.fa-rainbow:before{content:\"\\f75b\"}.fa-circle-notch:before{content:\"\\f1ce\"}.fa-tablet-alt:before,.fa-tablet-screen-button:before{content:\"\\f3fa\"}.fa-paw:before{content:\"\\f1b0\"}.fa-cloud:before{content:\"\\f0c2\"}.fa-trowel-bricks:before{content:\"\\e58a\"}.fa-face-flushed:before,.fa-flushed:before{content:\"\\f579\"}.fa-hospital-user:before{content:\"\\f80d\"}.fa-tent-arrow-left-right:before{content:\"\\e57f\"}.fa-gavel:before,.fa-legal:before{content:\"\\f0e3\"}.fa-binoculars:before{content:\"\\f1e5\"}.fa-microphone-slash:before{content:\"\\f131\"}.fa-box-tissue:before{content:\"\\e05b\"}.fa-motorcycle:before{content:\"\\f21c\"}.fa-bell-concierge:before,.fa-concierge-bell:before{content:\"\\f562\"}.fa-pen-ruler:before,.fa-pencil-ruler:before{content:\"\\f5ae\"}.fa-people-arrows-left-right:before,.fa-people-arrows:before{content:\"\\e068\"}.fa-mars-and-venus-burst:before{content:\"\\e523\"}.fa-caret-square-right:before,.fa-square-caret-right:before{content:\"\\f152\"}.fa-cut:before,.fa-scissors:before{content:\"\\f0c4\"}.fa-sun-plant-wilt:before{content:\"\\e57a\"}.fa-toilets-portable:before{content:\"\\e584\"}.fa-hockey-puck:before{content:\"\\f453\"}.fa-table:before{content:\"\\f0ce\"}.fa-magnifying-glass-arrow-right:before{content:\"\\e521\"}.fa-digital-tachograph:before,.fa-tachograph-digital:before{content:\"\\f566\"}.fa-users-slash:before{content:\"\\e073\"}.fa-clover:before{content:\"\\e139\"}.fa-mail-reply:before,.fa-reply:before{content:\"\\f3e5\"}.fa-star-and-crescent:before{content:\"\\f699\"}.fa-house-fire:before{content:\"\\e50c\"}.fa-minus-square:before,.fa-square-minus:before{content:\"\\f146\"}.fa-helicopter:before{content:\"\\f533\"}.fa-compass:before{content:\"\\f14e\"}.fa-caret-square-down:before,.fa-square-caret-down:before{content:\"\\f150\"}.fa-file-circle-question:before{content:\"\\e4ef\"}.fa-laptop-code:before{content:\"\\f5fc\"}.fa-swatchbook:before{content:\"\\f5c3\"}.fa-prescription-bottle:before{content:\"\\f485\"}.fa-bars:before,.fa-navicon:before{content:\"\\f0c9\"}.fa-people-group:before{content:\"\\e533\"}.fa-hourglass-3:before,.fa-hourglass-end:before{content:\"\\f253\"}.fa-heart-broken:before,.fa-heart-crack:before{content:\"\\f7a9\"}.fa-external-link-square-alt:before,.fa-square-up-right:before{content:\"\\f360\"}.fa-face-kiss-beam:before,.fa-kiss-beam:before{content:\"\\f597\"}.fa-film:before{content:\"\\f008\"}.fa-ruler-horizontal:before{content:\"\\f547\"}.fa-people-robbery:before{content:\"\\e536\"}.fa-lightbulb:before{content:\"\\f0eb\"}.fa-caret-left:before{content:\"\\f0d9\"}.fa-circle-exclamation:before,.fa-exclamation-circle:before{content:\"\\f06a\"}.fa-school-circle-xmark:before{content:\"\\e56d\"}.fa-arrow-right-from-bracket:before,.fa-sign-out:before{content:\"\\f08b\"}.fa-chevron-circle-down:before,.fa-circle-chevron-down:before{content:\"\\f13a\"}.fa-unlock-alt:before,.fa-unlock-keyhole:before{content:\"\\f13e\"}.fa-cloud-showers-heavy:before{content:\"\\f740\"}.fa-headphones-alt:before,.fa-headphones-simple:before{content:\"\\f58f\"}.fa-sitemap:before{content:\"\\f0e8\"}.fa-circle-dollar-to-slot:before,.fa-donate:before{content:\"\\f4b9\"}.fa-memory:before{content:\"\\f538\"}.fa-road-spikes:before{content:\"\\e568\"}.fa-fire-burner:before{content:\"\\e4f1\"}.fa-flag:before{content:\"\\f024\"}.fa-hanukiah:before{content:\"\\f6e6\"}.fa-feather:before{content:\"\\f52d\"}.fa-volume-down:before,.fa-volume-low:before{content:\"\\f027\"}.fa-comment-slash:before{content:\"\\f4b3\"}.fa-cloud-sun-rain:before{content:\"\\f743\"}.fa-compress:before{content:\"\\f066\"}.fa-wheat-alt:before,.fa-wheat-awn:before{content:\"\\e2cd\"}.fa-ankh:before{content:\"\\f644\"}.fa-hands-holding-child:before{content:\"\\e4fa\"}.fa-asterisk:before{content:\"\\2a\"}.fa-check-square:before,.fa-square-check:before{content:\"\\f14a\"}.fa-peseta-sign:before{content:\"\\e221\"}.fa-header:before,.fa-heading:before{content:\"\\f1dc\"}.fa-ghost:before{content:\"\\f6e2\"}.fa-list-squares:before,.fa-list:before{content:\"\\f03a\"}.fa-phone-square-alt:before,.fa-square-phone-flip:before{content:\"\\f87b\"}.fa-cart-plus:before{content:\"\\f217\"}.fa-gamepad:before{content:\"\\f11b\"}.fa-circle-dot:before,.fa-dot-circle:before{content:\"\\f192\"}.fa-dizzy:before,.fa-face-dizzy:before{content:\"\\f567\"}.fa-egg:before{content:\"\\f7fb\"}.fa-house-medical-circle-xmark:before{content:\"\\e513\"}.fa-campground:before{content:\"\\f6bb\"}.fa-folder-plus:before{content:\"\\f65e\"}.fa-futbol-ball:before,.fa-futbol:before,.fa-soccer-ball:before{content:\"\\f1e3\"}.fa-paint-brush:before,.fa-paintbrush:before{content:\"\\f1fc\"}.fa-lock:before{content:\"\\f023\"}.fa-gas-pump:before{content:\"\\f52f\"}.fa-hot-tub-person:before,.fa-hot-tub:before{content:\"\\f593\"}.fa-map-location:before,.fa-map-marked:before{content:\"\\f59f\"}.fa-house-flood-water:before{content:\"\\e50e\"}.fa-tree:before{content:\"\\f1bb\"}.fa-bridge-lock:before{content:\"\\e4cc\"}.fa-sack-dollar:before{content:\"\\f81d\"}.fa-edit:before,.fa-pen-to-square:before{content:\"\\f044\"}.fa-car-side:before{content:\"\\f5e4\"}.fa-share-alt:before,.fa-share-nodes:before{content:\"\\f1e0\"}.fa-heart-circle-minus:before{content:\"\\e4ff\"}.fa-hourglass-2:before,.fa-hourglass-half:before{content:\"\\f252\"}.fa-microscope:before{content:\"\\f610\"}.fa-sink:before{content:\"\\e06d\"}.fa-bag-shopping:before,.fa-shopping-bag:before{content:\"\\f290\"}.fa-arrow-down-z-a:before,.fa-sort-alpha-desc:before,.fa-sort-alpha-down-alt:before{content:\"\\f881\"}.fa-mitten:before{content:\"\\f7b5\"}.fa-person-rays:before{content:\"\\e54d\"}.fa-users:before{content:\"\\f0c0\"}.fa-eye-slash:before{content:\"\\f070\"}.fa-flask-vial:before{content:\"\\e4f3\"}.fa-hand-paper:before,.fa-hand:before{content:\"\\f256\"}.fa-om:before{content:\"\\f679\"}.fa-worm:before{content:\"\\e599\"}.fa-house-circle-xmark:before{content:\"\\e50b\"}.fa-plug:before{content:\"\\f1e6\"}.fa-chevron-up:before{content:\"\\f077\"}.fa-hand-spock:before{content:\"\\f259\"}.fa-stopwatch:before{content:\"\\f2f2\"}.fa-face-kiss:before,.fa-kiss:before{content:\"\\f596\"}.fa-bridge-circle-xmark:before{content:\"\\e4cb\"}.fa-face-grin-tongue:before,.fa-grin-tongue:before{content:\"\\f589\"}.fa-chess-bishop:before{content:\"\\f43a\"}.fa-face-grin-wink:before,.fa-grin-wink:before{content:\"\\f58c\"}.fa-deaf:before,.fa-deafness:before,.fa-ear-deaf:before,.fa-hard-of-hearing:before{content:\"\\f2a4\"}.fa-road-circle-check:before{content:\"\\e564\"}.fa-dice-five:before{content:\"\\f523\"}.fa-rss-square:before,.fa-square-rss:before{content:\"\\f143\"}.fa-land-mine-on:before{content:\"\\e51b\"}.fa-i-cursor:before{content:\"\\f246\"}.fa-stamp:before{content:\"\\f5bf\"}.fa-stairs:before{content:\"\\e289\"}.fa-i:before{content:\"\\49\"}.fa-hryvnia-sign:before,.fa-hryvnia:before{content:\"\\f6f2\"}.fa-pills:before{content:\"\\f484\"}.fa-face-grin-wide:before,.fa-grin-alt:before{content:\"\\f581\"}.fa-tooth:before{content:\"\\f5c9\"}.fa-v:before{content:\"\\56\"}.fa-bangladeshi-taka-sign:before{content:\"\\e2e6\"}.fa-bicycle:before{content:\"\\f206\"}.fa-rod-asclepius:before,.fa-rod-snake:before,.fa-staff-aesculapius:before,.fa-staff-snake:before{content:\"\\e579\"}.fa-head-side-cough-slash:before{content:\"\\e062\"}.fa-ambulance:before,.fa-truck-medical:before{content:\"\\f0f9\"}.fa-wheat-awn-circle-exclamation:before{content:\"\\e598\"}.fa-snowman:before{content:\"\\f7d0\"}.fa-mortar-pestle:before{content:\"\\f5a7\"}.fa-road-barrier:before{content:\"\\e562\"}.fa-school:before{content:\"\\f549\"}.fa-igloo:before{content:\"\\f7ae\"}.fa-joint:before{content:\"\\f595\"}.fa-angle-right:before{content:\"\\f105\"}.fa-horse:before{content:\"\\f6f0\"}.fa-q:before{content:\"\\51\"}.fa-g:before{content:\"\\47\"}.fa-notes-medical:before{content:\"\\f481\"}.fa-temperature-2:before,.fa-temperature-half:before,.fa-thermometer-2:before,.fa-thermometer-half:before{content:\"\\f2c9\"}.fa-dong-sign:before{content:\"\\e169\"}.fa-capsules:before{content:\"\\f46b\"}.fa-poo-bolt:before,.fa-poo-storm:before{content:\"\\f75a\"}.fa-face-frown-open:before,.fa-frown-open:before{content:\"\\f57a\"}.fa-hand-point-up:before{content:\"\\f0a6\"}.fa-money-bill:before{content:\"\\f0d6\"}.fa-bookmark:before{content:\"\\f02e\"}.fa-align-justify:before{content:\"\\f039\"}.fa-umbrella-beach:before{content:\"\\f5ca\"}.fa-helmet-un:before{content:\"\\e503\"}.fa-bullseye:before{content:\"\\f140\"}.fa-bacon:before{content:\"\\f7e5\"}.fa-hand-point-down:before{content:\"\\f0a7\"}.fa-arrow-up-from-bracket:before{content:\"\\e09a\"}.fa-folder-blank:before,.fa-folder:before{content:\"\\f07b\"}.fa-file-medical-alt:before,.fa-file-waveform:before{content:\"\\f478\"}.fa-radiation:before{content:\"\\f7b9\"}.fa-chart-simple:before{content:\"\\e473\"}.fa-mars-stroke:before{content:\"\\f229\"}.fa-vial:before{content:\"\\f492\"}.fa-dashboard:before,.fa-gauge-med:before,.fa-gauge:before,.fa-tachometer-alt-average:before{content:\"\\f624\"}.fa-magic-wand-sparkles:before,.fa-wand-magic-sparkles:before{content:\"\\e2ca\"}.fa-e:before{content:\"\\45\"}.fa-pen-alt:before,.fa-pen-clip:before{content:\"\\f305\"}.fa-bridge-circle-exclamation:before{content:\"\\e4ca\"}.fa-user:before{content:\"\\f007\"}.fa-school-circle-check:before{content:\"\\e56b\"}.fa-dumpster:before{content:\"\\f793\"}.fa-shuttle-van:before,.fa-van-shuttle:before{content:\"\\f5b6\"}.fa-building-user:before{content:\"\\e4da\"}.fa-caret-square-left:before,.fa-square-caret-left:before{content:\"\\f191\"}.fa-highlighter:before{content:\"\\f591\"}.fa-key:before{content:\"\\f084\"}.fa-bullhorn:before{content:\"\\f0a1\"}.fa-globe:before{content:\"\\f0ac\"}.fa-synagogue:before{content:\"\\f69b\"}.fa-person-half-dress:before{content:\"\\e548\"}.fa-road-bridge:before{content:\"\\e563\"}.fa-location-arrow:before{content:\"\\f124\"}.fa-c:before{content:\"\\43\"}.fa-tablet-button:before{content:\"\\f10a\"}.fa-building-lock:before{content:\"\\e4d6\"}.fa-pizza-slice:before{content:\"\\f818\"}.fa-money-bill-wave:before{content:\"\\f53a\"}.fa-area-chart:before,.fa-chart-area:before{content:\"\\f1fe\"}.fa-house-flag:before{content:\"\\e50d\"}.fa-person-circle-minus:before{content:\"\\e540\"}.fa-ban:before,.fa-cancel:before{content:\"\\f05e\"}.fa-camera-rotate:before{content:\"\\e0d8\"}.fa-air-freshener:before,.fa-spray-can-sparkles:before{content:\"\\f5d0\"}.fa-star:before{content:\"\\f005\"}.fa-repeat:before{content:\"\\f363\"}.fa-cross:before{content:\"\\f654\"}.fa-box:before{content:\"\\f466\"}.fa-venus-mars:before{content:\"\\f228\"}.fa-arrow-pointer:before,.fa-mouse-pointer:before{content:\"\\f245\"}.fa-expand-arrows-alt:before,.fa-maximize:before{content:\"\\f31e\"}.fa-charging-station:before{content:\"\\f5e7\"}.fa-shapes:before,.fa-triangle-circle-square:before{content:\"\\f61f\"}.fa-random:before,.fa-shuffle:before{content:\"\\f074\"}.fa-person-running:before,.fa-running:before{content:\"\\f70c\"}.fa-mobile-retro:before{content:\"\\e527\"}.fa-grip-lines-vertical:before{content:\"\\f7a5\"}.fa-spider:before{content:\"\\f717\"}.fa-hands-bound:before{content:\"\\e4f9\"}.fa-file-invoice-dollar:before{content:\"\\f571\"}.fa-plane-circle-exclamation:before{content:\"\\e556\"}.fa-x-ray:before{content:\"\\f497\"}.fa-spell-check:before{content:\"\\f891\"}.fa-slash:before{content:\"\\f715\"}.fa-computer-mouse:before,.fa-mouse:before{content:\"\\f8cc\"}.fa-arrow-right-to-bracket:before,.fa-sign-in:before{content:\"\\f090\"}.fa-shop-slash:before,.fa-store-alt-slash:before{content:\"\\e070\"}.fa-server:before{content:\"\\f233\"}.fa-virus-covid-slash:before{content:\"\\e4a9\"}.fa-shop-lock:before{content:\"\\e4a5\"}.fa-hourglass-1:before,.fa-hourglass-start:before{content:\"\\f251\"}.fa-blender-phone:before{content:\"\\f6b6\"}.fa-building-wheat:before{content:\"\\e4db\"}.fa-person-breastfeeding:before{content:\"\\e53a\"}.fa-right-to-bracket:before,.fa-sign-in-alt:before{content:\"\\f2f6\"}.fa-venus:before{content:\"\\f221\"}.fa-passport:before{content:\"\\f5ab\"}.fa-heart-pulse:before,.fa-heartbeat:before{content:\"\\f21e\"}.fa-people-carry-box:before,.fa-people-carry:before{content:\"\\f4ce\"}.fa-temperature-high:before{content:\"\\f769\"}.fa-microchip:before{content:\"\\f2db\"}.fa-crown:before{content:\"\\f521\"}.fa-weight-hanging:before{content:\"\\f5cd\"}.fa-xmarks-lines:before{content:\"\\e59a\"}.fa-file-prescription:before{content:\"\\f572\"}.fa-weight-scale:before,.fa-weight:before{content:\"\\f496\"}.fa-user-friends:before,.fa-user-group:before{content:\"\\f500\"}.fa-arrow-up-a-z:before,.fa-sort-alpha-up:before{content:\"\\f15e\"}.fa-chess-knight:before{content:\"\\f441\"}.fa-face-laugh-squint:before,.fa-laugh-squint:before{content:\"\\f59b\"}.fa-wheelchair:before{content:\"\\f193\"}.fa-arrow-circle-up:before,.fa-circle-arrow-up:before{content:\"\\f0aa\"}.fa-toggle-on:before{content:\"\\f205\"}.fa-person-walking:before,.fa-walking:before{content:\"\\f554\"}.fa-l:before{content:\"\\4c\"}.fa-fire:before{content:\"\\f06d\"}.fa-bed-pulse:before,.fa-procedures:before{content:\"\\f487\"}.fa-shuttle-space:before,.fa-space-shuttle:before{content:\"\\f197\"}.fa-face-laugh:before,.fa-laugh:before{content:\"\\f599\"}.fa-folder-open:before{content:\"\\f07c\"}.fa-heart-circle-plus:before{content:\"\\e500\"}.fa-code-fork:before{content:\"\\e13b\"}.fa-city:before{content:\"\\f64f\"}.fa-microphone-alt:before,.fa-microphone-lines:before{content:\"\\f3c9\"}.fa-pepper-hot:before{content:\"\\f816\"}.fa-unlock:before{content:\"\\f09c\"}.fa-colon-sign:before{content:\"\\e140\"}.fa-headset:before{content:\"\\f590\"}.fa-store-slash:before{content:\"\\e071\"}.fa-road-circle-xmark:before{content:\"\\e566\"}.fa-user-minus:before{content:\"\\f503\"}.fa-mars-stroke-up:before,.fa-mars-stroke-v:before{content:\"\\f22a\"}.fa-champagne-glasses:before,.fa-glass-cheers:before{content:\"\\f79f\"}.fa-clipboard:before{content:\"\\f328\"}.fa-house-circle-exclamation:before{content:\"\\e50a\"}.fa-file-arrow-up:before,.fa-file-upload:before{content:\"\\f574\"}.fa-wifi-3:before,.fa-wifi-strong:before,.fa-wifi:before{content:\"\\f1eb\"}.fa-bath:before,.fa-bathtub:before{content:\"\\f2cd\"}.fa-underline:before{content:\"\\f0cd\"}.fa-user-edit:before,.fa-user-pen:before{content:\"\\f4ff\"}.fa-signature:before{content:\"\\f5b7\"}.fa-stroopwafel:before{content:\"\\f551\"}.fa-bold:before{content:\"\\f032\"}.fa-anchor-lock:before{content:\"\\e4ad\"}.fa-building-ngo:before{content:\"\\e4d7\"}.fa-manat-sign:before{content:\"\\e1d5\"}.fa-not-equal:before{content:\"\\f53e\"}.fa-border-style:before,.fa-border-top-left:before{content:\"\\f853\"}.fa-map-location-dot:before,.fa-map-marked-alt:before{content:\"\\f5a0\"}.fa-jedi:before{content:\"\\f669\"}.fa-poll:before,.fa-square-poll-vertical:before{content:\"\\f681\"}.fa-mug-hot:before{content:\"\\f7b6\"}.fa-battery-car:before,.fa-car-battery:before{content:\"\\f5df\"}.fa-gift:before{content:\"\\f06b\"}.fa-dice-two:before{content:\"\\f528\"}.fa-chess-queen:before{content:\"\\f445\"}.fa-glasses:before{content:\"\\f530\"}.fa-chess-board:before{content:\"\\f43c\"}.fa-building-circle-check:before{content:\"\\e4d2\"}.fa-person-chalkboard:before{content:\"\\e53d\"}.fa-mars-stroke-h:before,.fa-mars-stroke-right:before{content:\"\\f22b\"}.fa-hand-back-fist:before,.fa-hand-rock:before{content:\"\\f255\"}.fa-caret-square-up:before,.fa-square-caret-up:before{content:\"\\f151\"}.fa-cloud-showers-water:before{content:\"\\e4e4\"}.fa-bar-chart:before,.fa-chart-bar:before{content:\"\\f080\"}.fa-hands-bubbles:before,.fa-hands-wash:before{content:\"\\e05e\"}.fa-less-than-equal:before{content:\"\\f537\"}.fa-train:before{content:\"\\f238\"}.fa-eye-low-vision:before,.fa-low-vision:before{content:\"\\f2a8\"}.fa-crow:before{content:\"\\f520\"}.fa-sailboat:before{content:\"\\e445\"}.fa-window-restore:before{content:\"\\f2d2\"}.fa-plus-square:before,.fa-square-plus:before{content:\"\\f0fe\"}.fa-torii-gate:before{content:\"\\f6a1\"}.fa-frog:before{content:\"\\f52e\"}.fa-bucket:before{content:\"\\e4cf\"}.fa-image:before{content:\"\\f03e\"}.fa-microphone:before{content:\"\\f130\"}.fa-cow:before{content:\"\\f6c8\"}.fa-caret-up:before{content:\"\\f0d8\"}.fa-screwdriver:before{content:\"\\f54a\"}.fa-folder-closed:before{content:\"\\e185\"}.fa-house-tsunami:before{content:\"\\e515\"}.fa-square-nfi:before{content:\"\\e576\"}.fa-arrow-up-from-ground-water:before{content:\"\\e4b5\"}.fa-glass-martini-alt:before,.fa-martini-glass:before{content:\"\\f57b\"}.fa-rotate-back:before,.fa-rotate-backward:before,.fa-rotate-left:before,.fa-undo-alt:before{content:\"\\f2ea\"}.fa-columns:before,.fa-table-columns:before{content:\"\\f0db\"}.fa-lemon:before{content:\"\\f094\"}.fa-head-side-mask:before{content:\"\\e063\"}.fa-handshake:before{content:\"\\f2b5\"}.fa-gem:before{content:\"\\f3a5\"}.fa-dolly-box:before,.fa-dolly:before{content:\"\\f472\"}.fa-smoking:before{content:\"\\f48d\"}.fa-compress-arrows-alt:before,.fa-minimize:before{content:\"\\f78c\"}.fa-monument:before{content:\"\\f5a6\"}.fa-snowplow:before{content:\"\\f7d2\"}.fa-angle-double-right:before,.fa-angles-right:before{content:\"\\f101\"}.fa-cannabis:before{content:\"\\f55f\"}.fa-circle-play:before,.fa-play-circle:before{content:\"\\f144\"}.fa-tablets:before{content:\"\\f490\"}.fa-ethernet:before{content:\"\\f796\"}.fa-eur:before,.fa-euro-sign:before,.fa-euro:before{content:\"\\f153\"}.fa-chair:before{content:\"\\f6c0\"}.fa-check-circle:before,.fa-circle-check:before{content:\"\\f058\"}.fa-circle-stop:before,.fa-stop-circle:before{content:\"\\f28d\"}.fa-compass-drafting:before,.fa-drafting-compass:before{content:\"\\f568\"}.fa-plate-wheat:before{content:\"\\e55a\"}.fa-icicles:before{content:\"\\f7ad\"}.fa-person-shelter:before{content:\"\\e54f\"}.fa-neuter:before{content:\"\\f22c\"}.fa-id-badge:before{content:\"\\f2c1\"}.fa-marker:before{content:\"\\f5a1\"}.fa-face-laugh-beam:before,.fa-laugh-beam:before{content:\"\\f59a\"}.fa-helicopter-symbol:before{content:\"\\e502\"}.fa-universal-access:before{content:\"\\f29a\"}.fa-chevron-circle-up:before,.fa-circle-chevron-up:before{content:\"\\f139\"}.fa-lari-sign:before{content:\"\\e1c8\"}.fa-volcano:before{content:\"\\f770\"}.fa-person-walking-dashed-line-arrow-right:before{content:\"\\e553\"}.fa-gbp:before,.fa-pound-sign:before,.fa-sterling-sign:before{content:\"\\f154\"}.fa-viruses:before{content:\"\\e076\"}.fa-square-person-confined:before{content:\"\\e577\"}.fa-user-tie:before{content:\"\\f508\"}.fa-arrow-down-long:before,.fa-long-arrow-down:before{content:\"\\f175\"}.fa-tent-arrow-down-to-line:before{content:\"\\e57e\"}.fa-certificate:before{content:\"\\f0a3\"}.fa-mail-reply-all:before,.fa-reply-all:before{content:\"\\f122\"}.fa-suitcase:before{content:\"\\f0f2\"}.fa-person-skating:before,.fa-skating:before{content:\"\\f7c5\"}.fa-filter-circle-dollar:before,.fa-funnel-dollar:before{content:\"\\f662\"}.fa-camera-retro:before{content:\"\\f083\"}.fa-arrow-circle-down:before,.fa-circle-arrow-down:before{content:\"\\f0ab\"}.fa-arrow-right-to-file:before,.fa-file-import:before{content:\"\\f56f\"}.fa-external-link-square:before,.fa-square-arrow-up-right:before{content:\"\\f14c\"}.fa-box-open:before{content:\"\\f49e\"}.fa-scroll:before{content:\"\\f70e\"}.fa-spa:before{content:\"\\f5bb\"}.fa-location-pin-lock:before{content:\"\\e51f\"}.fa-pause:before{content:\"\\f04c\"}.fa-hill-avalanche:before{content:\"\\e507\"}.fa-temperature-0:before,.fa-temperature-empty:before,.fa-thermometer-0:before,.fa-thermometer-empty:before{content:\"\\f2cb\"}.fa-bomb:before{content:\"\\f1e2\"}.fa-registered:before{content:\"\\f25d\"}.fa-address-card:before,.fa-contact-card:before,.fa-vcard:before{content:\"\\f2bb\"}.fa-balance-scale-right:before,.fa-scale-unbalanced-flip:before{content:\"\\f516\"}.fa-subscript:before{content:\"\\f12c\"}.fa-diamond-turn-right:before,.fa-directions:before{content:\"\\f5eb\"}.fa-burst:before{content:\"\\e4dc\"}.fa-house-laptop:before,.fa-laptop-house:before{content:\"\\e066\"}.fa-face-tired:before,.fa-tired:before{content:\"\\f5c8\"}.fa-money-bills:before{content:\"\\e1f3\"}.fa-smog:before{content:\"\\f75f\"}.fa-crutch:before{content:\"\\f7f7\"}.fa-cloud-arrow-up:before,.fa-cloud-upload-alt:before,.fa-cloud-upload:before{content:\"\\f0ee\"}.fa-palette:before{content:\"\\f53f\"}.fa-arrows-turn-right:before{content:\"\\e4c0\"}.fa-vest:before{content:\"\\e085\"}.fa-ferry:before{content:\"\\e4ea\"}.fa-arrows-down-to-people:before{content:\"\\e4b9\"}.fa-seedling:before,.fa-sprout:before{content:\"\\f4d8\"}.fa-arrows-alt-h:before,.fa-left-right:before{content:\"\\f337\"}.fa-boxes-packing:before{content:\"\\e4c7\"}.fa-arrow-circle-left:before,.fa-circle-arrow-left:before{content:\"\\f0a8\"}.fa-group-arrows-rotate:before{content:\"\\e4f6\"}.fa-bowl-food:before{content:\"\\e4c6\"}.fa-candy-cane:before{content:\"\\f786\"}.fa-arrow-down-wide-short:before,.fa-sort-amount-asc:before,.fa-sort-amount-down:before{content:\"\\f160\"}.fa-cloud-bolt:before,.fa-thunderstorm:before{content:\"\\f76c\"}.fa-remove-format:before,.fa-text-slash:before{content:\"\\f87d\"}.fa-face-smile-wink:before,.fa-smile-wink:before{content:\"\\f4da\"}.fa-file-word:before{content:\"\\f1c2\"}.fa-file-powerpoint:before{content:\"\\f1c4\"}.fa-arrows-h:before,.fa-arrows-left-right:before{content:\"\\f07e\"}.fa-house-lock:before{content:\"\\e510\"}.fa-cloud-arrow-down:before,.fa-cloud-download-alt:before,.fa-cloud-download:before{content:\"\\f0ed\"}.fa-children:before{content:\"\\e4e1\"}.fa-blackboard:before,.fa-chalkboard:before{content:\"\\f51b\"}.fa-user-alt-slash:before,.fa-user-large-slash:before{content:\"\\f4fa\"}.fa-envelope-open:before{content:\"\\f2b6\"}.fa-handshake-alt-slash:before,.fa-handshake-simple-slash:before{content:\"\\e05f\"}.fa-mattress-pillow:before{content:\"\\e525\"}.fa-guarani-sign:before{content:\"\\e19a\"}.fa-arrows-rotate:before,.fa-refresh:before,.fa-sync:before{content:\"\\f021\"}.fa-fire-extinguisher:before{content:\"\\f134\"}.fa-cruzeiro-sign:before{content:\"\\e152\"}.fa-greater-than-equal:before{content:\"\\f532\"}.fa-shield-alt:before,.fa-shield-halved:before{content:\"\\f3ed\"}.fa-atlas:before,.fa-book-atlas:before{content:\"\\f558\"}.fa-virus:before{content:\"\\e074\"}.fa-envelope-circle-check:before{content:\"\\e4e8\"}.fa-layer-group:before{content:\"\\f5fd\"}.fa-arrows-to-dot:before{content:\"\\e4be\"}.fa-archway:before{content:\"\\f557\"}.fa-heart-circle-check:before{content:\"\\e4fd\"}.fa-house-chimney-crack:before,.fa-house-damage:before{content:\"\\f6f1\"}.fa-file-archive:before,.fa-file-zipper:before{content:\"\\f1c6\"}.fa-square:before{content:\"\\f0c8\"}.fa-glass-martini:before,.fa-martini-glass-empty:before{content:\"\\f000\"}.fa-couch:before{content:\"\\f4b8\"}.fa-cedi-sign:before{content:\"\\e0df\"}.fa-italic:before{content:\"\\f033\"}.fa-church:before{content:\"\\f51d\"}.fa-comments-dollar:before{content:\"\\f653\"}.fa-democrat:before{content:\"\\f747\"}.fa-z:before{content:\"\\5a\"}.fa-person-skiing:before,.fa-skiing:before{content:\"\\f7c9\"}.fa-road-lock:before{content:\"\\e567\"}.fa-a:before{content:\"\\41\"}.fa-temperature-arrow-down:before,.fa-temperature-down:before{content:\"\\e03f\"}.fa-feather-alt:before,.fa-feather-pointed:before{content:\"\\f56b\"}.fa-p:before{content:\"\\50\"}.fa-snowflake:before{content:\"\\f2dc\"}.fa-newspaper:before{content:\"\\f1ea\"}.fa-ad:before,.fa-rectangle-ad:before{content:\"\\f641\"}.fa-arrow-circle-right:before,.fa-circle-arrow-right:before{content:\"\\f0a9\"}.fa-filter-circle-xmark:before{content:\"\\e17b\"}.fa-locust:before{content:\"\\e520\"}.fa-sort:before,.fa-unsorted:before{content:\"\\f0dc\"}.fa-list-1-2:before,.fa-list-numeric:before,.fa-list-ol:before{content:\"\\f0cb\"}.fa-person-dress-burst:before{content:\"\\e544\"}.fa-money-check-alt:before,.fa-money-check-dollar:before{content:\"\\f53d\"}.fa-vector-square:before{content:\"\\f5cb\"}.fa-bread-slice:before{content:\"\\f7ec\"}.fa-language:before{content:\"\\f1ab\"}.fa-face-kiss-wink-heart:before,.fa-kiss-wink-heart:before{content:\"\\f598\"}.fa-filter:before{content:\"\\f0b0\"}.fa-question:before{content:\"\\3f\"}.fa-file-signature:before{content:\"\\f573\"}.fa-arrows-alt:before,.fa-up-down-left-right:before{content:\"\\f0b2\"}.fa-house-chimney-user:before{content:\"\\e065\"}.fa-hand-holding-heart:before{content:\"\\f4be\"}.fa-puzzle-piece:before{content:\"\\f12e\"}.fa-money-check:before{content:\"\\f53c\"}.fa-star-half-alt:before,.fa-star-half-stroke:before{content:\"\\f5c0\"}.fa-code:before{content:\"\\f121\"}.fa-glass-whiskey:before,.fa-whiskey-glass:before{content:\"\\f7a0\"}.fa-building-circle-exclamation:before{content:\"\\e4d3\"}.fa-magnifying-glass-chart:before{content:\"\\e522\"}.fa-arrow-up-right-from-square:before,.fa-external-link:before{content:\"\\f08e\"}.fa-cubes-stacked:before{content:\"\\e4e6\"}.fa-krw:before,.fa-won-sign:before,.fa-won:before{content:\"\\f159\"}.fa-virus-covid:before{content:\"\\e4a8\"}.fa-austral-sign:before{content:\"\\e0a9\"}.fa-f:before{content:\"\\46\"}.fa-leaf:before{content:\"\\f06c\"}.fa-road:before{content:\"\\f018\"}.fa-cab:before,.fa-taxi:before{content:\"\\f1ba\"}.fa-person-circle-plus:before{content:\"\\e541\"}.fa-chart-pie:before,.fa-pie-chart:before{content:\"\\f200\"}.fa-bolt-lightning:before{content:\"\\e0b7\"}.fa-sack-xmark:before{content:\"\\e56a\"}.fa-file-excel:before{content:\"\\f1c3\"}.fa-file-contract:before{content:\"\\f56c\"}.fa-fish-fins:before{content:\"\\e4f2\"}.fa-building-flag:before{content:\"\\e4d5\"}.fa-face-grin-beam:before,.fa-grin-beam:before{content:\"\\f582\"}.fa-object-ungroup:before{content:\"\\f248\"}.fa-poop:before{content:\"\\f619\"}.fa-location-pin:before,.fa-map-marker:before{content:\"\\f041\"}.fa-kaaba:before{content:\"\\f66b\"}.fa-toilet-paper:before{content:\"\\f71e\"}.fa-hard-hat:before,.fa-hat-hard:before,.fa-helmet-safety:before{content:\"\\f807\"}.fa-eject:before{content:\"\\f052\"}.fa-arrow-alt-circle-right:before,.fa-circle-right:before{content:\"\\f35a\"}.fa-plane-circle-check:before{content:\"\\e555\"}.fa-face-rolling-eyes:before,.fa-meh-rolling-eyes:before{content:\"\\f5a5\"}.fa-object-group:before{content:\"\\f247\"}.fa-chart-line:before,.fa-line-chart:before{content:\"\\f201\"}.fa-mask-ventilator:before{content:\"\\e524\"}.fa-arrow-right:before{content:\"\\f061\"}.fa-map-signs:before,.fa-signs-post:before{content:\"\\f277\"}.fa-cash-register:before{content:\"\\f788\"}.fa-person-circle-question:before{content:\"\\e542\"}.fa-h:before{content:\"\\48\"}.fa-tarp:before{content:\"\\e57b\"}.fa-screwdriver-wrench:before,.fa-tools:before{content:\"\\f7d9\"}.fa-arrows-to-eye:before{content:\"\\e4bf\"}.fa-plug-circle-bolt:before{content:\"\\e55b\"}.fa-heart:before{content:\"\\f004\"}.fa-mars-and-venus:before{content:\"\\f224\"}.fa-home-user:before,.fa-house-user:before{content:\"\\e1b0\"}.fa-dumpster-fire:before{content:\"\\f794\"}.fa-house-crack:before{content:\"\\e3b1\"}.fa-cocktail:before,.fa-martini-glass-citrus:before{content:\"\\f561\"}.fa-face-surprise:before,.fa-surprise:before{content:\"\\f5c2\"}.fa-bottle-water:before{content:\"\\e4c5\"}.fa-circle-pause:before,.fa-pause-circle:before{content:\"\\f28b\"}.fa-toilet-paper-slash:before{content:\"\\e072\"}.fa-apple-alt:before,.fa-apple-whole:before{content:\"\\f5d1\"}.fa-kitchen-set:before{content:\"\\e51a\"}.fa-r:before{content:\"\\52\"}.fa-temperature-1:before,.fa-temperature-quarter:before,.fa-thermometer-1:before,.fa-thermometer-quarter:before{content:\"\\f2ca\"}.fa-cube:before{content:\"\\f1b2\"}.fa-bitcoin-sign:before{content:\"\\e0b4\"}.fa-shield-dog:before{content:\"\\e573\"}.fa-solar-panel:before{content:\"\\f5ba\"}.fa-lock-open:before{content:\"\\f3c1\"}.fa-elevator:before{content:\"\\e16d\"}.fa-money-bill-transfer:before{content:\"\\e528\"}.fa-money-bill-trend-up:before{content:\"\\e529\"}.fa-house-flood-water-circle-arrow-right:before{content:\"\\e50f\"}.fa-poll-h:before,.fa-square-poll-horizontal:before{content:\"\\f682\"}.fa-circle:before{content:\"\\f111\"}.fa-backward-fast:before,.fa-fast-backward:before{content:\"\\f049\"}.fa-recycle:before{content:\"\\f1b8\"}.fa-user-astronaut:before{content:\"\\f4fb\"}.fa-plane-slash:before{content:\"\\e069\"}.fa-trademark:before{content:\"\\f25c\"}.fa-basketball-ball:before,.fa-basketball:before{content:\"\\f434\"}.fa-satellite-dish:before{content:\"\\f7c0\"}.fa-arrow-alt-circle-up:before,.fa-circle-up:before{content:\"\\f35b\"}.fa-mobile-alt:before,.fa-mobile-screen-button:before{content:\"\\f3cd\"}.fa-volume-high:before,.fa-volume-up:before{content:\"\\f028\"}.fa-users-rays:before{content:\"\\e593\"}.fa-wallet:before{content:\"\\f555\"}.fa-clipboard-check:before{content:\"\\f46c\"}.fa-file-audio:before{content:\"\\f1c7\"}.fa-burger:before,.fa-hamburger:before{content:\"\\f805\"}.fa-wrench:before{content:\"\\f0ad\"}.fa-bugs:before{content:\"\\e4d0\"}.fa-rupee-sign:before,.fa-rupee:before{content:\"\\f156\"}.fa-file-image:before{content:\"\\f1c5\"}.fa-circle-question:before,.fa-question-circle:before{content:\"\\f059\"}.fa-plane-departure:before{content:\"\\f5b0\"}.fa-handshake-slash:before{content:\"\\e060\"}.fa-book-bookmark:before{content:\"\\e0bb\"}.fa-code-branch:before{content:\"\\f126\"}.fa-hat-cowboy:before{content:\"\\f8c0\"}.fa-bridge:before{content:\"\\e4c8\"}.fa-phone-alt:before,.fa-phone-flip:before{content:\"\\f879\"}.fa-truck-front:before{content:\"\\e2b7\"}.fa-cat:before{content:\"\\f6be\"}.fa-anchor-circle-exclamation:before{content:\"\\e4ab\"}.fa-truck-field:before{content:\"\\e58d\"}.fa-route:before{content:\"\\f4d7\"}.fa-clipboard-question:before{content:\"\\e4e3\"}.fa-panorama:before{content:\"\\e209\"}.fa-comment-medical:before{content:\"\\f7f5\"}.fa-teeth-open:before{content:\"\\f62f\"}.fa-file-circle-minus:before{content:\"\\e4ed\"}.fa-tags:before{content:\"\\f02c\"}.fa-wine-glass:before{content:\"\\f4e3\"}.fa-fast-forward:before,.fa-forward-fast:before{content:\"\\f050\"}.fa-face-meh-blank:before,.fa-meh-blank:before{content:\"\\f5a4\"}.fa-parking:before,.fa-square-parking:before{content:\"\\f540\"}.fa-house-signal:before{content:\"\\e012\"}.fa-bars-progress:before,.fa-tasks-alt:before{content:\"\\f828\"}.fa-faucet-drip:before{content:\"\\e006\"}.fa-cart-flatbed:before,.fa-dolly-flatbed:before{content:\"\\f474\"}.fa-ban-smoking:before,.fa-smoking-ban:before{content:\"\\f54d\"}.fa-terminal:before{content:\"\\f120\"}.fa-mobile-button:before{content:\"\\f10b\"}.fa-house-medical-flag:before{content:\"\\e514\"}.fa-basket-shopping:before,.fa-shopping-basket:before{content:\"\\f291\"}.fa-tape:before{content:\"\\f4db\"}.fa-bus-alt:before,.fa-bus-simple:before{content:\"\\f55e\"}.fa-eye:before{content:\"\\f06e\"}.fa-face-sad-cry:before,.fa-sad-cry:before{content:\"\\f5b3\"}.fa-audio-description:before{content:\"\\f29e\"}.fa-person-military-to-person:before{content:\"\\e54c\"}.fa-file-shield:before{content:\"\\e4f0\"}.fa-user-slash:before{content:\"\\f506\"}.fa-pen:before{content:\"\\f304\"}.fa-tower-observation:before{content:\"\\e586\"}.fa-file-code:before{content:\"\\f1c9\"}.fa-signal-5:before,.fa-signal-perfect:before,.fa-signal:before{content:\"\\f012\"}.fa-bus:before{content:\"\\f207\"}.fa-heart-circle-xmark:before{content:\"\\e501\"}.fa-home-lg:before,.fa-house-chimney:before{content:\"\\e3af\"}.fa-window-maximize:before{content:\"\\f2d0\"}.fa-face-frown:before,.fa-frown:before{content:\"\\f119\"}.fa-prescription:before{content:\"\\f5b1\"}.fa-shop:before,.fa-store-alt:before{content:\"\\f54f\"}.fa-floppy-disk:before,.fa-save:before{content:\"\\f0c7\"}.fa-vihara:before{content:\"\\f6a7\"}.fa-balance-scale-left:before,.fa-scale-unbalanced:before{content:\"\\f515\"}.fa-sort-asc:before,.fa-sort-up:before{content:\"\\f0de\"}.fa-comment-dots:before,.fa-commenting:before{content:\"\\f4ad\"}.fa-plant-wilt:before{content:\"\\e5aa\"}.fa-diamond:before{content:\"\\f219\"}.fa-face-grin-squint:before,.fa-grin-squint:before{content:\"\\f585\"}.fa-hand-holding-dollar:before,.fa-hand-holding-usd:before{content:\"\\f4c0\"}.fa-bacterium:before{content:\"\\e05a\"}.fa-hand-pointer:before{content:\"\\f25a\"}.fa-drum-steelpan:before{content:\"\\f56a\"}.fa-hand-scissors:before{content:\"\\f257\"}.fa-hands-praying:before,.fa-praying-hands:before{content:\"\\f684\"}.fa-arrow-right-rotate:before,.fa-arrow-rotate-forward:before,.fa-arrow-rotate-right:before,.fa-redo:before{content:\"\\f01e\"}.fa-biohazard:before{content:\"\\f780\"}.fa-location-crosshairs:before,.fa-location:before{content:\"\\f601\"}.fa-mars-double:before{content:\"\\f227\"}.fa-child-dress:before{content:\"\\e59c\"}.fa-users-between-lines:before{content:\"\\e591\"}.fa-lungs-virus:before{content:\"\\e067\"}.fa-face-grin-tears:before,.fa-grin-tears:before{content:\"\\f588\"}.fa-phone:before{content:\"\\f095\"}.fa-calendar-times:before,.fa-calendar-xmark:before{content:\"\\f273\"}.fa-child-reaching:before{content:\"\\e59d\"}.fa-head-side-virus:before{content:\"\\e064\"}.fa-user-cog:before,.fa-user-gear:before{content:\"\\f4fe\"}.fa-arrow-up-1-9:before,.fa-sort-numeric-up:before{content:\"\\f163\"}.fa-door-closed:before{content:\"\\f52a\"}.fa-shield-virus:before{content:\"\\e06c\"}.fa-dice-six:before{content:\"\\f526\"}.fa-mosquito-net:before{content:\"\\e52c\"}.fa-bridge-water:before{content:\"\\e4ce\"}.fa-person-booth:before{content:\"\\f756\"}.fa-text-width:before{content:\"\\f035\"}.fa-hat-wizard:before{content:\"\\f6e8\"}.fa-pen-fancy:before{content:\"\\f5ac\"}.fa-digging:before,.fa-person-digging:before{content:\"\\f85e\"}.fa-trash:before{content:\"\\f1f8\"}.fa-gauge-simple-med:before,.fa-gauge-simple:before,.fa-tachometer-average:before{content:\"\\f629\"}.fa-book-medical:before{content:\"\\f7e6\"}.fa-poo:before{content:\"\\f2fe\"}.fa-quote-right-alt:before,.fa-quote-right:before{content:\"\\f10e\"}.fa-shirt:before,.fa-t-shirt:before,.fa-tshirt:before{content:\"\\f553\"}.fa-cubes:before{content:\"\\f1b3\"}.fa-divide:before{content:\"\\f529\"}.fa-tenge-sign:before,.fa-tenge:before{content:\"\\f7d7\"}.fa-headphones:before{content:\"\\f025\"}.fa-hands-holding:before{content:\"\\f4c2\"}.fa-hands-clapping:before{content:\"\\e1a8\"}.fa-republican:before{content:\"\\f75e\"}.fa-arrow-left:before{content:\"\\f060\"}.fa-person-circle-xmark:before{content:\"\\e543\"}.fa-ruler:before{content:\"\\f545\"}.fa-align-left:before{content:\"\\f036\"}.fa-dice-d6:before{content:\"\\f6d1\"}.fa-restroom:before{content:\"\\f7bd\"}.fa-j:before{content:\"\\4a\"}.fa-users-viewfinder:before{content:\"\\e595\"}.fa-file-video:before{content:\"\\f1c8\"}.fa-external-link-alt:before,.fa-up-right-from-square:before{content:\"\\f35d\"}.fa-table-cells:before,.fa-th:before{content:\"\\f00a\"}.fa-file-pdf:before{content:\"\\f1c1\"}.fa-bible:before,.fa-book-bible:before{content:\"\\f647\"}.fa-o:before{content:\"\\4f\"}.fa-medkit:before,.fa-suitcase-medical:before{content:\"\\f0fa\"}.fa-user-secret:before{content:\"\\f21b\"}.fa-otter:before{content:\"\\f700\"}.fa-female:before,.fa-person-dress:before{content:\"\\f182\"}.fa-comment-dollar:before{content:\"\\f651\"}.fa-briefcase-clock:before,.fa-business-time:before{content:\"\\f64a\"}.fa-table-cells-large:before,.fa-th-large:before{content:\"\\f009\"}.fa-book-tanakh:before,.fa-tanakh:before{content:\"\\f827\"}.fa-phone-volume:before,.fa-volume-control-phone:before{content:\"\\f2a0\"}.fa-hat-cowboy-side:before{content:\"\\f8c1\"}.fa-clipboard-user:before{content:\"\\f7f3\"}.fa-child:before{content:\"\\f1ae\"}.fa-lira-sign:before{content:\"\\f195\"}.fa-satellite:before{content:\"\\f7bf\"}.fa-plane-lock:before{content:\"\\e558\"}.fa-tag:before{content:\"\\f02b\"}.fa-comment:before{content:\"\\f075\"}.fa-birthday-cake:before,.fa-cake-candles:before,.fa-cake:before{content:\"\\f1fd\"}.fa-envelope:before{content:\"\\f0e0\"}.fa-angle-double-up:before,.fa-angles-up:before{content:\"\\f102\"}.fa-paperclip:before{content:\"\\f0c6\"}.fa-arrow-right-to-city:before{content:\"\\e4b3\"}.fa-ribbon:before{content:\"\\f4d6\"}.fa-lungs:before{content:\"\\f604\"}.fa-arrow-up-9-1:before,.fa-sort-numeric-up-alt:before{content:\"\\f887\"}.fa-litecoin-sign:before{content:\"\\e1d3\"}.fa-border-none:before{content:\"\\f850\"}.fa-circle-nodes:before{content:\"\\e4e2\"}.fa-parachute-box:before{content:\"\\f4cd\"}.fa-indent:before{content:\"\\f03c\"}.fa-truck-field-un:before{content:\"\\e58e\"}.fa-hourglass-empty:before,.fa-hourglass:before{content:\"\\f254\"}.fa-mountain:before{content:\"\\f6fc\"}.fa-user-doctor:before,.fa-user-md:before{content:\"\\f0f0\"}.fa-circle-info:before,.fa-info-circle:before{content:\"\\f05a\"}.fa-cloud-meatball:before{content:\"\\f73b\"}.fa-camera-alt:before,.fa-camera:before{content:\"\\f030\"}.fa-square-virus:before{content:\"\\e578\"}.fa-meteor:before{content:\"\\f753\"}.fa-car-on:before{content:\"\\e4dd\"}.fa-sleigh:before{content:\"\\f7cc\"}.fa-arrow-down-1-9:before,.fa-sort-numeric-asc:before,.fa-sort-numeric-down:before{content:\"\\f162\"}.fa-hand-holding-droplet:before,.fa-hand-holding-water:before{content:\"\\f4c1\"}.fa-water:before{content:\"\\f773\"}.fa-calendar-check:before{content:\"\\f274\"}.fa-braille:before{content:\"\\f2a1\"}.fa-prescription-bottle-alt:before,.fa-prescription-bottle-medical:before{content:\"\\f486\"}.fa-landmark:before{content:\"\\f66f\"}.fa-truck:before{content:\"\\f0d1\"}.fa-crosshairs:before{content:\"\\f05b\"}.fa-person-cane:before{content:\"\\e53c\"}.fa-tent:before{content:\"\\e57d\"}.fa-vest-patches:before{content:\"\\e086\"}.fa-check-double:before{content:\"\\f560\"}.fa-arrow-down-a-z:before,.fa-sort-alpha-asc:before,.fa-sort-alpha-down:before{content:\"\\f15d\"}.fa-money-bill-wheat:before{content:\"\\e52a\"}.fa-cookie:before{content:\"\\f563\"}.fa-arrow-left-rotate:before,.fa-arrow-rotate-back:before,.fa-arrow-rotate-backward:before,.fa-arrow-rotate-left:before,.fa-undo:before{content:\"\\f0e2\"}.fa-hard-drive:before,.fa-hdd:before{content:\"\\f0a0\"}.fa-face-grin-squint-tears:before,.fa-grin-squint-tears:before{content:\"\\f586\"}.fa-dumbbell:before{content:\"\\f44b\"}.fa-list-alt:before,.fa-rectangle-list:before{content:\"\\f022\"}.fa-tarp-droplet:before{content:\"\\e57c\"}.fa-house-medical-circle-check:before{content:\"\\e511\"}.fa-person-skiing-nordic:before,.fa-skiing-nordic:before{content:\"\\f7ca\"}.fa-calendar-plus:before{content:\"\\f271\"}.fa-plane-arrival:before{content:\"\\f5af\"}.fa-arrow-alt-circle-left:before,.fa-circle-left:before{content:\"\\f359\"}.fa-subway:before,.fa-train-subway:before{content:\"\\f239\"}.fa-chart-gantt:before{content:\"\\e0e4\"}.fa-indian-rupee-sign:before,.fa-indian-rupee:before,.fa-inr:before{content:\"\\e1bc\"}.fa-crop-alt:before,.fa-crop-simple:before{content:\"\\f565\"}.fa-money-bill-1:before,.fa-money-bill-alt:before{content:\"\\f3d1\"}.fa-left-long:before,.fa-long-arrow-alt-left:before{content:\"\\f30a\"}.fa-dna:before{content:\"\\f471\"}.fa-virus-slash:before{content:\"\\e075\"}.fa-minus:before,.fa-subtract:before{content:\"\\f068\"}.fa-chess:before{content:\"\\f439\"}.fa-arrow-left-long:before,.fa-long-arrow-left:before{content:\"\\f177\"}.fa-plug-circle-check:before{content:\"\\e55c\"}.fa-street-view:before{content:\"\\f21d\"}.fa-franc-sign:before{content:\"\\e18f\"}.fa-volume-off:before{content:\"\\f026\"}.fa-american-sign-language-interpreting:before,.fa-asl-interpreting:before,.fa-hands-american-sign-language-interpreting:before,.fa-hands-asl-interpreting:before{content:\"\\f2a3\"}.fa-cog:before,.fa-gear:before{content:\"\\f013\"}.fa-droplet-slash:before,.fa-tint-slash:before{content:\"\\f5c7\"}.fa-mosque:before{content:\"\\f678\"}.fa-mosquito:before{content:\"\\e52b\"}.fa-star-of-david:before{content:\"\\f69a\"}.fa-person-military-rifle:before{content:\"\\e54b\"}.fa-cart-shopping:before,.fa-shopping-cart:before{content:\"\\f07a\"}.fa-vials:before{content:\"\\f493\"}.fa-plug-circle-plus:before{content:\"\\e55f\"}.fa-place-of-worship:before{content:\"\\f67f\"}.fa-grip-vertical:before{content:\"\\f58e\"}.fa-arrow-turn-up:before,.fa-level-up:before{content:\"\\f148\"}.fa-u:before{content:\"\\55\"}.fa-square-root-alt:before,.fa-square-root-variable:before{content:\"\\f698\"}.fa-clock-four:before,.fa-clock:before{content:\"\\f017\"}.fa-backward-step:before,.fa-step-backward:before{content:\"\\f048\"}.fa-pallet:before{content:\"\\f482\"}.fa-faucet:before{content:\"\\e005\"}.fa-baseball-bat-ball:before{content:\"\\f432\"}.fa-s:before{content:\"\\53\"}.fa-timeline:before{content:\"\\e29c\"}.fa-keyboard:before{content:\"\\f11c\"}.fa-caret-down:before{content:\"\\f0d7\"}.fa-clinic-medical:before,.fa-house-chimney-medical:before{content:\"\\f7f2\"}.fa-temperature-3:before,.fa-temperature-three-quarters:before,.fa-thermometer-3:before,.fa-thermometer-three-quarters:before{content:\"\\f2c8\"}.fa-mobile-android-alt:before,.fa-mobile-screen:before{content:\"\\f3cf\"}.fa-plane-up:before{content:\"\\e22d\"}.fa-piggy-bank:before{content:\"\\f4d3\"}.fa-battery-3:before,.fa-battery-half:before{content:\"\\f242\"}.fa-mountain-city:before{content:\"\\e52e\"}.fa-coins:before{content:\"\\f51e\"}.fa-khanda:before{content:\"\\f66d\"}.fa-sliders-h:before,.fa-sliders:before{content:\"\\f1de\"}.fa-folder-tree:before{content:\"\\f802\"}.fa-network-wired:before{content:\"\\f6ff\"}.fa-map-pin:before{content:\"\\f276\"}.fa-hamsa:before{content:\"\\f665\"}.fa-cent-sign:before{content:\"\\e3f5\"}.fa-flask:before{content:\"\\f0c3\"}.fa-person-pregnant:before{content:\"\\e31e\"}.fa-wand-sparkles:before{content:\"\\f72b\"}.fa-ellipsis-v:before,.fa-ellipsis-vertical:before{content:\"\\f142\"}.fa-ticket:before{content:\"\\f145\"}.fa-power-off:before{content:\"\\f011\"}.fa-long-arrow-alt-right:before,.fa-right-long:before{content:\"\\f30b\"}.fa-flag-usa:before{content:\"\\f74d\"}.fa-laptop-file:before{content:\"\\e51d\"}.fa-teletype:before,.fa-tty:before{content:\"\\f1e4\"}.fa-diagram-next:before{content:\"\\e476\"}.fa-person-rifle:before{content:\"\\e54e\"}.fa-house-medical-circle-exclamation:before{content:\"\\e512\"}.fa-closed-captioning:before{content:\"\\f20a\"}.fa-hiking:before,.fa-person-hiking:before{content:\"\\f6ec\"}.fa-venus-double:before{content:\"\\f226\"}.fa-images:before{content:\"\\f302\"}.fa-calculator:before{content:\"\\f1ec\"}.fa-people-pulling:before{content:\"\\e535\"}.fa-n:before{content:\"\\4e\"}.fa-cable-car:before,.fa-tram:before{content:\"\\f7da\"}.fa-cloud-rain:before{content:\"\\f73d\"}.fa-building-circle-xmark:before{content:\"\\e4d4\"}.fa-ship:before{content:\"\\f21a\"}.fa-arrows-down-to-line:before{content:\"\\e4b8\"}.fa-download:before{content:\"\\f019\"}.fa-face-grin:before,.fa-grin:before{content:\"\\f580\"}.fa-backspace:before,.fa-delete-left:before{content:\"\\f55a\"}.fa-eye-dropper-empty:before,.fa-eye-dropper:before,.fa-eyedropper:before{content:\"\\f1fb\"}.fa-file-circle-check:before{content:\"\\e5a0\"}.fa-forward:before{content:\"\\f04e\"}.fa-mobile-android:before,.fa-mobile-phone:before,.fa-mobile:before{content:\"\\f3ce\"}.fa-face-meh:before,.fa-meh:before{content:\"\\f11a\"}.fa-align-center:before{content:\"\\f037\"}.fa-book-dead:before,.fa-book-skull:before{content:\"\\f6b7\"}.fa-drivers-license:before,.fa-id-card:before{content:\"\\f2c2\"}.fa-dedent:before,.fa-outdent:before{content:\"\\f03b\"}.fa-heart-circle-exclamation:before{content:\"\\e4fe\"}.fa-home-alt:before,.fa-home-lg-alt:before,.fa-home:before,.fa-house:before{content:\"\\f015\"}.fa-calendar-week:before{content:\"\\f784\"}.fa-laptop-medical:before{content:\"\\f812\"}.fa-b:before{content:\"\\42\"}.fa-file-medical:before{content:\"\\f477\"}.fa-dice-one:before{content:\"\\f525\"}.fa-kiwi-bird:before{content:\"\\f535\"}.fa-arrow-right-arrow-left:before,.fa-exchange:before{content:\"\\f0ec\"}.fa-redo-alt:before,.fa-rotate-forward:before,.fa-rotate-right:before{content:\"\\f2f9\"}.fa-cutlery:before,.fa-utensils:before{content:\"\\f2e7\"}.fa-arrow-up-wide-short:before,.fa-sort-amount-up:before{content:\"\\f161\"}.fa-mill-sign:before{content:\"\\e1ed\"}.fa-bowl-rice:before{content:\"\\e2eb\"}.fa-skull:before{content:\"\\f54c\"}.fa-broadcast-tower:before,.fa-tower-broadcast:before{content:\"\\f519\"}.fa-truck-pickup:before{content:\"\\f63c\"}.fa-long-arrow-alt-up:before,.fa-up-long:before{content:\"\\f30c\"}.fa-stop:before{content:\"\\f04d\"}.fa-code-merge:before{content:\"\\f387\"}.fa-upload:before{content:\"\\f093\"}.fa-hurricane:before{content:\"\\f751\"}.fa-mound:before{content:\"\\e52d\"}.fa-toilet-portable:before{content:\"\\e583\"}.fa-compact-disc:before{content:\"\\f51f\"}.fa-file-arrow-down:before,.fa-file-download:before{content:\"\\f56d\"}.fa-caravan:before{content:\"\\f8ff\"}.fa-shield-cat:before{content:\"\\e572\"}.fa-bolt:before,.fa-zap:before{content:\"\\f0e7\"}.fa-glass-water:before{content:\"\\e4f4\"}.fa-oil-well:before{content:\"\\e532\"}.fa-vault:before{content:\"\\e2c5\"}.fa-mars:before{content:\"\\f222\"}.fa-toilet:before{content:\"\\f7d8\"}.fa-plane-circle-xmark:before{content:\"\\e557\"}.fa-cny:before,.fa-jpy:before,.fa-rmb:before,.fa-yen-sign:before,.fa-yen:before{content:\"\\f157\"}.fa-rouble:before,.fa-rub:before,.fa-ruble-sign:before,.fa-ruble:before{content:\"\\f158\"}.fa-sun:before{content:\"\\f185\"}.fa-guitar:before{content:\"\\f7a6\"}.fa-face-laugh-wink:before,.fa-laugh-wink:before{content:\"\\f59c\"}.fa-horse-head:before{content:\"\\f7ab\"}.fa-bore-hole:before{content:\"\\e4c3\"}.fa-industry:before{content:\"\\f275\"}.fa-arrow-alt-circle-down:before,.fa-circle-down:before{content:\"\\f358\"}.fa-arrows-turn-to-dots:before{content:\"\\e4c1\"}.fa-florin-sign:before{content:\"\\e184\"}.fa-arrow-down-short-wide:before,.fa-sort-amount-desc:before,.fa-sort-amount-down-alt:before{content:\"\\f884\"}.fa-less-than:before{content:\"\\3c\"}.fa-angle-down:before{content:\"\\f107\"}.fa-car-tunnel:before{content:\"\\e4de\"}.fa-head-side-cough:before{content:\"\\e061\"}.fa-grip-lines:before{content:\"\\f7a4\"}.fa-thumbs-down:before{content:\"\\f165\"}.fa-user-lock:before{content:\"\\f502\"}.fa-arrow-right-long:before,.fa-long-arrow-right:before{content:\"\\f178\"}.fa-anchor-circle-xmark:before{content:\"\\e4ac\"}.fa-ellipsis-h:before,.fa-ellipsis:before{content:\"\\f141\"}.fa-chess-pawn:before{content:\"\\f443\"}.fa-first-aid:before,.fa-kit-medical:before{content:\"\\f479\"}.fa-person-through-window:before{content:\"\\e5a9\"}.fa-toolbox:before{content:\"\\f552\"}.fa-hands-holding-circle:before{content:\"\\e4fb\"}.fa-bug:before{content:\"\\f188\"}.fa-credit-card-alt:before,.fa-credit-card:before{content:\"\\f09d\"}.fa-automobile:before,.fa-car:before{content:\"\\f1b9\"}.fa-hand-holding-hand:before{content:\"\\e4f7\"}.fa-book-open-reader:before,.fa-book-reader:before{content:\"\\f5da\"}.fa-mountain-sun:before{content:\"\\e52f\"}.fa-arrows-left-right-to-line:before{content:\"\\e4ba\"}.fa-dice-d20:before{content:\"\\f6cf\"}.fa-truck-droplet:before{content:\"\\e58c\"}.fa-file-circle-xmark:before{content:\"\\e5a1\"}.fa-temperature-arrow-up:before,.fa-temperature-up:before{content:\"\\e040\"}.fa-medal:before{content:\"\\f5a2\"}.fa-bed:before{content:\"\\f236\"}.fa-h-square:before,.fa-square-h:before{content:\"\\f0fd\"}.fa-podcast:before{content:\"\\f2ce\"}.fa-temperature-4:before,.fa-temperature-full:before,.fa-thermometer-4:before,.fa-thermometer-full:before{content:\"\\f2c7\"}.fa-bell:before{content:\"\\f0f3\"}.fa-superscript:before{content:\"\\f12b\"}.fa-plug-circle-xmark:before{content:\"\\e560\"}.fa-star-of-life:before{content:\"\\f621\"}.fa-phone-slash:before{content:\"\\f3dd\"}.fa-paint-roller:before{content:\"\\f5aa\"}.fa-hands-helping:before,.fa-handshake-angle:before{content:\"\\f4c4\"}.fa-location-dot:before,.fa-map-marker-alt:before{content:\"\\f3c5\"}.fa-file:before{content:\"\\f15b\"}.fa-greater-than:before{content:\"\\3e\"}.fa-person-swimming:before,.fa-swimmer:before{content:\"\\f5c4\"}.fa-arrow-down:before{content:\"\\f063\"}.fa-droplet:before,.fa-tint:before{content:\"\\f043\"}.fa-eraser:before{content:\"\\f12d\"}.fa-earth-america:before,.fa-earth-americas:before,.fa-earth:before,.fa-globe-americas:before{content:\"\\f57d\"}.fa-person-burst:before{content:\"\\e53b\"}.fa-dove:before{content:\"\\f4ba\"}.fa-battery-0:before,.fa-battery-empty:before{content:\"\\f244\"}.fa-socks:before{content:\"\\f696\"}.fa-inbox:before{content:\"\\f01c\"}.fa-section:before{content:\"\\e447\"}.fa-gauge-high:before,.fa-tachometer-alt-fast:before,.fa-tachometer-alt:before{content:\"\\f625\"}.fa-envelope-open-text:before{content:\"\\f658\"}.fa-hospital-alt:before,.fa-hospital-wide:before,.fa-hospital:before{content:\"\\f0f8\"}.fa-wine-bottle:before{content:\"\\f72f\"}.fa-chess-rook:before{content:\"\\f447\"}.fa-bars-staggered:before,.fa-reorder:before,.fa-stream:before{content:\"\\f550\"}.fa-dharmachakra:before{content:\"\\f655\"}.fa-hotdog:before{content:\"\\f80f\"}.fa-blind:before,.fa-person-walking-with-cane:before{content:\"\\f29d\"}.fa-drum:before{content:\"\\f569\"}.fa-ice-cream:before{content:\"\\f810\"}.fa-heart-circle-bolt:before{content:\"\\e4fc\"}.fa-fax:before{content:\"\\f1ac\"}.fa-paragraph:before{content:\"\\f1dd\"}.fa-check-to-slot:before,.fa-vote-yea:before{content:\"\\f772\"}.fa-star-half:before{content:\"\\f089\"}.fa-boxes-alt:before,.fa-boxes-stacked:before,.fa-boxes:before{content:\"\\f468\"}.fa-chain:before,.fa-link:before{content:\"\\f0c1\"}.fa-assistive-listening-systems:before,.fa-ear-listen:before{content:\"\\f2a2\"}.fa-tree-city:before{content:\"\\e587\"}.fa-play:before{content:\"\\f04b\"}.fa-font:before{content:\"\\f031\"}.fa-rupiah-sign:before{content:\"\\e23d\"}.fa-magnifying-glass:before,.fa-search:before{content:\"\\f002\"}.fa-ping-pong-paddle-ball:before,.fa-table-tennis-paddle-ball:before,.fa-table-tennis:before{content:\"\\f45d\"}.fa-diagnoses:before,.fa-person-dots-from-line:before{content:\"\\f470\"}.fa-trash-can-arrow-up:before,.fa-trash-restore-alt:before{content:\"\\f82a\"}.fa-naira-sign:before{content:\"\\e1f6\"}.fa-cart-arrow-down:before{content:\"\\f218\"}.fa-walkie-talkie:before{content:\"\\f8ef\"}.fa-file-edit:before,.fa-file-pen:before{content:\"\\f31c\"}.fa-receipt:before{content:\"\\f543\"}.fa-pen-square:before,.fa-pencil-square:before,.fa-square-pen:before{content:\"\\f14b\"}.fa-suitcase-rolling:before{content:\"\\f5c1\"}.fa-person-circle-exclamation:before{content:\"\\e53f\"}.fa-chevron-down:before{content:\"\\f078\"}.fa-battery-5:before,.fa-battery-full:before,.fa-battery:before{content:\"\\f240\"}.fa-skull-crossbones:before{content:\"\\f714\"}.fa-code-compare:before{content:\"\\e13a\"}.fa-list-dots:before,.fa-list-ul:before{content:\"\\f0ca\"}.fa-school-lock:before{content:\"\\e56f\"}.fa-tower-cell:before{content:\"\\e585\"}.fa-down-long:before,.fa-long-arrow-alt-down:before{content:\"\\f309\"}.fa-ranking-star:before{content:\"\\e561\"}.fa-chess-king:before{content:\"\\f43f\"}.fa-person-harassing:before{content:\"\\e549\"}.fa-brazilian-real-sign:before{content:\"\\e46c\"}.fa-landmark-alt:before,.fa-landmark-dome:before{content:\"\\f752\"}.fa-arrow-up:before{content:\"\\f062\"}.fa-television:before,.fa-tv-alt:before,.fa-tv:before{content:\"\\f26c\"}.fa-shrimp:before{content:\"\\e448\"}.fa-list-check:before,.fa-tasks:before{content:\"\\f0ae\"}.fa-jug-detergent:before{content:\"\\e519\"}.fa-circle-user:before,.fa-user-circle:before{content:\"\\f2bd\"}.fa-user-shield:before{content:\"\\f505\"}.fa-wind:before{content:\"\\f72e\"}.fa-car-burst:before,.fa-car-crash:before{content:\"\\f5e1\"}.fa-y:before{content:\"\\59\"}.fa-person-snowboarding:before,.fa-snowboarding:before{content:\"\\f7ce\"}.fa-shipping-fast:before,.fa-truck-fast:before{content:\"\\f48b\"}.fa-fish:before{content:\"\\f578\"}.fa-user-graduate:before{content:\"\\f501\"}.fa-adjust:before,.fa-circle-half-stroke:before{content:\"\\f042\"}.fa-clapperboard:before{content:\"\\e131\"}.fa-circle-radiation:before,.fa-radiation-alt:before{content:\"\\f7ba\"}.fa-baseball-ball:before,.fa-baseball:before{content:\"\\f433\"}.fa-jet-fighter-up:before{content:\"\\e518\"}.fa-diagram-project:before,.fa-project-diagram:before{content:\"\\f542\"}.fa-copy:before{content:\"\\f0c5\"}.fa-volume-mute:before,.fa-volume-times:before,.fa-volume-xmark:before{content:\"\\f6a9\"}.fa-hand-sparkles:before{content:\"\\e05d\"}.fa-grip-horizontal:before,.fa-grip:before{content:\"\\f58d\"}.fa-share-from-square:before,.fa-share-square:before{content:\"\\f14d\"}.fa-child-combatant:before,.fa-child-rifle:before{content:\"\\e4e0\"}.fa-gun:before{content:\"\\e19b\"}.fa-phone-square:before,.fa-square-phone:before{content:\"\\f098\"}.fa-add:before,.fa-plus:before{content:\"\\2b\"}.fa-expand:before{content:\"\\f065\"}.fa-computer:before{content:\"\\e4e5\"}.fa-close:before,.fa-multiply:before,.fa-remove:before,.fa-times:before,.fa-xmark:before{content:\"\\f00d\"}.fa-arrows-up-down-left-right:before,.fa-arrows:before{content:\"\\f047\"}.fa-chalkboard-teacher:before,.fa-chalkboard-user:before{content:\"\\f51c\"}.fa-peso-sign:before{content:\"\\e222\"}.fa-building-shield:before{content:\"\\e4d8\"}.fa-baby:before{content:\"\\f77c\"}.fa-users-line:before{content:\"\\e592\"}.fa-quote-left-alt:before,.fa-quote-left:before{content:\"\\f10d\"}.fa-tractor:before{content:\"\\f722\"}.fa-trash-arrow-up:before,.fa-trash-restore:before{content:\"\\f829\"}.fa-arrow-down-up-lock:before{content:\"\\e4b0\"}.fa-lines-leaning:before{content:\"\\e51e\"}.fa-ruler-combined:before{content:\"\\f546\"}.fa-copyright:before{content:\"\\f1f9\"}.fa-equals:before{content:\"\\3d\"}.fa-blender:before{content:\"\\f517\"}.fa-teeth:before{content:\"\\f62e\"}.fa-ils:before,.fa-shekel-sign:before,.fa-shekel:before,.fa-sheqel-sign:before,.fa-sheqel:before{content:\"\\f20b\"}.fa-map:before{content:\"\\f279\"}.fa-rocket:before{content:\"\\f135\"}.fa-photo-film:before,.fa-photo-video:before{content:\"\\f87c\"}.fa-folder-minus:before{content:\"\\f65d\"}.fa-store:before{content:\"\\f54e\"}.fa-arrow-trend-up:before{content:\"\\e098\"}.fa-plug-circle-minus:before{content:\"\\e55e\"}.fa-sign-hanging:before,.fa-sign:before{content:\"\\f4d9\"}.fa-bezier-curve:before{content:\"\\f55b\"}.fa-bell-slash:before{content:\"\\f1f6\"}.fa-tablet-android:before,.fa-tablet:before{content:\"\\f3fb\"}.fa-school-flag:before{content:\"\\e56e\"}.fa-fill:before{content:\"\\f575\"}.fa-angle-up:before{content:\"\\f106\"}.fa-drumstick-bite:before{content:\"\\f6d7\"}.fa-holly-berry:before{content:\"\\f7aa\"}.fa-chevron-left:before{content:\"\\f053\"}.fa-bacteria:before{content:\"\\e059\"}.fa-hand-lizard:before{content:\"\\f258\"}.fa-notdef:before{content:\"\\e1fe\"}.fa-disease:before{content:\"\\f7fa\"}.fa-briefcase-medical:before{content:\"\\f469\"}.fa-genderless:before{content:\"\\f22d\"}.fa-chevron-right:before{content:\"\\f054\"}.fa-retweet:before{content:\"\\f079\"}.fa-car-alt:before,.fa-car-rear:before{content:\"\\f5de\"}.fa-pump-soap:before{content:\"\\e06b\"}.fa-video-slash:before{content:\"\\f4e2\"}.fa-battery-2:before,.fa-battery-quarter:before{content:\"\\f243\"}.fa-radio:before{content:\"\\f8d7\"}.fa-baby-carriage:before,.fa-carriage-baby:before{content:\"\\f77d\"}.fa-traffic-light:before{content:\"\\f637\"}.fa-thermometer:before{content:\"\\f491\"}.fa-vr-cardboard:before{content:\"\\f729\"}.fa-hand-middle-finger:before{content:\"\\f806\"}.fa-percent:before,.fa-percentage:before{content:\"\\25\"}.fa-truck-moving:before{content:\"\\f4df\"}.fa-glass-water-droplet:before{content:\"\\e4f5\"}.fa-display:before{content:\"\\e163\"}.fa-face-smile:before,.fa-smile:before{content:\"\\f118\"}.fa-thumb-tack:before,.fa-thumbtack:before{content:\"\\f08d\"}.fa-trophy:before{content:\"\\f091\"}.fa-person-praying:before,.fa-pray:before{content:\"\\f683\"}.fa-hammer:before{content:\"\\f6e3\"}.fa-hand-peace:before{content:\"\\f25b\"}.fa-rotate:before,.fa-sync-alt:before{content:\"\\f2f1\"}.fa-spinner:before{content:\"\\f110\"}.fa-robot:before{content:\"\\f544\"}.fa-peace:before{content:\"\\f67c\"}.fa-cogs:before,.fa-gears:before{content:\"\\f085\"}.fa-warehouse:before{content:\"\\f494\"}.fa-arrow-up-right-dots:before{content:\"\\e4b7\"}.fa-splotch:before{content:\"\\f5bc\"}.fa-face-grin-hearts:before,.fa-grin-hearts:before{content:\"\\f584\"}.fa-dice-four:before{content:\"\\f524\"}.fa-sim-card:before{content:\"\\f7c4\"}.fa-transgender-alt:before,.fa-transgender:before{content:\"\\f225\"}.fa-mercury:before{content:\"\\f223\"}.fa-arrow-turn-down:before,.fa-level-down:before{content:\"\\f149\"}.fa-person-falling-burst:before{content:\"\\e547\"}.fa-award:before{content:\"\\f559\"}.fa-ticket-alt:before,.fa-ticket-simple:before{content:\"\\f3ff\"}.fa-building:before{content:\"\\f1ad\"}.fa-angle-double-left:before,.fa-angles-left:before{content:\"\\f100\"}.fa-qrcode:before{content:\"\\f029\"}.fa-clock-rotate-left:before,.fa-history:before{content:\"\\f1da\"}.fa-face-grin-beam-sweat:before,.fa-grin-beam-sweat:before{content:\"\\f583\"}.fa-arrow-right-from-file:before,.fa-file-export:before{content:\"\\f56e\"}.fa-shield-blank:before,.fa-shield:before{content:\"\\f132\"}.fa-arrow-up-short-wide:before,.fa-sort-amount-up-alt:before{content:\"\\f885\"}.fa-house-medical:before{content:\"\\e3b2\"}.fa-golf-ball-tee:before,.fa-golf-ball:before{content:\"\\f450\"}.fa-chevron-circle-left:before,.fa-circle-chevron-left:before{content:\"\\f137\"}.fa-house-chimney-window:before{content:\"\\e00d\"}.fa-pen-nib:before{content:\"\\f5ad\"}.fa-tent-arrow-turn-left:before{content:\"\\e580\"}.fa-tents:before{content:\"\\e582\"}.fa-magic:before,.fa-wand-magic:before{content:\"\\f0d0\"}.fa-dog:before{content:\"\\f6d3\"}.fa-carrot:before{content:\"\\f787\"}.fa-moon:before{content:\"\\f186\"}.fa-wine-glass-alt:before,.fa-wine-glass-empty:before{content:\"\\f5ce\"}.fa-cheese:before{content:\"\\f7ef\"}.fa-yin-yang:before{content:\"\\f6ad\"}.fa-music:before{content:\"\\f001\"}.fa-code-commit:before{content:\"\\f386\"}.fa-temperature-low:before{content:\"\\f76b\"}.fa-biking:before,.fa-person-biking:before{content:\"\\f84a\"}.fa-broom:before{content:\"\\f51a\"}.fa-shield-heart:before{content:\"\\e574\"}.fa-gopuram:before{content:\"\\f664\"}.fa-earth-oceania:before,.fa-globe-oceania:before{content:\"\\e47b\"}.fa-square-xmark:before,.fa-times-square:before,.fa-xmark-square:before{content:\"\\f2d3\"}.fa-hashtag:before{content:\"\\23\"}.fa-expand-alt:before,.fa-up-right-and-down-left-from-center:before{content:\"\\f424\"}.fa-oil-can:before{content:\"\\f613\"}.fa-t:before{content:\"\\54\"}.fa-hippo:before{content:\"\\f6ed\"}.fa-chart-column:before{content:\"\\e0e3\"}.fa-infinity:before{content:\"\\f534\"}.fa-vial-circle-check:before{content:\"\\e596\"}.fa-person-arrow-down-to-line:before{content:\"\\e538\"}.fa-voicemail:before{content:\"\\f897\"}.fa-fan:before{content:\"\\f863\"}.fa-person-walking-luggage:before{content:\"\\e554\"}.fa-arrows-alt-v:before,.fa-up-down:before{content:\"\\f338\"}.fa-cloud-moon-rain:before{content:\"\\f73c\"}.fa-calendar:before{content:\"\\f133\"}.fa-trailer:before{content:\"\\e041\"}.fa-bahai:before,.fa-haykal:before{content:\"\\f666\"}.fa-sd-card:before{content:\"\\f7c2\"}.fa-dragon:before{content:\"\\f6d5\"}.fa-shoe-prints:before{content:\"\\f54b\"}.fa-circle-plus:before,.fa-plus-circle:before{content:\"\\f055\"}.fa-face-grin-tongue-wink:before,.fa-grin-tongue-wink:before{content:\"\\f58b\"}.fa-hand-holding:before{content:\"\\f4bd\"}.fa-plug-circle-exclamation:before{content:\"\\e55d\"}.fa-chain-broken:before,.fa-chain-slash:before,.fa-link-slash:before,.fa-unlink:before{content:\"\\f127\"}.fa-clone:before{content:\"\\f24d\"}.fa-person-walking-arrow-loop-left:before{content:\"\\e551\"}.fa-arrow-up-z-a:before,.fa-sort-alpha-up-alt:before{content:\"\\f882\"}.fa-fire-alt:before,.fa-fire-flame-curved:before{content:\"\\f7e4\"}.fa-tornado:before{content:\"\\f76f\"}.fa-file-circle-plus:before{content:\"\\e494\"}.fa-book-quran:before,.fa-quran:before{content:\"\\f687\"}.fa-anchor:before{content:\"\\f13d\"}.fa-border-all:before{content:\"\\f84c\"}.fa-angry:before,.fa-face-angry:before{content:\"\\f556\"}.fa-cookie-bite:before{content:\"\\f564\"}.fa-arrow-trend-down:before{content:\"\\e097\"}.fa-feed:before,.fa-rss:before{content:\"\\f09e\"}.fa-draw-polygon:before{content:\"\\f5ee\"}.fa-balance-scale:before,.fa-scale-balanced:before{content:\"\\f24e\"}.fa-gauge-simple-high:before,.fa-tachometer-fast:before,.fa-tachometer:before{content:\"\\f62a\"}.fa-shower:before{content:\"\\f2cc\"}.fa-desktop-alt:before,.fa-desktop:before{content:\"\\f390\"}.fa-m:before{content:\"\\4d\"}.fa-table-list:before,.fa-th-list:before{content:\"\\f00b\"}.fa-comment-sms:before,.fa-sms:before{content:\"\\f7cd\"}.fa-book:before{content:\"\\f02d\"}.fa-user-plus:before{content:\"\\f234\"}.fa-check:before{content:\"\\f00c\"}.fa-battery-4:before,.fa-battery-three-quarters:before{content:\"\\f241\"}.fa-house-circle-check:before{content:\"\\e509\"}.fa-angle-left:before{content:\"\\f104\"}.fa-diagram-successor:before{content:\"\\e47a\"}.fa-truck-arrow-right:before{content:\"\\e58b\"}.fa-arrows-split-up-and-left:before{content:\"\\e4bc\"}.fa-fist-raised:before,.fa-hand-fist:before{content:\"\\f6de\"}.fa-cloud-moon:before{content:\"\\f6c3\"}.fa-briefcase:before{content:\"\\f0b1\"}.fa-person-falling:before{content:\"\\e546\"}.fa-image-portrait:before,.fa-portrait:before{content:\"\\f3e0\"}.fa-user-tag:before{content:\"\\f507\"}.fa-rug:before{content:\"\\e569\"}.fa-earth-europe:before,.fa-globe-europe:before{content:\"\\f7a2\"}.fa-cart-flatbed-suitcase:before,.fa-luggage-cart:before{content:\"\\f59d\"}.fa-rectangle-times:before,.fa-rectangle-xmark:before,.fa-times-rectangle:before,.fa-window-close:before{content:\"\\f410\"}.fa-baht-sign:before{content:\"\\e0ac\"}.fa-book-open:before{content:\"\\f518\"}.fa-book-journal-whills:before,.fa-journal-whills:before{content:\"\\f66a\"}.fa-handcuffs:before{content:\"\\e4f8\"}.fa-exclamation-triangle:before,.fa-triangle-exclamation:before,.fa-warning:before{content:\"\\f071\"}.fa-database:before{content:\"\\f1c0\"}.fa-mail-forward:before,.fa-share:before{content:\"\\f064\"}.fa-bottle-droplet:before{content:\"\\e4c4\"}.fa-mask-face:before{content:\"\\e1d7\"}.fa-hill-rockslide:before{content:\"\\e508\"}.fa-exchange-alt:before,.fa-right-left:before{content:\"\\f362\"}.fa-paper-plane:before{content:\"\\f1d8\"}.fa-road-circle-exclamation:before{content:\"\\e565\"}.fa-dungeon:before{content:\"\\f6d9\"}.fa-align-right:before{content:\"\\f038\"}.fa-money-bill-1-wave:before,.fa-money-bill-wave-alt:before{content:\"\\f53b\"}.fa-life-ring:before{content:\"\\f1cd\"}.fa-hands:before,.fa-sign-language:before,.fa-signing:before{content:\"\\f2a7\"}.fa-calendar-day:before{content:\"\\f783\"}.fa-ladder-water:before,.fa-swimming-pool:before,.fa-water-ladder:before{content:\"\\f5c5\"}.fa-arrows-up-down:before,.fa-arrows-v:before{content:\"\\f07d\"}.fa-face-grimace:before,.fa-grimace:before{content:\"\\f57f\"}.fa-wheelchair-alt:before,.fa-wheelchair-move:before{content:\"\\e2ce\"}.fa-level-down-alt:before,.fa-turn-down:before{content:\"\\f3be\"}.fa-person-walking-arrow-right:before{content:\"\\e552\"}.fa-envelope-square:before,.fa-square-envelope:before{content:\"\\f199\"}.fa-dice:before{content:\"\\f522\"}.fa-bowling-ball:before{content:\"\\f436\"}.fa-brain:before{content:\"\\f5dc\"}.fa-band-aid:before,.fa-bandage:before{content:\"\\f462\"}.fa-calendar-minus:before{content:\"\\f272\"}.fa-circle-xmark:before,.fa-times-circle:before,.fa-xmark-circle:before{content:\"\\f057\"}.fa-gifts:before{content:\"\\f79c\"}.fa-hotel:before{content:\"\\f594\"}.fa-earth-asia:before,.fa-globe-asia:before{content:\"\\f57e\"}.fa-id-card-alt:before,.fa-id-card-clip:before{content:\"\\f47f\"}.fa-magnifying-glass-plus:before,.fa-search-plus:before{content:\"\\f00e\"}.fa-thumbs-up:before{content:\"\\f164\"}.fa-user-clock:before{content:\"\\f4fd\"}.fa-allergies:before,.fa-hand-dots:before{content:\"\\f461\"}.fa-file-invoice:before{content:\"\\f570\"}.fa-window-minimize:before{content:\"\\f2d1\"}.fa-coffee:before,.fa-mug-saucer:before{content:\"\\f0f4\"}.fa-brush:before{content:\"\\f55d\"}.fa-mask:before{content:\"\\f6fa\"}.fa-magnifying-glass-minus:before,.fa-search-minus:before{content:\"\\f010\"}.fa-ruler-vertical:before{content:\"\\f548\"}.fa-user-alt:before,.fa-user-large:before{content:\"\\f406\"}.fa-train-tram:before{content:\"\\e5b4\"}.fa-user-nurse:before{content:\"\\f82f\"}.fa-syringe:before{content:\"\\f48e\"}.fa-cloud-sun:before{content:\"\\f6c4\"}.fa-stopwatch-20:before{content:\"\\e06f\"}.fa-square-full:before{content:\"\\f45c\"}.fa-magnet:before{content:\"\\f076\"}.fa-jar:before{content:\"\\e516\"}.fa-note-sticky:before,.fa-sticky-note:before{content:\"\\f249\"}.fa-bug-slash:before{content:\"\\e490\"}.fa-arrow-up-from-water-pump:before{content:\"\\e4b6\"}.fa-bone:before{content:\"\\f5d7\"}.fa-user-injured:before{content:\"\\f728\"}.fa-face-sad-tear:before,.fa-sad-tear:before{content:\"\\f5b4\"}.fa-plane:before{content:\"\\f072\"}.fa-tent-arrows-down:before{content:\"\\e581\"}.fa-exclamation:before{content:\"\\21\"}.fa-arrows-spin:before{content:\"\\e4bb\"}.fa-print:before{content:\"\\f02f\"}.fa-try:before,.fa-turkish-lira-sign:before,.fa-turkish-lira:before{content:\"\\e2bb\"}.fa-dollar-sign:before,.fa-dollar:before,.fa-usd:before{content:\"\\24\"}.fa-x:before{content:\"\\58\"}.fa-magnifying-glass-dollar:before,.fa-search-dollar:before{content:\"\\f688\"}.fa-users-cog:before,.fa-users-gear:before{content:\"\\f509\"}.fa-person-military-pointing:before{content:\"\\e54a\"}.fa-bank:before,.fa-building-columns:before,.fa-institution:before,.fa-museum:before,.fa-university:before{content:\"\\f19c\"}.fa-umbrella:before{content:\"\\f0e9\"}.fa-trowel:before{content:\"\\e589\"}.fa-d:before{content:\"\\44\"}.fa-stapler:before{content:\"\\e5af\"}.fa-masks-theater:before,.fa-theater-masks:before{content:\"\\f630\"}.fa-kip-sign:before{content:\"\\e1c4\"}.fa-hand-point-left:before{content:\"\\f0a5\"}.fa-handshake-alt:before,.fa-handshake-simple:before{content:\"\\f4c6\"}.fa-fighter-jet:before,.fa-jet-fighter:before{content:\"\\f0fb\"}.fa-share-alt-square:before,.fa-square-share-nodes:before{content:\"\\f1e1\"}.fa-barcode:before{content:\"\\f02a\"}.fa-plus-minus:before{content:\"\\e43c\"}.fa-video-camera:before,.fa-video:before{content:\"\\f03d\"}.fa-graduation-cap:before,.fa-mortar-board:before{content:\"\\f19d\"}.fa-hand-holding-medical:before{content:\"\\e05c\"}.fa-person-circle-check:before{content:\"\\e53e\"}.fa-level-up-alt:before,.fa-turn-up:before{content:\"\\f3bf\"}\r\n.fa-sr-only,.fa-sr-only-focusable:not(:focus),.sr-only,.sr-only-focusable:not(:focus){position:absolute;width:1px;height:1px;padding:0;margin:-1px;overflow:hidden;clip:rect(0,0,0,0);white-space:nowrap;border-width:0}:host,:root{--fa-style-family-brands:\"Font Awesome 6 Brands\";--fa-font-brands:normal 400 1em/1 \"Font Awesome 6 Brands\"}@font-face{font-family:\"Font Awesome 6 Brands\";font-style:normal;font-weight:400;font-display:block;src:url(../webfonts/fa-brands-400.woff2) format(\"woff2\"),url(../webfonts/fa-brands-400.ttf) format(\"truetype\")}.fa-brands,.fab{font-weight:400}.fa-monero:before{content:\"\\f3d0\"}.fa-hooli:before{content:\"\\f427\"}.fa-yelp:before{content:\"\\f1e9\"}.fa-cc-visa:before{content:\"\\f1f0\"}.fa-lastfm:before{content:\"\\f202\"}.fa-shopware:before{content:\"\\f5b5\"}.fa-creative-commons-nc:before{content:\"\\f4e8\"}.fa-aws:before{content:\"\\f375\"}.fa-redhat:before{content:\"\\f7bc\"}.fa-yoast:before{content:\"\\f2b1\"}.fa-cloudflare:before{content:\"\\e07d\"}.fa-ups:before{content:\"\\f7e0\"}.fa-pixiv:before{content:\"\\e640\"}.fa-wpexplorer:before{content:\"\\f2de\"}.fa-dyalog:before{content:\"\\f399\"}.fa-bity:before{content:\"\\f37a\"}.fa-stackpath:before{content:\"\\f842\"}.fa-buysellads:before{content:\"\\f20d\"}.fa-first-order:before{content:\"\\f2b0\"}.fa-modx:before{content:\"\\f285\"}.fa-guilded:before{content:\"\\e07e\"}.fa-vnv:before{content:\"\\f40b\"}.fa-js-square:before,.fa-square-js:before{content:\"\\f3b9\"}.fa-microsoft:before{content:\"\\f3ca\"}.fa-qq:before{content:\"\\f1d6\"}.fa-orcid:before{content:\"\\f8d2\"}.fa-java:before{content:\"\\f4e4\"}.fa-invision:before{content:\"\\f7b0\"}.fa-creative-commons-pd-alt:before{content:\"\\f4ed\"}.fa-centercode:before{content:\"\\f380\"}.fa-glide-g:before{content:\"\\f2a6\"}.fa-drupal:before{content:\"\\f1a9\"}.fa-hire-a-helper:before{content:\"\\f3b0\"}.fa-creative-commons-by:before{content:\"\\f4e7\"}.fa-unity:before{content:\"\\e049\"}.fa-whmcs:before{content:\"\\f40d\"}.fa-rocketchat:before{content:\"\\f3e8\"}.fa-vk:before{content:\"\\f189\"}.fa-untappd:before{content:\"\\f405\"}.fa-mailchimp:before{content:\"\\f59e\"}.fa-css3-alt:before{content:\"\\f38b\"}.fa-reddit-square:before,.fa-square-reddit:before{content:\"\\f1a2\"}.fa-vimeo-v:before{content:\"\\f27d\"}.fa-contao:before{content:\"\\f26d\"}.fa-square-font-awesome:before{content:\"\\e5ad\"}.fa-deskpro:before{content:\"\\f38f\"}.fa-brave:before{content:\"\\e63c\"}.fa-sistrix:before{content:\"\\f3ee\"}.fa-instagram-square:before,.fa-square-instagram:before{content:\"\\e055\"}.fa-battle-net:before{content:\"\\f835\"}.fa-the-red-yeti:before{content:\"\\f69d\"}.fa-hacker-news-square:before,.fa-square-hacker-news:before{content:\"\\f3af\"}.fa-edge:before{content:\"\\f282\"}.fa-threads:before{content:\"\\e618\"}.fa-napster:before{content:\"\\f3d2\"}.fa-snapchat-square:before,.fa-square-snapchat:before{content:\"\\f2ad\"}.fa-google-plus-g:before{content:\"\\f0d5\"}.fa-artstation:before{content:\"\\f77a\"}.fa-markdown:before{content:\"\\f60f\"}.fa-sourcetree:before{content:\"\\f7d3\"}.fa-google-plus:before{content:\"\\f2b3\"}.fa-diaspora:before{content:\"\\f791\"}.fa-foursquare:before{content:\"\\f180\"}.fa-stack-overflow:before{content:\"\\f16c\"}.fa-github-alt:before{content:\"\\f113\"}.fa-phoenix-squadron:before{content:\"\\f511\"}.fa-pagelines:before{content:\"\\f18c\"}.fa-algolia:before{content:\"\\f36c\"}.fa-red-river:before{content:\"\\f3e3\"}.fa-creative-commons-sa:before{content:\"\\f4ef\"}.fa-safari:before{content:\"\\f267\"}.fa-google:before{content:\"\\f1a0\"}.fa-font-awesome-alt:before,.fa-square-font-awesome-stroke:before{content:\"\\f35c\"}.fa-atlassian:before{content:\"\\f77b\"}.fa-linkedin-in:before{content:\"\\f0e1\"}.fa-digital-ocean:before{content:\"\\f391\"}.fa-nimblr:before{content:\"\\f5a8\"}.fa-chromecast:before{content:\"\\f838\"}.fa-evernote:before{content:\"\\f839\"}.fa-hacker-news:before{content:\"\\f1d4\"}.fa-creative-commons-sampling:before{content:\"\\f4f0\"}.fa-adversal:before{content:\"\\f36a\"}.fa-creative-commons:before{content:\"\\f25e\"}.fa-watchman-monitoring:before{content:\"\\e087\"}.fa-fonticons:before{content:\"\\f280\"}.fa-weixin:before{content:\"\\f1d7\"}.fa-shirtsinbulk:before{content:\"\\f214\"}.fa-codepen:before{content:\"\\f1cb\"}.fa-git-alt:before{content:\"\\f841\"}.fa-lyft:before{content:\"\\f3c3\"}.fa-rev:before{content:\"\\f5b2\"}.fa-windows:before{content:\"\\f17a\"}.fa-wizards-of-the-coast:before{content:\"\\f730\"}.fa-square-viadeo:before,.fa-viadeo-square:before{content:\"\\f2aa\"}.fa-meetup:before{content:\"\\f2e0\"}.fa-centos:before{content:\"\\f789\"}.fa-adn:before{content:\"\\f170\"}.fa-cloudsmith:before{content:\"\\f384\"}.fa-opensuse:before{content:\"\\e62b\"}.fa-pied-piper-alt:before{content:\"\\f1a8\"}.fa-dribbble-square:before,.fa-square-dribbble:before{content:\"\\f397\"}.fa-codiepie:before{content:\"\\f284\"}.fa-node:before{content:\"\\f419\"}.fa-mix:before{content:\"\\f3cb\"}.fa-steam:before{content:\"\\f1b6\"}.fa-cc-apple-pay:before{content:\"\\f416\"}.fa-scribd:before{content:\"\\f28a\"}.fa-debian:before{content:\"\\e60b\"}.fa-openid:before{content:\"\\f19b\"}.fa-instalod:before{content:\"\\e081\"}.fa-expeditedssl:before{content:\"\\f23e\"}.fa-sellcast:before{content:\"\\f2da\"}.fa-square-twitter:before,.fa-twitter-square:before{content:\"\\f081\"}.fa-r-project:before{content:\"\\f4f7\"}.fa-delicious:before{content:\"\\f1a5\"}.fa-freebsd:before{content:\"\\f3a4\"}.fa-vuejs:before{content:\"\\f41f\"}.fa-accusoft:before{content:\"\\f369\"}.fa-ioxhost:before{content:\"\\f208\"}.fa-fonticons-fi:before{content:\"\\f3a2\"}.fa-app-store:before{content:\"\\f36f\"}.fa-cc-mastercard:before{content:\"\\f1f1\"}.fa-itunes-note:before{content:\"\\f3b5\"}.fa-golang:before{content:\"\\e40f\"}.fa-kickstarter:before{content:\"\\f3bb\"}.fa-grav:before{content:\"\\f2d6\"}.fa-weibo:before{content:\"\\f18a\"}.fa-uncharted:before{content:\"\\e084\"}.fa-firstdraft:before{content:\"\\f3a1\"}.fa-square-youtube:before,.fa-youtube-square:before{content:\"\\f431\"}.fa-wikipedia-w:before{content:\"\\f266\"}.fa-rendact:before,.fa-wpressr:before{content:\"\\f3e4\"}.fa-angellist:before{content:\"\\f209\"}.fa-galactic-republic:before{content:\"\\f50c\"}.fa-nfc-directional:before{content:\"\\e530\"}.fa-skype:before{content:\"\\f17e\"}.fa-joget:before{content:\"\\f3b7\"}.fa-fedora:before{content:\"\\f798\"}.fa-stripe-s:before{content:\"\\f42a\"}.fa-meta:before{content:\"\\e49b\"}.fa-laravel:before{content:\"\\f3bd\"}.fa-hotjar:before{content:\"\\f3b1\"}.fa-bluetooth-b:before{content:\"\\f294\"}.fa-square-letterboxd:before{content:\"\\e62e\"}.fa-sticker-mule:before{content:\"\\f3f7\"}.fa-creative-commons-zero:before{content:\"\\f4f3\"}.fa-hips:before{content:\"\\f452\"}.fa-behance:before{content:\"\\f1b4\"}.fa-reddit:before{content:\"\\f1a1\"}.fa-discord:before{content:\"\\f392\"}.fa-chrome:before{content:\"\\f268\"}.fa-app-store-ios:before{content:\"\\f370\"}.fa-cc-discover:before{content:\"\\f1f2\"}.fa-wpbeginner:before{content:\"\\f297\"}.fa-confluence:before{content:\"\\f78d\"}.fa-mdb:before{content:\"\\f8ca\"}.fa-dochub:before{content:\"\\f394\"}.fa-accessible-icon:before{content:\"\\f368\"}.fa-ebay:before{content:\"\\f4f4\"}.fa-amazon:before{content:\"\\f270\"}.fa-unsplash:before{content:\"\\e07c\"}.fa-yarn:before{content:\"\\f7e3\"}.fa-square-steam:before,.fa-steam-square:before{content:\"\\f1b7\"}.fa-500px:before{content:\"\\f26e\"}.fa-square-vimeo:before,.fa-vimeo-square:before{content:\"\\f194\"}.fa-asymmetrik:before{content:\"\\f372\"}.fa-font-awesome-flag:before,.fa-font-awesome-logo-full:before,.fa-font-awesome:before{content:\"\\f2b4\"}.fa-gratipay:before{content:\"\\f184\"}.fa-apple:before{content:\"\\f179\"}.fa-hive:before{content:\"\\e07f\"}.fa-gitkraken:before{content:\"\\f3a6\"}.fa-keybase:before{content:\"\\f4f5\"}.fa-apple-pay:before{content:\"\\f415\"}.fa-padlet:before{content:\"\\e4a0\"}.fa-amazon-pay:before{content:\"\\f42c\"}.fa-github-square:before,.fa-square-github:before{content:\"\\f092\"}.fa-stumbleupon:before{content:\"\\f1a4\"}.fa-fedex:before{content:\"\\f797\"}.fa-phoenix-framework:before{content:\"\\f3dc\"}.fa-shopify:before{content:\"\\e057\"}.fa-neos:before{content:\"\\f612\"}.fa-square-threads:before{content:\"\\e619\"}.fa-hackerrank:before{content:\"\\f5f7\"}.fa-researchgate:before{content:\"\\f4f8\"}.fa-swift:before{content:\"\\f8e1\"}.fa-angular:before{content:\"\\f420\"}.fa-speakap:before{content:\"\\f3f3\"}.fa-angrycreative:before{content:\"\\f36e\"}.fa-y-combinator:before{content:\"\\f23b\"}.fa-empire:before{content:\"\\f1d1\"}.fa-envira:before{content:\"\\f299\"}.fa-google-scholar:before{content:\"\\e63b\"}.fa-gitlab-square:before,.fa-square-gitlab:before{content:\"\\e5ae\"}.fa-studiovinari:before{content:\"\\f3f8\"}.fa-pied-piper:before{content:\"\\f2ae\"}.fa-wordpress:before{content:\"\\f19a\"}.fa-product-hunt:before{content:\"\\f288\"}.fa-firefox:before{content:\"\\f269\"}.fa-linode:before{content:\"\\f2b8\"}.fa-goodreads:before{content:\"\\f3a8\"}.fa-odnoklassniki-square:before,.fa-square-odnoklassniki:before{content:\"\\f264\"}.fa-jsfiddle:before{content:\"\\f1cc\"}.fa-sith:before{content:\"\\f512\"}.fa-themeisle:before{content:\"\\f2b2\"}.fa-page4:before{content:\"\\f3d7\"}.fa-hashnode:before{content:\"\\e499\"}.fa-react:before{content:\"\\f41b\"}.fa-cc-paypal:before{content:\"\\f1f4\"}.fa-squarespace:before{content:\"\\f5be\"}.fa-cc-stripe:before{content:\"\\f1f5\"}.fa-creative-commons-share:before{content:\"\\f4f2\"}.fa-bitcoin:before{content:\"\\f379\"}.fa-keycdn:before{content:\"\\f3ba\"}.fa-opera:before{content:\"\\f26a\"}.fa-itch-io:before{content:\"\\f83a\"}.fa-umbraco:before{content:\"\\f8e8\"}.fa-galactic-senate:before{content:\"\\f50d\"}.fa-ubuntu:before{content:\"\\f7df\"}.fa-draft2digital:before{content:\"\\f396\"}.fa-stripe:before{content:\"\\f429\"}.fa-houzz:before{content:\"\\f27c\"}.fa-gg:before{content:\"\\f260\"}.fa-dhl:before{content:\"\\f790\"}.fa-pinterest-square:before,.fa-square-pinterest:before{content:\"\\f0d3\"}.fa-xing:before{content:\"\\f168\"}.fa-blackberry:before{content:\"\\f37b\"}.fa-creative-commons-pd:before{content:\"\\f4ec\"}.fa-playstation:before{content:\"\\f3df\"}.fa-quinscape:before{content:\"\\f459\"}.fa-less:before{content:\"\\f41d\"}.fa-blogger-b:before{content:\"\\f37d\"}.fa-opencart:before{content:\"\\f23d\"}.fa-vine:before{content:\"\\f1ca\"}.fa-paypal:before{content:\"\\f1ed\"}.fa-gitlab:before{content:\"\\f296\"}.fa-typo3:before{content:\"\\f42b\"}.fa-reddit-alien:before{content:\"\\f281\"}.fa-yahoo:before{content:\"\\f19e\"}.fa-dailymotion:before{content:\"\\e052\"}.fa-affiliatetheme:before{content:\"\\f36b\"}.fa-pied-piper-pp:before{content:\"\\f1a7\"}.fa-bootstrap:before{content:\"\\f836\"}.fa-odnoklassniki:before{content:\"\\f263\"}.fa-nfc-symbol:before{content:\"\\e531\"}.fa-mintbit:before{content:\"\\e62f\"}.fa-ethereum:before{content:\"\\f42e\"}.fa-speaker-deck:before{content:\"\\f83c\"}.fa-creative-commons-nc-eu:before{content:\"\\f4e9\"}.fa-patreon:before{content:\"\\f3d9\"}.fa-avianex:before{content:\"\\f374\"}.fa-ello:before{content:\"\\f5f1\"}.fa-gofore:before{content:\"\\f3a7\"}.fa-bimobject:before{content:\"\\f378\"}.fa-brave-reverse:before{content:\"\\e63d\"}.fa-facebook-f:before{content:\"\\f39e\"}.fa-google-plus-square:before,.fa-square-google-plus:before{content:\"\\f0d4\"}.fa-mandalorian:before{content:\"\\f50f\"}.fa-first-order-alt:before{content:\"\\f50a\"}.fa-osi:before{content:\"\\f41a\"}.fa-google-wallet:before{content:\"\\f1ee\"}.fa-d-and-d-beyond:before{content:\"\\f6ca\"}.fa-periscope:before{content:\"\\f3da\"}.fa-fulcrum:before{content:\"\\f50b\"}.fa-cloudscale:before{content:\"\\f383\"}.fa-forumbee:before{content:\"\\f211\"}.fa-mizuni:before{content:\"\\f3cc\"}.fa-schlix:before{content:\"\\f3ea\"}.fa-square-xing:before,.fa-xing-square:before{content:\"\\f169\"}.fa-bandcamp:before{content:\"\\f2d5\"}.fa-wpforms:before{content:\"\\f298\"}.fa-cloudversify:before{content:\"\\f385\"}.fa-usps:before{content:\"\\f7e1\"}.fa-megaport:before{content:\"\\f5a3\"}.fa-magento:before{content:\"\\f3c4\"}.fa-spotify:before{content:\"\\f1bc\"}.fa-optin-monster:before{content:\"\\f23c\"}.fa-fly:before{content:\"\\f417\"}.fa-aviato:before{content:\"\\f421\"}.fa-itunes:before{content:\"\\f3b4\"}.fa-cuttlefish:before{content:\"\\f38c\"}.fa-blogger:before{content:\"\\f37c\"}.fa-flickr:before{content:\"\\f16e\"}.fa-viber:before{content:\"\\f409\"}.fa-soundcloud:before{content:\"\\f1be\"}.fa-digg:before{content:\"\\f1a6\"}.fa-tencent-weibo:before{content:\"\\f1d5\"}.fa-letterboxd:before{content:\"\\e62d\"}.fa-symfony:before{content:\"\\f83d\"}.fa-maxcdn:before{content:\"\\f136\"}.fa-etsy:before{content:\"\\f2d7\"}.fa-facebook-messenger:before{content:\"\\f39f\"}.fa-audible:before{content:\"\\f373\"}.fa-think-peaks:before{content:\"\\f731\"}.fa-bilibili:before{content:\"\\e3d9\"}.fa-erlang:before{content:\"\\f39d\"}.fa-x-twitter:before{content:\"\\e61b\"}.fa-cotton-bureau:before{content:\"\\f89e\"}.fa-dashcube:before{content:\"\\f210\"}.fa-42-group:before,.fa-innosoft:before{content:\"\\e080\"}.fa-stack-exchange:before{content:\"\\f18d\"}.fa-elementor:before{content:\"\\f430\"}.fa-pied-piper-square:before,.fa-square-pied-piper:before{content:\"\\e01e\"}.fa-creative-commons-nd:before{content:\"\\f4eb\"}.fa-palfed:before{content:\"\\f3d8\"}.fa-superpowers:before{content:\"\\f2dd\"}.fa-resolving:before{content:\"\\f3e7\"}.fa-xbox:before{content:\"\\f412\"}.fa-searchengin:before{content:\"\\f3eb\"}.fa-tiktok:before{content:\"\\e07b\"}.fa-facebook-square:before,.fa-square-facebook:before{content:\"\\f082\"}.fa-renren:before{content:\"\\f18b\"}.fa-linux:before{content:\"\\f17c\"}.fa-glide:before{content:\"\\f2a5\"}.fa-linkedin:before{content:\"\\f08c\"}.fa-hubspot:before{content:\"\\f3b2\"}.fa-deploydog:before{content:\"\\f38e\"}.fa-twitch:before{content:\"\\f1e8\"}.fa-ravelry:before{content:\"\\f2d9\"}.fa-mixer:before{content:\"\\e056\"}.fa-lastfm-square:before,.fa-square-lastfm:before{content:\"\\f203\"}.fa-vimeo:before{content:\"\\f40a\"}.fa-mendeley:before{content:\"\\f7b3\"}.fa-uniregistry:before{content:\"\\f404\"}.fa-figma:before{content:\"\\f799\"}.fa-creative-commons-remix:before{content:\"\\f4ee\"}.fa-cc-amazon-pay:before{content:\"\\f42d\"}.fa-dropbox:before{content:\"\\f16b\"}.fa-instagram:before{content:\"\\f16d\"}.fa-cmplid:before{content:\"\\e360\"}.fa-upwork:before{content:\"\\e641\"}.fa-facebook:before{content:\"\\f09a\"}.fa-gripfire:before{content:\"\\f3ac\"}.fa-jedi-order:before{content:\"\\f50e\"}.fa-uikit:before{content:\"\\f403\"}.fa-fort-awesome-alt:before{content:\"\\f3a3\"}.fa-phabricator:before{content:\"\\f3db\"}.fa-ussunnah:before{content:\"\\f407\"}.fa-earlybirds:before{content:\"\\f39a\"}.fa-trade-federation:before{content:\"\\f513\"}.fa-autoprefixer:before{content:\"\\f41c\"}.fa-whatsapp:before{content:\"\\f232\"}.fa-slideshare:before{content:\"\\f1e7\"}.fa-google-play:before{content:\"\\f3ab\"}.fa-viadeo:before{content:\"\\f2a9\"}.fa-line:before{content:\"\\f3c0\"}.fa-google-drive:before{content:\"\\f3aa\"}.fa-servicestack:before{content:\"\\f3ec\"}.fa-simplybuilt:before{content:\"\\f215\"}.fa-bitbucket:before{content:\"\\f171\"}.fa-imdb:before{content:\"\\f2d8\"}.fa-deezer:before{content:\"\\e077\"}.fa-raspberry-pi:before{content:\"\\f7bb\"}.fa-jira:before{content:\"\\f7b1\"}.fa-docker:before{content:\"\\f395\"}.fa-screenpal:before{content:\"\\e570\"}.fa-bluetooth:before{content:\"\\f293\"}.fa-gitter:before{content:\"\\f426\"}.fa-d-and-d:before{content:\"\\f38d\"}.fa-microblog:before{content:\"\\e01a\"}.fa-cc-diners-club:before{content:\"\\f24c\"}.fa-gg-circle:before{content:\"\\f261\"}.fa-pied-piper-hat:before{content:\"\\f4e5\"}.fa-kickstarter-k:before{content:\"\\f3bc\"}.fa-yandex:before{content:\"\\f413\"}.fa-readme:before{content:\"\\f4d5\"}.fa-html5:before{content:\"\\f13b\"}.fa-sellsy:before{content:\"\\f213\"}.fa-sass:before{content:\"\\f41e\"}.fa-wirsindhandwerk:before,.fa-wsh:before{content:\"\\e2d0\"}.fa-buromobelexperte:before{content:\"\\f37f\"}.fa-salesforce:before{content:\"\\f83b\"}.fa-octopus-deploy:before{content:\"\\e082\"}.fa-medapps:before{content:\"\\f3c6\"}.fa-ns8:before{content:\"\\f3d5\"}.fa-pinterest-p:before{content:\"\\f231\"}.fa-apper:before{content:\"\\f371\"}.fa-fort-awesome:before{content:\"\\f286\"}.fa-waze:before{content:\"\\f83f\"}.fa-cc-jcb:before{content:\"\\f24b\"}.fa-snapchat-ghost:before,.fa-snapchat:before{content:\"\\f2ab\"}.fa-fantasy-flight-games:before{content:\"\\f6dc\"}.fa-rust:before{content:\"\\e07a\"}.fa-wix:before{content:\"\\f5cf\"}.fa-behance-square:before,.fa-square-behance:before{content:\"\\f1b5\"}.fa-supple:before{content:\"\\f3f9\"}.fa-rebel:before{content:\"\\f1d0\"}.fa-css3:before{content:\"\\f13c\"}.fa-staylinked:before{content:\"\\f3f5\"}.fa-kaggle:before{content:\"\\f5fa\"}.fa-space-awesome:before{content:\"\\e5ac\"}.fa-deviantart:before{content:\"\\f1bd\"}.fa-cpanel:before{content:\"\\f388\"}.fa-goodreads-g:before{content:\"\\f3a9\"}.fa-git-square:before,.fa-square-git:before{content:\"\\f1d2\"}.fa-square-tumblr:before,.fa-tumblr-square:before{content:\"\\f174\"}.fa-trello:before{content:\"\\f181\"}.fa-creative-commons-nc-jp:before{content:\"\\f4ea\"}.fa-get-pocket:before{content:\"\\f265\"}.fa-perbyte:before{content:\"\\e083\"}.fa-grunt:before{content:\"\\f3ad\"}.fa-weebly:before{content:\"\\f5cc\"}.fa-connectdevelop:before{content:\"\\f20e\"}.fa-leanpub:before{content:\"\\f212\"}.fa-black-tie:before{content:\"\\f27e\"}.fa-themeco:before{content:\"\\f5c6\"}.fa-python:before{content:\"\\f3e2\"}.fa-android:before{content:\"\\f17b\"}.fa-bots:before{content:\"\\e340\"}.fa-free-code-camp:before{content:\"\\f2c5\"}.fa-hornbill:before{content:\"\\f592\"}.fa-js:before{content:\"\\f3b8\"}.fa-ideal:before{content:\"\\e013\"}.fa-git:before{content:\"\\f1d3\"}.fa-dev:before{content:\"\\f6cc\"}.fa-sketch:before{content:\"\\f7c6\"}.fa-yandex-international:before{content:\"\\f414\"}.fa-cc-amex:before{content:\"\\f1f3\"}.fa-uber:before{content:\"\\f402\"}.fa-github:before{content:\"\\f09b\"}.fa-php:before{content:\"\\f457\"}.fa-alipay:before{content:\"\\f642\"}.fa-youtube:before{content:\"\\f167\"}.fa-skyatlas:before{content:\"\\f216\"}.fa-firefox-browser:before{content:\"\\e007\"}.fa-replyd:before{content:\"\\f3e6\"}.fa-suse:before{content:\"\\f7d6\"}.fa-jenkins:before{content:\"\\f3b6\"}.fa-twitter:before{content:\"\\f099\"}.fa-rockrms:before{content:\"\\f3e9\"}.fa-pinterest:before{content:\"\\f0d2\"}.fa-buffer:before{content:\"\\f837\"}.fa-npm:before{content:\"\\f3d4\"}.fa-yammer:before{content:\"\\f840\"}.fa-btc:before{content:\"\\f15a\"}.fa-dribbble:before{content:\"\\f17d\"}.fa-stumbleupon-circle:before{content:\"\\f1a3\"}.fa-internet-explorer:before{content:\"\\f26b\"}.fa-stubber:before{content:\"\\e5c7\"}.fa-telegram-plane:before,.fa-telegram:before{content:\"\\f2c6\"}.fa-old-republic:before{content:\"\\f510\"}.fa-odysee:before{content:\"\\e5c6\"}.fa-square-whatsapp:before,.fa-whatsapp-square:before{content:\"\\f40c\"}.fa-node-js:before{content:\"\\f3d3\"}.fa-edge-legacy:before{content:\"\\e078\"}.fa-slack-hash:before,.fa-slack:before{content:\"\\f198\"}.fa-medrt:before{content:\"\\f3c8\"}.fa-usb:before{content:\"\\f287\"}.fa-tumblr:before{content:\"\\f173\"}.fa-vaadin:before{content:\"\\f408\"}.fa-quora:before{content:\"\\f2c4\"}.fa-square-x-twitter:before{content:\"\\e61a\"}.fa-reacteurope:before{content:\"\\f75d\"}.fa-medium-m:before,.fa-medium:before{content:\"\\f23a\"}.fa-amilia:before{content:\"\\f36d\"}.fa-mixcloud:before{content:\"\\f289\"}.fa-flipboard:before{content:\"\\f44d\"}.fa-viacoin:before{content:\"\\f237\"}.fa-critical-role:before{content:\"\\f6c9\"}.fa-sitrox:before{content:\"\\e44a\"}.fa-discourse:before{content:\"\\f393\"}.fa-joomla:before{content:\"\\f1aa\"}.fa-mastodon:before{content:\"\\f4f6\"}.fa-airbnb:before{content:\"\\f834\"}.fa-wolf-pack-battalion:before{content:\"\\f514\"}.fa-buy-n-large:before{content:\"\\f8a6\"}.fa-gulp:before{content:\"\\f3ae\"}.fa-creative-commons-sampling-plus:before{content:\"\\f4f1\"}.fa-strava:before{content:\"\\f428\"}.fa-ember:before{content:\"\\f423\"}.fa-canadian-maple-leaf:before{content:\"\\f785\"}.fa-teamspeak:before{content:\"\\f4f9\"}.fa-pushed:before{content:\"\\f3e1\"}.fa-wordpress-simple:before{content:\"\\f411\"}.fa-nutritionix:before{content:\"\\f3d6\"}.fa-wodu:before{content:\"\\e088\"}.fa-google-pay:before{content:\"\\e079\"}.fa-intercom:before{content:\"\\f7af\"}.fa-zhihu:before{content:\"\\f63f\"}.fa-korvue:before{content:\"\\f42f\"}.fa-pix:before{content:\"\\e43a\"}.fa-steam-symbol:before{content:\"\\f3f6\"}:host,:root{--fa-font-regular:normal 400 1em/1 \"Font Awesome 6 Free\"}@font-face{font-family:\"Font Awesome 6 Free\";font-style:normal;font-weight:400;font-display:block;src:url(../webfonts/fa-regular-400.woff2) format(\"woff2\"),url(../webfonts/fa-regular-400.ttf) format(\"truetype\")}.fa-regular,.far{font-weight:400}:host,:root{--fa-style-family-classic:\"Font Awesome 6 Free\";--fa-font-solid:normal 900 1em/1 \"Font Awesome 6 Free\"}@font-face{font-family:\"Font Awesome 6 Free\";font-style:normal;font-weight:900;font-display:block;src:url(../webfonts/fa-solid-900.woff2) format(\"woff2\"),url(../webfonts/fa-solid-900.ttf) format(\"truetype\")}.fa-solid,.fas{font-weight:900}@font-face{font-family:\"Font Awesome 5 Brands\";font-display:block;font-weight:400;src:url(../webfonts/fa-brands-400.woff2) format(\"woff2\"),url(../webfonts/fa-brands-400.ttf) format(\"truetype\")}@font-face{font-family:\"Font Awesome 5 Free\";font-display:block;font-weight:900;src:url(../webfonts/fa-solid-900.woff2) format(\"woff2\"),url(../webfonts/fa-solid-900.ttf) format(\"truetype\")}@font-face{font-family:\"Font Awesome 5 Free\";font-display:block;font-weight:400;src:url(../webfonts/fa-regular-400.woff2) format(\"woff2\"),url(../webfonts/fa-regular-400.ttf) format(\"truetype\")}@font-face{font-family:\"FontAwesome\";font-display:block;src:url(../webfonts/fa-solid-900.woff2) format(\"woff2\"),url(../webfonts/fa-solid-900.ttf) format(\"truetype\")}@font-face{font-family:\"FontAwesome\";font-display:block;src:url(../webfonts/fa-brands-400.woff2) format(\"woff2\"),url(../webfonts/fa-brands-400.ttf) format(\"truetype\")}@font-face{font-family:\"FontAwesome\";font-display:block;src:url(../webfonts/fa-regular-400.woff2) format(\"woff2\"),url(../webfonts/fa-regular-400.ttf) format(\"truetype\");unicode-range:u+f003,u+f006,u+f014,u+f016-f017,u+f01a-f01b,u+f01d,u+f022,u+f03e,u+f044,u+f046,u+f05c-f05d,u+f06e,u+f070,u+f087-f088,u+f08a,u+f094,u+f096-f097,u+f09d,u+f0a0,u+f0a2,u+f0a4-f0a7,u+f0c5,u+f0c7,u+f0e5-f0e6,u+f0eb,u+f0f6-f0f8,u+f10c,u+f114-f115,u+f118-f11a,u+f11c-f11d,u+f133,u+f147,u+f14e,u+f150-f152,u+f185-f186,u+f18e,u+f190-f192,u+f196,u+f1c1-f1c9,u+f1d9,u+f1db,u+f1e3,u+f1ea,u+f1f7,u+f1f9,u+f20a,u+f247-f248,u+f24a,u+f24d,u+f255-f25b,u+f25d,u+f271-f274,u+f278,u+f27b,u+f28c,u+f28e,u+f29c,u+f2b5,u+f2b7,u+f2ba,u+f2bc,u+f2be,u+f2c0-f2c1,u+f2c3,u+f2d0,u+f2d2,u+f2d4,u+f2dc}@font-face{font-family:\"FontAwesome\";font-display:block;src:url(../webfonts/fa-v4compatibility.woff2) format(\"woff2\"),url(../webfonts/fa-v4compatibility.ttf) format(\"truetype\");unicode-range:u+f041,u+f047,u+f065-f066,u+f07d-f07e,u+f080,u+f08b,u+f08e,u+f090,u+f09a,u+f0ac,u+f0ae,u+f0b2,u+f0d0,u+f0d6,u+f0e4,u+f0ec,u+f10a-f10b,u+f123,u+f13e,u+f148-f149,u+f14c,u+f156,u+f15e,u+f160-f161,u+f163,u+f175-f178,u+f195,u+f1f8,u+f219,u+f27a}', '', '', '', 1747328274, 1747329155);

-- --------------------------------------------------------

--
-- Struktura tabeli dla tabeli `cms_layout_templates`
--

CREATE TABLE `cms_layout_templates` (
  `id` int(11) NOT NULL,
  `name` varchar(100) NOT NULL,
  `content` longtext DEFAULT NULL,
  `description` text DEFAULT NULL,
  `type_id` int(11) NOT NULL,
  `type_dflt` tinyint(4) DEFAULT NULL,
  `category_id` int(11) DEFAULT NULL,
  `owner_id` int(11) NOT NULL,
  `listable` tinyint(4) DEFAULT 1,
  `created` int(11) DEFAULT NULL,
  `modified` int(11) DEFAULT NULL
) ENGINE=MyISAM DEFAULT CHARSET=utf8 COLLATE=utf8_general_ci;

--
-- Dumping data for table `cms_layout_templates`
--

INSERT INTO `cms_layout_templates` (`id`, `name`, `content`, `description`, `type_id`, `type_dflt`, `category_id`, `owner_id`, `listable`, `created`, `modified`) VALUES
(32, 'tpl_top', '<header id=\"header\">\r\n  <div class=\"header-inner\">\r\n    <h1 id=\"logo\"><a href=\"{root_url}\">HealthyTeeth</a></h1>\r\n    <nav id=\"nav\">\r\n      {Navigator}\r\n    </nav>\r\n  </div>\r\n</header>\r\n\r\n<section id=\"banner\">\r\n  <div class=\"content\">\r\n    <header>\r\n      <h2>HealthyTeeth</h2>\r\n      <p>Witamy w najzdrowszym zakątku internetu.<br />\r\n      Profesjonalna opieka dentystyczna, której możesz zaufać.</p>\r\n    </header>\r\n    <span class=\"image\"><img src=\"uploads/images/dent-top.png\" alt=\"dentysta\" /></span>\r\n  </div>\r\n  <a href=\"#one\" class=\"goto-next scrolly\">Next</a>\r\n</section>', '', 2, NULL, NULL, 1, 1, 1747326182, 1747330338),
(33, 'tpl_mid', '<section id=\"main\" class=\"container\" style=\"padding-top: 4em; padding-bottom: 4em;\">\r\n  {content}\r\n</section>', '', 2, NULL, NULL, 1, 1, 1747326194, 1747329684),
(34, 'tpl_bottom', '<footer id=\"footer\" style=\"padding: 3em 0; text-align: center; font-size: 0.9em; color: #999;\">\r\n  <div style=\"margin-bottom: 1em;\">\r\n    <a href=\"https://www.facebook.com\" target=\"_blank\" style=\"margin: 0 0.5em; color: inherit; text-decoration: none;\">Facebook</a>\r\n    |\r\n    <a href=\"https://www.instagram.com\" target=\"_blank\" style=\"margin: 0 0.5em; color: inherit; text-decoration: none;\">Instagram</a>\r\n    |\r\n    <a href=\"mailto:kontakt@healthyteeth.pl\" style=\"margin: 0 0.5em; color: inherit; text-decoration: none;\">Email</a>\r\n  </div>\r\n  \r\n  <div style=\"opacity: 0.6;\">\r\n    &copy; HealthyTeeth {current_date format=\"%Y\"}. Wszystkie prawa zastrzeżone.\r\n  </div>\r\n  \r\n  <div style=\"margin-top: 0.5em; font-size: 0.8em; opacity: 0.4;\">\r\n    Made with ♥ by Jakub\r\n  </div>\r\n</footer>', '', 2, NULL, NULL, 1, 1, 1747326205, 1747330416),
(30, 'Main', '<!DOCTYPE html>\r\n<html lang=\"pl\">\r\n<head>\r\n  <meta charset=\"UTF-8\">\r\n  <title>{title} - {sitename}</title>\r\n  <meta name=\"viewport\" content=\"width=device-width, initial-scale=1\" />\r\n  <link rel=\"stylesheet\" href=\"uploads/landed/assets/css/main.css\" />\r\n  {metadata}\r\n  {cms_stylesheet}\r\n</head>\r\n\r\n<body class=\"is-preload landing\">\r\n  <div id=\"page-wrapper\">\r\n{include file=\'cms_template:tpl_top\'}\r\n{include file=\'cms_template:tpl_mid\'}\r\n{include file=\'cms_template:tpl_bottom\'}\r\n\r\n  </div>\r\n\r\n<!-- Scripts -->\r\n<script src=\"uploads/mine/js/jquery.min.js\"></script>\r\n<script src=\"uploads/mine/js/jquery.scrolly.min.js\"></script>\r\n<script src=\"uploads/mine/js/jquery.dropotron.min.js\"></script>\r\n<script src=\"uploads/mine/js/jquery.scrollex.min.js\"></script>\r\n<script src=\"uploads/mine/js/browser.min.js\"></script>\r\n<script src=\"uploads/mine/js/breakpoints.min.js\"></script>\r\n<script src=\"uploads/mine/js/util.js\"></script>\r\n<script src=\"uploads/mine/js/main.js\"></script>', '', 1, 1, NULL, 1, 1, 1747325154, 1747326876),
(31, 'navigation', '{* simple navigation *}\r\n{* note, function can only be defined once *}\r\n{* \r\n  variables:\r\n  node: contains the current node.\r\n  aclass: is used to build a string containing class names given to the a tag if one is used\r\n  liclass: is used to build a string containing class names given to the li tag.\r\n*}\r\n\r\n{function name=Nav_menu depth=1}{strip}\r\n<ul>\r\n  {foreach $data as $node}\r\n    {* setup classes for the anchor and list item *}\r\n    {assign var=\'liclass\' value=\'menudepth\'|cat:$depth}\r\n    {assign var=\'aclass\' value=\'\'}\r\n\r\n    {* the first child gets a special class *}\r\n    {if $node@first && $node@total > 1}{assign var=\'liclass\' value=$liclass|cat:\' first_child\'}{/if}\r\n\r\n    {* the last child gets a special class *}\r\n    {if $node@last && $node@total > 1}{assign var=\'liclass\' value=$liclass|cat:\' last_child\'}{/if}\r\n\r\n    {if $node->current}\r\n      {* this is the current page *}\r\n      {assign var=\'liclass\' value=$liclass|cat:\' menuactive\'}\r\n      {assign var=\'aclass\' value=$aclass|cat:\' menuactive\'}\r\n    {/if}\r\n\r\n    {if $node->parent}\r\n      {* this is a parent of the current page *}\r\n      {assign var=\'liclass\' value=$liclass|cat:\' menuactive menuparent\'}\r\n      {assign var=\'aclass\' value=$aclass|cat:\' menuactive menuparent\'}\r\n    {/if}\r\n\r\n    {if $node->children}\r\n      {assign var=\'liclass\' value=$liclass|cat:\' parent\'}\r\n      {assign var=\'aclass\' value=$aclass|cat:\' parent\'}\r\n    {/if}\r\n\r\n    {* build the menu item node *}\r\n    {if $node->type == \'sectionheader\'}\r\n      <li class=\'sectionheader {$liclass}\'><span>{$node->menutext}</span>\r\n        {if isset($node->children)}\r\n          {Nav_menu data=$node->children depth=$depth+1}\r\n        {/if}\r\n      </li>\r\n    {else if $node->type == \'separator\'}\r\n      <li class=\'separator {$liclass}\'><hr class=\'separator\'/></li>\r\n    {else}\r\n      {* regular item *}\r\n      <li class=\"{$liclass}\">\r\n        <a class=\"{$aclass}\" href=\"{$node->url}\"{if $node->target ne \"\"} target=\"{$node->target}\"{/if}><span>{$node->menutext}</span></a>\r\n        {if isset($node->children)}\r\n          {Nav_menu data=$node->children depth=$depth+1}\r\n        {/if}\r\n      </li>\r\n    {/if}\r\n  {/foreach}\r\n</ul>\r\n{/strip}{/function}\r\n\r\n{if isset($nodes)}\r\n{Nav_menu data=$nodes depth=0}\r\n{/if}', '', 4, 1, NULL, 1, 1, 1747325640, 1747325891);

-- --------------------------------------------------------

--
-- Struktura tabeli dla tabeli `cms_layout_tpl_addusers`
--

CREATE TABLE `cms_layout_tpl_addusers` (
  `tpl_id` int(11) NOT NULL,
  `user_id` int(11) NOT NULL
) ENGINE=MyISAM DEFAULT CHARSET=utf8 COLLATE=utf8_general_ci;

-- --------------------------------------------------------

--
-- Struktura tabeli dla tabeli `cms_layout_tpl_categories`
--

CREATE TABLE `cms_layout_tpl_categories` (
  `id` int(11) NOT NULL,
  `name` varchar(100) NOT NULL,
  `description` text DEFAULT NULL,
  `item_order` text DEFAULT NULL,
  `modified` int(11) DEFAULT NULL
) ENGINE=MyISAM DEFAULT CHARSET=utf8 COLLATE=utf8_general_ci;

-- --------------------------------------------------------

--
-- Struktura tabeli dla tabeli `cms_layout_tpl_type`
--

CREATE TABLE `cms_layout_tpl_type` (
  `id` int(11) NOT NULL,
  `originator` varchar(50) NOT NULL,
  `name` varchar(100) NOT NULL,
  `has_dflt` tinyint(4) DEFAULT NULL,
  `dflt_contents` longtext DEFAULT NULL,
  `description` text DEFAULT NULL,
  `lang_cb` varchar(255) DEFAULT NULL,
  `dflt_content_cb` varchar(255) DEFAULT NULL,
  `requires_contentblocks` tinyint(4) DEFAULT NULL,
  `help_content_cb` varchar(255) DEFAULT NULL,
  `one_only` tinyint(4) DEFAULT NULL,
  `owner` int(11) DEFAULT NULL,
  `created` int(11) DEFAULT NULL,
  `modified` int(11) DEFAULT NULL
) ENGINE=MyISAM DEFAULT CHARSET=utf8 COLLATE=utf8_general_ci;

--
-- Dumping data for table `cms_layout_tpl_type`
--

INSERT INTO `cms_layout_tpl_type` (`id`, `originator`, `name`, `has_dflt`, `dflt_contents`, `description`, `lang_cb`, `dflt_content_cb`, `requires_contentblocks`, `help_content_cb`, `one_only`, `owner`, `created`, `modified`) VALUES
(1, '__CORE__', 'page', 1, '{strip}\n	{process_pagedata}\n{/strip}<!doctype html>\n<html lang=\"{cms_get_language}\">\n\n<head>\n	<title>{title} - {sitename}</title>\n	{metadata}\n	{cms_stylesheet}\n</head>\n\n<body>\n	<header id=\"header\">\n		<h1>{sitename}</h1>\n	</header>\n\n	<nav id=\"menu\">\n		{Navigator}\n	</nav>\n\n	<section id=\"content\">\n		<h1>{title}</h1>\n		{content}\n	</section>\n</body>\n\n</html>', NULL, 's:44:\"CmsTemplateResource::page_type_lang_callback\";', 's:45:\"CmsTemplateResource::reset_page_type_defaults\";', 1, 's:43:\"CmsTemplateResource::template_help_callback\";', NULL, NULL, 1747324495, 1747324495),
(2, '__CORE__', 'generic', NULL, NULL, NULL, 's:47:\"CmsTemplateResource::generic_type_lang_callback\";', 'N;', 0, 's:43:\"CmsTemplateResource::template_help_callback\";', NULL, NULL, 1747324495, 1747324495),
(3, 'MenuManager', 'navigation', 1, '{* CSS classes used in this template:\r\n.activeparent - The top level parent when a child is the active/current page\r\nli.active0n h3 - n is the depth/level of the node. To style the active page for each level separately. The active page is not clickable.\r\n.clearfix - Used for the unclickable h3 to use the entire width of the li, just like the anchors. See the Tools stylesheet in the default CMSMS installation.\r\nli.sectionheader h3 - To style section header\r\nli.separator - To style the ruler for the separator *} \r\n\r\n{assign var=\'number_of_levels\' value=10000}\r\n{if isset($menuparams.number_of_levels)}\r\n  {assign var=\'number_of_levels\' value=$menuparams.number_of_levels}\r\n{/if}\r\n\r\n{if $count > 0}\r\n<ul>\r\n{foreach from=$nodelist item=node}\r\n{if $node->depth > $node->prevdepth}\r\n{repeat string=\"<ul>\" times=$node->depth-$node->prevdepth}\r\n{elseif $node->depth < $node->prevdepth}\r\n{repeat string=\"</li></ul>\" times=$node->prevdepth-$node->depth}\r\n</li>\r\n{elseif $node->index > 0}</li>\r\n{/if}\r\n\r\n{if $node->parent == true or $node->current == true}\r\n  {assign var=\'classes\' value=\'menuactive\'}\r\n  {if $node->parent == true}\r\n    {assign var=\'classes\' value=\'menuactive menuparent\'}\r\n  {/if}\r\n  {if $node->children_exist == true and $node->depth < $number_of_levels}\r\n    {assign var=\'classes\' value=$classes|cat:\' parent\'}\r\n  {/if}\r\n  <li class=\"{$classes}\"><a class=\"{$classes}\" href=\"{$node->url}\"><span>{$node->menutext}</span></a>\r\n\r\n{elseif $node->children_exist == true and $node->depth < $number_of_levels and $node->type != \'sectionheader\' and $node->type != \'separator\'}\r\n<li class=\"parent\"><a class=\"parent\" href=\"{$node->url}\"><span>{$node->menutext}</span></a>\r\n\r\n{elseif $node->current == true}\r\n<li class=\"currentpage\"><h3><span>{$node->menutext}</span></h3>\r\n\r\n{elseif $node->type == \'sectionheader\'}\r\n<li class=\"sectionheader\"><span>{$node->menutext}</span>\r\n\r\n{elseif $node->type == \'separator\'}\r\n<li class=\"separator\" style=\"list-style-type: none;\"> <hr />\r\n\r\n{else}\r\n<li><a href=\"{$node->url}\"><span>{$node->menutext}</span></a>\r\n\r\n{/if}\r\n\r\n{/foreach}\r\n{repeat string=\"</li></ul>\" times=$node->depth-1}</li>\r\n</ul>\r\n{/if}\r\n', NULL, 's:36:\"MenuManager::page_type_lang_callback\";', 's:37:\"MenuManager::reset_page_type_defaults\";', 0, 'N;', NULL, NULL, 1747324497, 1747324497),
(4, 'Navigator', 'navigation', 1, '{* simple navigation *}\n{* note, function can only be defined once *}\n{* \n  variables:\n  node: contains the current node.\n  aclass: is used to build a string containing class names given to the a tag if one is used\n  liclass: is used to build a string containing class names given to the li tag.\n*}\n\n{function name=Nav_menu depth=1}{strip}\n<ul>\n  {foreach $data as $node}\n    {* setup classes for the anchor and list item *}\n    {assign var=\'liclass\' value=\'menudepth\'|cat:$depth}\n    {assign var=\'aclass\' value=\'\'}\n\n    {* the first child gets a special class *}\n    {if $node@first && $node@total > 1}{assign var=\'liclass\' value=$liclass|cat:\' first_child\'}{/if}\n\n    {* the last child gets a special class *}\n    {if $node@last && $node@total > 1}{assign var=\'liclass\' value=$liclass|cat:\' last_child\'}{/if}\n\n    {if $node->current}\n      {* this is the current page *}\n      {assign var=\'liclass\' value=$liclass|cat:\' menuactive\'}\n      {assign var=\'aclass\' value=$aclass|cat:\' menuactive\'}\n    {/if}\n\n    {if $node->parent}\n      {* this is a parent of the current page *}\n      {assign var=\'liclass\' value=$liclass|cat:\' menuactive menuparent\'}\n      {assign var=\'aclass\' value=$aclass|cat:\' menuactive menuparent\'}\n    {/if}\n\n    {if $node->children}\n      {assign var=\'liclass\' value=$liclass|cat:\' parent\'}\n      {assign var=\'aclass\' value=$aclass|cat:\' parent\'}\n    {/if}\n\n    {* build the menu item node *}\n    {if $node->type == \'sectionheader\'}\n      <li class=\'sectionheader {$liclass}\'><span>{$node->menutext}</span>\n        {if isset($node->children)}\n          {Nav_menu data=$node->children depth=$depth+1}\n        {/if}\n      </li>\n    {else if $node->type == \'separator\'}\n      <li class=\'separator {$liclass}\'><hr class=\'separator\'/></li>\n    {else}\n      {* regular item *}\n      <li class=\"{$liclass}\">\n        <a class=\"{$aclass}\" href=\"{$node->url}\"{if $node->target ne \"\"} target=\"{$node->target}\"{/if}><span>{$node->menutext}</span></a>\n        {if isset($node->children)}\n          {Nav_menu data=$node->children depth=$depth+1}\n        {/if}\n      </li>\n    {/if}\n  {/foreach}\n</ul>\n{/strip}{/function}\n\n{if isset($nodes)}\n{Nav_menu data=$nodes depth=0}\n{/if}\n', NULL, 's:34:\"Navigator::page_type_lang_callback\";', 's:35:\"Navigator::reset_page_type_defaults\";', 0, 's:33:\"Navigator::template_help_callback\";', NULL, NULL, 1747324497, 1747324497),
(5, 'Navigator', 'breadcrumbs', 1, '{* default breadcrumbs template *}\n{strip}\n<div class=\"breadcrumb\">\n  {if isset($starttext)}{$starttext}:&nbsp;{/if}\n  {foreach $nodelist as $node}\n    {$spanclass=\'breadcrumb\'}\n    {if $node->current}\n      {$spanclass=$spanclass|cat:\' current\'}\n    {/if}\n\n    <span class=\"{$spanclass}\">\n      {if $node@last}\n        {$node->menutext}\n      {elseif $node->type == \'sectionheader\'}\n        {$node->menutext}&nbsp;\n      {else}\n        <a href=\"{$node->url}\" title=\"{$node->menutext}\">{$node->menutext}</a>\n      {/if}\n    </span>\n\n    {if !$node@last}&raquo;&nbsp;{/if}\n  {/foreach}\n</div>\n{/strip}', NULL, 's:34:\"Navigator::page_type_lang_callback\";', 's:35:\"Navigator::reset_page_type_defaults\";', 0, 's:33:\"Navigator::template_help_callback\";', NULL, NULL, 1747324497, 1747324497),
(6, 'News', 'summary', 1, '<!-- Start News Display Template -->\n{* This section shows a clickable list of your News categories. *}\n<ul class=\"list1\">\n{foreach from=$cats item=node}\n{if $node.depth > $node.prevdepth}\n{repeat string=\"<ul>\" times=$node.depth-$node.prevdepth}\n{elseif $node.depth < $node.prevdepth}\n{repeat string=\"</li></ul>\" times=$node.prevdepth-$node.depth}\n</li>\n{elseif $node.index > 0}</li>\n{/if}\n<li{if $node.index == 0} class=\"firstnewscat\"{/if}>\n{if $node.count > 0}\n	<a href=\"{$node.url}\">{$node.news_category_name}</a>{else}<span>{$node.news_category_name} </span>{/if}\n{/foreach}\n{repeat string=\"</li></ul>\" times=$node.depth-1}</li>\n</ul>\n\n{* this displays the category name if you\'re browsing by category *}\n{if $category_name}\n<h1>{$category_name}</h1>\n{/if}\n\n{* if you don\'t want category browsing on your summary page, remove this line and everything above it *}\n\n{if $pagecount > 1}\n  <p>\n{if $pagenumber > 1}\n{$firstpage}&nbsp;{$prevpage}&nbsp;\n{/if}\n{$pagetext}&nbsp;{$pagenumber}&nbsp;{$oftext}&nbsp;{$pagecount}\n{if $pagenumber < $pagecount}\n&nbsp;{$nextpage}&nbsp;{$lastpage}\n{/if}\n</p>\n{/if}\n{foreach from=$items item=entry}\n<div class=\"NewsSummary\">\n\n{if $entry->postdate}\n	<div class=\"NewsSummaryPostdate\">\n		{$entry->postdate|cms_date_format}\n	</div>\n{/if}\n\n<div class=\"NewsSummaryLink\">\n<a href=\"{$entry->moreurl}\" title=\"{$entry->title|cms_escape:htmlall}\">{$entry->title|cms_escape}</a>\n</div>\n\n<div class=\"NewsSummaryCategory\">\n	{$category_label} {$entry->category}\n</div>\n\n{if $entry->author}\n	<div class=\"NewsSummaryAuthor\">\n		{$author_label} {$entry->author}\n	</div>\n{/if}\n\n{if $entry->summary}\n        {* note, for security purposes, incase News articles can come from untrused sources, we do not pass the summary or content through smarty in the default templates *}\n	<div class=\"NewsSummarySummary\">\n		{$entry->summary}\n	</div>\n\n	<div class=\"NewsSummaryMorelink\">\n		[{$entry->morelink}]\n	</div>\n\n{else if $entry->content}\n        {* note, for security purposes, incase News articles can come from untrused sources, we do not pass the summary or content through smarty in the default templates *}\n	<div class=\"NewsSummaryContent\">\n		{$entry->content}\n	</div>\n{/if}\n\n{if isset($entry->extra)}\n    <div class=\"NewsSummaryExtra\">\n        {$entry->extra}\n	{* {cms_module module=\'Uploads\' mode=\'simpleurl\' upload_id=$entry->extravalue} *}\n    </div>\n{/if}\n{if isset($entry->fields)}\n  {foreach from=$entry->fields item=\'field\'}\n     <div class=\"NewsSummaryField\">\n        {if $field->type == \'file\'}\n          {if isset($field->value) && $field->value}\n            <img src=\"{$entry->file_location}/{$field->value}\"/>\n          {/if}\n        {elseif $field->type == \'linkedfile\'}\n          {* also assume it\'s an image... *}\n          {if !empty($field->value)}\n            <img src=\"{file_url file=$field->value}\" alt=\"{$field->value}\"/>\n          {/if}\n        {else}\n          {$field->name}:&nbsp;{$field->value}\n        {/if}\n     </div>\n  {/foreach}\n{/if}\n\n</div>\n{/foreach}\n<!-- End News Display Template -->\n', NULL, 's:29:\"News::page_type_lang_callback\";', 's:30:\"News::reset_page_type_defaults\";', 0, 's:28:\"News::template_help_callback\";', NULL, NULL, 1747324497, 1747324497),
(7, 'News', 'detail', 1, '{* set a canonical variable that can be used in the head section if process_whole_template is false in the config.php *}\n{if isset($entry->canonical)}\n  {* note this syntax ensures that the canonical variable is set into global scope *}\n  {assign var=\'canonical\' value=$entry->canonical scope=global}\n{/if}\n\n{if $entry->postdate}\n	<div id=\"NewsPostDetailDate\">\n		{$entry->postdate|cms_date_format}\n	</div>\n{/if}\n<h3 id=\"NewsPostDetailTitle\">{$entry->title|cms_escape:htmlall}</h3>\n\n<hr id=\"NewsPostDetailHorizRule\" />\n\n{if $entry->summary}\n	<div id=\"NewsPostDetailSummary\">\n		<strong>\n			{$entry->summary}\n		</strong>\n	</div>\n{/if}\n\n{if $entry->category}\n	<div id=\"NewsPostDetailCategory\">\n		{$category_label} {$entry->category}\n	</div>\n{/if}\n{if $entry->author}\n	<div id=\"NewsPostDetailAuthor\">\n		{$author_label} {$entry->author}\n	</div>\n{/if}\n\n<div id=\"NewsPostDetailContent\">\n        {* note, for security purposes we do not pass the content through smarty before displaying it.  This is incase your articles can come from untrusted sources. *}\n	{$entry->content}\n</div>\n\n{if $entry->extra}\n	<div id=\"NewsPostDetailExtra\">\n		{$extra_label} {$entry->extra}\n	</div>\n{/if}\n\n{if $return_url != \"\"}\n<div id=\"NewsPostDetailReturnLink\">{$return_url}{if $category_name != \'\'} - {$category_link}{/if}</div>\n{/if}\n\n{if isset($entry->fields)}\n  {foreach $entry->fields as $fieldname => $field}\n     <div class=\"NewsDetailField\">\n        {if $field->type == \'file\'}\n	  {* this template assumes that every file uploaded is an image of some sort, because News doesn\'t distinguish *}\n          {if isset($field->value) && $field->value}\n            <img src=\"{$entry->file_location}/{$field->value}\" alt=\"{$field->value}\"/>\n          {/if}\n        {elseif $field->type == \'linkedfile\'}\n          {* also assume it\'s an image... *}\n          {if !empty($field->value)}\n            <img src=\"{file_url file=$field->value}\" alt=\"{$field->value}\"/>\n          {/if}\n        {else}\n          {$field->name}:&nbsp;{$field->value}\n        {/if}\n     </div>\n  {/foreach}\n{/if}\n', NULL, 's:29:\"News::page_type_lang_callback\";', 's:30:\"News::reset_page_type_defaults\";', 0, 's:28:\"News::template_help_callback\";', NULL, NULL, 1747324497, 1747324497),
(8, 'News', 'form', 1, '{* original form template *}\n<h3>{$mod->Lang(\'title_fesubmit_form\')}</h3>\n\n{if isset($error)}\n  <div class=\"error>{$error}</div>\n{elseif isset($message)}\n  <div class=\"message>{$message}</div>\n{/if}\n\n{form_start category_id=$category_id}\n	<div class=\"row\">\n		<p class=\"col4\"><label for=\"news_title\">*{$mod->Lang(\'title\')}:</label></p>\n		<p class=\"col8\">\n			<input id=\"news_title\" type=\"text\" name=\"{$actionid}title\" value=\"{$title}\" size=\"30\" required/>\n                </p>\n	</div>\n	<div class=\"row\">\n		<p class=\"col4\"><label for=\"news_category\">{$mod->Lang(\'category\')}:</label></p>\n		<p class=\"col8\">\n			<select id=\"news_category\" name=\"{$actionid}input_category\">\n                        {html_options options=$categorylist selected=$category_id}\n			</select>\n                </p>\n	</div>\n\n{if !isset($hide_summary_field) or $hide_summary_field == 0}\n	<div class=\"row\">\n		<p class=\"col4\"><label for=\"news_summary\">{$mod->Lang(\'summary\')}:</label></p>\n		<p class=\"col8\">\n			{$tmp=$actionid|cat:\'summary\'}\n			{cms_textarea enablewysiwyg=true id=news_summary name=$tmp value=$summary required=true}\n		</p>\n	</div>\n{/if}\n	<div class=\"row\">\n		<p class=\"col4\"><label for=\"news_content\">*{$mod->Lang(\'content\')}:</label></p>\n		<p class=\"col8\">\n			{$tmp=$actionid|cat:\'content\'}\n			{cms_textarea enablewysiwyg=true id=news_content name=$tmp value=$content required=true}\n                </p>\n	</div>\n	<div class=\"row\">\n		<p class=\"col4\"><label for=\"news_extra\">{$mod->Lang(\'extra\')}:</label></p>\n		<p class=\"col8\">\n			<input id=\"news_extra\" type=\"text\" name=\"{$actionid}extra\" value=\"{$extra}\" size=\"30\"/>\n                </p>\n	</div>\n	<div class=\"row\">\n		<p class=\"col4\">{$mod->Lang(\'startdate\')}:</p>\n		<p class=\"col8\">\n			{$tmp=$actionid|cat:\'startdate_\'}\n			{html_select_date prefix=$tmp time=$startdate end_year=\"+15\"}\n			{html_select_time prefix=$tmp time=$startdate}\n		</p>\n	</div>\n	<div class=\"row\">\n		<p class=\"col4\">{$mod->Lang(\'enddate\')}:</p>\n		<p class=\"col8\">\n			{$tmp=$actionid|cat:\'enddate_\'}\n			{html_select_date prefix=$tmp time=$enddate end_year=\"+15\"}\n			{html_select_time prefix=$tmp time=$enddate}\n		</p>\n	</div>\n	{if isset($customfields)}\n	   {foreach from=$customfields item=\'field\'}\n	      <div class=\"row\">\n		<p class=\"col4\"><label for=\"news_fld_{$field->id}\">{$field->name}:</label></p>\n		<p class=\"col8\">\n		{if $field->type == \'file\'}\n			<input id=\"news_fld_{$field->id}\" type=\"file\" name=\"{$actionid}news_customfield_{$field->id}\"/>\n		{elseif $field->type == \'checkbox\'}\n			<input id=\"news_fld_{$field->id}\" type=\"checkbox\" name=\"{$actionid}news_customfield_{$field->id}\" value=\"1\"/>\n		{elseif $field->type == \'textarea\'}\n			{$tmp1=\'news_fld_\'|cat:$field->id}\n			{capture assign=\'tmp2\'}{$actionid}news_customfield_{$field->id}{/capture}\n			{cms_textarea id=$tmp1 name=$tmp2 enablewysiwyg=true}\n		{elseif $field->type == \'textbox\'}\n			<input id=\"news_fld_{$field->id}\" type=\"text\"\" name=\"{$actionid}news_customfield_{$field->id}\" maxlength=\"{$field->max_length}\"/>\n                {/if}\n		</p>\n	      </div>\n	   {/foreach}\n	{/if}\n	<div class=\"row\">\n		<p class=\"col4\">&nbsp;</p>\n		<p class=\"col8\">\n			<input type=\"submit\" name=\"{$actionid}submit\" value=\"{$mod->Lang(\'submit\')}\"/>\n			<a href=\"{cms_selflink href=$page_alias}\">{$mod->Lang(\'prompt_redirecttocontent\')}</a>\n		</p>\n	</div>\n{form_end}\n', NULL, 's:29:\"News::page_type_lang_callback\";', 's:30:\"News::reset_page_type_defaults\";', 0, 's:28:\"News::template_help_callback\";', NULL, NULL, 1747324497, 1747324497),
(9, 'News', 'browsecat', 1, '{if $count > 0}\n<ul class=\"list1\">\n{foreach from=$cats item=node}\n{if $node.depth > $node.prevdepth}\n{repeat string=\"<ul>\" times=$node.depth-$node.prevdepth}\n{elseif $node.depth < $node.prevdepth}\n{repeat string=\"</li></ul>\" times=$node.prevdepth-$node.depth}\n</li>\n{elseif $node.index > 0}</li>\n{/if}\n<li class=\"newscategory\">\n{if $node.count > 0}\n	<a href=\"{$node.url}\">{$node.news_category_name}</a> ({$node.count}){else}<span>{$node.news_category_name} (0)</span>{/if}\n{/foreach}\n{repeat string=\"</li></ul>\" times=$node.depth-1}</li>\n</ul>\n{/if}', NULL, 's:29:\"News::page_type_lang_callback\";', 's:30:\"News::reset_page_type_defaults\";', 0, 's:28:\"News::template_help_callback\";', NULL, NULL, 1747324497, 1747324497),
(10, 'Search', 'searchform', 1, '\n{$startform}\n<label for=\"{$search_actionid}searchinput\">{$searchprompt}:&nbsp;</label><input type=\"text\" class=\"search-input\" id=\"{$search_actionid}searchinput\" name=\"{$search_actionid}searchinput\" size=\"20\" maxlength=\"50\" placeholder=\"{$searchtext}\"/>\n{*\n<br/>\n<input type=\"checkbox\" name=\"{$search_actionid}use_or\" value=\"1\"/>\n*}\n<input class=\"search-button\" name=\"submit\" value=\"{$submittext}\" type=\"submit\" />\n{if isset($hidden)}{$hidden}{/if}\n{$endform}', NULL, 's:31:\"Search::page_type_lang_callback\";', 's:32:\"Search::reset_page_type_defaults\";', 0, 'N;', NULL, NULL, 1747324497, 1747324497),
(11, 'Search', 'searchresults', 1, '<h3>{$searchresultsfor} &quot;{$phrase}&quot;</h3>\n{if $itemcount > 0}\n<ul>\n  {foreach from=$results item=entry}\n  <li>{$entry->title} - <a href=\"{$entry->url}\">{$entry->urltxt}</a> ({$entry->weight}%)</li>\n  {*\n     You can also instantiate custom behaviour on a module by module basis by looking at\n     the $entry->module and $entry->modulerecord fields in $entry\n      ie: {if $entry->module == \'News\'}{News action=\'detail\' article_id=$entry->modulerecord detailpage=\'News\'}\n  *}\n  {/foreach}\n</ul>\n\n<p>{$timetaken}: {$timetook}</p>\n{else}\n  <p><strong>{$noresultsfound}</strong></p>\n{/if}', NULL, 's:31:\"Search::page_type_lang_callback\";', 's:32:\"Search::reset_page_type_defaults\";', 0, 'N;', NULL, NULL, 1747324497, 1747324497);

-- --------------------------------------------------------

--
-- Struktura tabeli dla tabeli `cms_locks`
--

CREATE TABLE `cms_locks` (
  `id` int(11) NOT NULL,
  `type` varchar(20) NOT NULL,
  `oid` int(11) NOT NULL,
  `uid` int(11) NOT NULL,
  `created` int(11) NOT NULL,
  `modified` int(11) NOT NULL,
  `lifetime` int(11) NOT NULL,
  `expires` int(11) NOT NULL
) ENGINE=MyISAM DEFAULT CHARSET=utf8 COLLATE=utf8_general_ci;

-- --------------------------------------------------------

--
-- Struktura tabeli dla tabeli `cms_modules`
--

CREATE TABLE `cms_modules` (
  `module_name` varchar(160) NOT NULL,
  `status` varchar(255) DEFAULT NULL,
  `version` varchar(255) DEFAULT NULL,
  `admin_only` tinyint(4) DEFAULT 0,
  `active` tinyint(4) DEFAULT NULL,
  `allow_fe_lazyload` tinyint(4) DEFAULT NULL,
  `allow_admin_lazyload` tinyint(4) DEFAULT NULL
) ENGINE=MyISAM DEFAULT CHARSET=utf8 COLLATE=utf8_general_ci;

--
-- Dumping data for table `cms_modules`
--

INSERT INTO `cms_modules` (`module_name`, `status`, `version`, `admin_only`, `active`, `allow_fe_lazyload`, `allow_admin_lazyload`) VALUES
('AdminSearch', 'installed', '1.0.5', 0, 1, 1, 1),
('CMSContentManager', 'installed', '1.1.9', 0, 1, 1, 1),
('CmsJobManager', 'installed', '0.1.3', 0, 1, 0, 0),
('DesignManager', 'installed', '1.1.8', 0, 1, 1, 1),
('FileManager', 'installed', '1.6.11', 0, 1, 1, 0),
('FilePicker', 'installed', '1.0.4.1', 0, 1, 0, 0),
('MenuManager', 'installed', '1.50.3', 0, 1, 1, 1),
('MicroTiny', 'installed', '2.2.4', 0, 1, 1, 1),
('ModuleManager', 'installed', '2.1.7', 1, 1, 0, 1),
('Navigator', 'installed', '1.0.9', 0, 1, 1, 1),
('News', 'installed', '2.51.9', 0, 1, 1, 1),
('Search', 'installed', '1.51.8', 0, 1, 1, 1);

-- --------------------------------------------------------

--
-- Struktura tabeli dla tabeli `cms_module_deps`
--

CREATE TABLE `cms_module_deps` (
  `parent_module` varchar(25) DEFAULT NULL,
  `child_module` varchar(25) DEFAULT NULL,
  `minimum_version` varchar(25) DEFAULT NULL,
  `create_date` datetime DEFAULT NULL,
  `modified_date` datetime DEFAULT NULL
) ENGINE=MyISAM DEFAULT CHARSET=utf8 COLLATE=utf8_general_ci;

--
-- Dumping data for table `cms_module_deps`
--

INSERT INTO `cms_module_deps` (`parent_module`, `child_module`, `minimum_version`, `create_date`, `modified_date`) VALUES
('FileManager', 'MicroTiny', '1.6.4', '2025-05-15 17:54:57', '2025-05-15 17:54:57');

-- --------------------------------------------------------

--
-- Struktura tabeli dla tabeli `cms_module_news`
--

CREATE TABLE `cms_module_news` (
  `news_id` int(11) NOT NULL,
  `news_category_id` int(11) DEFAULT NULL,
  `news_title` varchar(255) DEFAULT NULL,
  `news_data` text DEFAULT NULL,
  `news_date` datetime DEFAULT NULL,
  `summary` text DEFAULT NULL,
  `start_time` datetime DEFAULT NULL,
  `end_time` datetime DEFAULT NULL,
  `status` varchar(25) DEFAULT NULL,
  `icon` varchar(255) DEFAULT NULL,
  `create_date` datetime DEFAULT NULL,
  `modified_date` datetime DEFAULT NULL,
  `author_id` int(11) DEFAULT NULL,
  `news_extra` varchar(255) DEFAULT NULL,
  `news_url` varchar(255) DEFAULT NULL,
  `searchable` tinyint(4) DEFAULT NULL
) ENGINE=MyISAM DEFAULT CHARSET=utf8 COLLATE=utf8_general_ci;

--
-- Dumping data for table `cms_module_news`
--

INSERT INTO `cms_module_news` (`news_id`, `news_category_id`, `news_title`, `news_data`, `news_date`, `summary`, `start_time`, `end_time`, `status`, `icon`, `create_date`, `modified_date`, `author_id`, `news_extra`, `news_url`, `searchable`) VALUES
(1, 1, 'News Module Installed', 'The news module was installed.  Exciting. This news article is not using the Summary field and therefore there is no link to read more. But you can click on the news heading to read only this article.', '2025-05-15 17:54:57', NULL, NULL, NULL, 'published', NULL, '2025-05-15 17:54:57', '2025-05-15 17:54:57', 1, NULL, NULL, 1);

-- --------------------------------------------------------

--
-- Struktura tabeli dla tabeli `cms_module_news_categories`
--

CREATE TABLE `cms_module_news_categories` (
  `news_category_id` int(11) NOT NULL,
  `news_category_name` varchar(255) NOT NULL,
  `parent_id` int(11) DEFAULT NULL,
  `hierarchy` varchar(255) DEFAULT NULL,
  `item_order` int(11) DEFAULT NULL,
  `long_name` text DEFAULT NULL,
  `create_date` time DEFAULT NULL,
  `modified_date` time DEFAULT NULL
) ENGINE=MyISAM DEFAULT CHARSET=utf8 COLLATE=utf8_general_ci;

--
-- Dumping data for table `cms_module_news_categories`
--

INSERT INTO `cms_module_news_categories` (`news_category_id`, `news_category_name`, `parent_id`, `hierarchy`, `item_order`, `long_name`, `create_date`, `modified_date`) VALUES
(1, 'General', -1, '00000', NULL, 'General', '17:54:57', '17:54:57');

-- --------------------------------------------------------

--
-- Struktura tabeli dla tabeli `cms_module_news_categories_seq`
--

CREATE TABLE `cms_module_news_categories_seq` (
  `id` int(11) NOT NULL
) ENGINE=MyISAM DEFAULT CHARSET=utf8mb4 COLLATE=utf8mb4_general_ci;

--
-- Dumping data for table `cms_module_news_categories_seq`
--

INSERT INTO `cms_module_news_categories_seq` (`id`) VALUES
(1);

-- --------------------------------------------------------

--
-- Struktura tabeli dla tabeli `cms_module_news_fielddefs`
--

CREATE TABLE `cms_module_news_fielddefs` (
  `id` int(11) NOT NULL,
  `name` varchar(255) DEFAULT NULL,
  `type` varchar(50) DEFAULT NULL,
  `max_length` int(11) DEFAULT NULL,
  `create_date` datetime DEFAULT NULL,
  `modified_date` datetime DEFAULT NULL,
  `item_order` int(11) DEFAULT NULL,
  `public` int(11) DEFAULT NULL,
  `extra` text DEFAULT NULL
) ENGINE=MyISAM DEFAULT CHARSET=utf8 COLLATE=utf8_general_ci;

-- --------------------------------------------------------

--
-- Struktura tabeli dla tabeli `cms_module_news_fieldvals`
--

CREATE TABLE `cms_module_news_fieldvals` (
  `news_id` int(11) NOT NULL,
  `fielddef_id` int(11) NOT NULL,
  `value` text DEFAULT NULL,
  `create_date` datetime DEFAULT NULL,
  `modified_date` datetime DEFAULT NULL
) ENGINE=MyISAM DEFAULT CHARSET=utf8 COLLATE=utf8_general_ci;

-- --------------------------------------------------------

--
-- Struktura tabeli dla tabeli `cms_module_news_seq`
--

CREATE TABLE `cms_module_news_seq` (
  `id` int(11) NOT NULL
) ENGINE=MyISAM DEFAULT CHARSET=utf8mb4 COLLATE=utf8mb4_general_ci;

--
-- Dumping data for table `cms_module_news_seq`
--

INSERT INTO `cms_module_news_seq` (`id`) VALUES
(1);

-- --------------------------------------------------------

--
-- Struktura tabeli dla tabeli `cms_module_search_index`
--

CREATE TABLE `cms_module_search_index` (
  `item_id` int(11) DEFAULT NULL,
  `word` varchar(255) DEFAULT NULL,
  `count` int(11) DEFAULT NULL
) ENGINE=MyISAM DEFAULT CHARSET=utf8 COLLATE=utf8_general_ci;

--
-- Dumping data for table `cms_module_search_index`
--

INSERT INTO `cms_module_search_index` (`item_id`, `word`, `count`) VALUES
(64, 'pomożemy', 1),
(64, 'chętnie', 1),
(64, '–', 1),
(64, 'nami', 1),
(64, 'się', 1),
(64, 'skontaktuj', 1),
(64, 'wyceny', 1),
(64, 'indywidualnej', 1),
(64, 'potrzebujesz', 1),
(64, 'lub', 1),
(64, 'zabiegów', 1),
(64, 'innych', 1),
(64, 'dotyczące', 1),
(64, 'pytania', 1),
(64, 'masz', 1),
(64, 'punktowe', 1),
(64, 'rtg', 1),
(64, '350', 1),
(64, 'relaksacyjna', 1),
(64, 'szyna', 1),
(64, '1800', 1),
(64, 'całkowita', 1),
(64, 'proteza', 1),
(64, '1200', 1),
(64, 'protetyczna', 1),
(64, 'korona', 1),
(64, 'zęba', 1),
(64, 'ekstrakcja', 1),
(64, '900', 1),
(64, 'kanały', 1),
(64, '500', 1),
(64, 'kanał', 1),
(64, 'kanałowe', 2),
(64, 'leczenie', 2),
(64, '250', 2),
(64, 'wypełnienie', 1),
(64, '800', 1),
(64, 'wybielanie', 1),
(64, '120', 1),
(64, 'zębów', 2),
(64, 'piaskowanie', 1),
(64, '150', 1),
(64, 'kamienia', 1),
(64, 'usuwanie', 1),
(64, 'skaling', 1),
(64, 'zł', 12),
(64, 'stomatologiczny', 1),
(64, 'przegląd', 1),
(64, 'stomatologicznych', 1),
(64, 'usług', 1),
(55, 'zespół', 1),
(64, 'cennik', 5),
(55, 'nasz', 1),
(55, 'specjalisty', 1),
(55, 'naszego', 1),
(55, 'zapytaj', 1),
(55, '–', 1),
(55, 'dzień', 1),
(55, 'uśmiech', 1),
(55, 'twój', 1),
(55, 'dbamy', 1),
(55, 'profilaktyka', 1),
(55, 'porady', 1),
(55, 'stresu', 1),
(55, 'bólu', 1),
(55, 'bez', 1),
(55, 'wypełnienia', 1),
(55, 'nowoczesne', 1),
(55, 'próchnicy', 1),
(55, 'leczenie', 1),
(55, 'fluoryzacja', 1),
(55, 'piaskowanie', 1),
(55, 'kamienia', 1),
(55, 'usuwanie', 1),
(55, 'zębów', 1),
(55, 'czyszczenie', 1),
(55, 'profesjonalne', 1),
(55, 'ustnej', 1),
(55, 'jamy', 1),
(55, 'higiena', 1),
(55, 'główna', 2),
(55, 'strona', 2),
(55, 'healthyteeth', 2);

-- --------------------------------------------------------

--
-- Struktura tabeli dla tabeli `cms_module_search_items`
--

CREATE TABLE `cms_module_search_items` (
  `id` int(11) NOT NULL,
  `module_name` varchar(100) DEFAULT NULL,
  `content_id` int(11) DEFAULT NULL,
  `extra_attr` varchar(100) DEFAULT NULL,
  `expires` datetime DEFAULT NULL
) ENGINE=MyISAM DEFAULT CHARSET=utf8 COLLATE=utf8_general_ci;

--
-- Dumping data for table `cms_module_search_items`
--

INSERT INTO `cms_module_search_items` (`id`, `module_name`, `content_id`, `extra_attr`, `expires`) VALUES
(64, 'Search', 34, 'content', NULL),
(55, 'Search', 33, 'content', NULL);

-- --------------------------------------------------------

--
-- Struktura tabeli dla tabeli `cms_module_search_items_seq`
--

CREATE TABLE `cms_module_search_items_seq` (
  `id` int(11) NOT NULL
) ENGINE=MyISAM DEFAULT CHARSET=utf8mb4 COLLATE=utf8mb4_general_ci;

--
-- Dumping data for table `cms_module_search_items_seq`
--

INSERT INTO `cms_module_search_items_seq` (`id`) VALUES
(64);

-- --------------------------------------------------------

--
-- Struktura tabeli dla tabeli `cms_module_search_words`
--

CREATE TABLE `cms_module_search_words` (
  `word` varchar(255) NOT NULL,
  `count` int(11) DEFAULT NULL
) ENGINE=MyISAM DEFAULT CHARSET=utf8 COLLATE=utf8_general_ci;

-- --------------------------------------------------------

--
-- Struktura tabeli dla tabeli `cms_module_smarty_plugins`
--

CREATE TABLE `cms_module_smarty_plugins` (
  `sig` varchar(80) NOT NULL,
  `name` varchar(80) NOT NULL,
  `module` varchar(160) NOT NULL,
  `type` varchar(40) NOT NULL,
  `callback` varchar(255) NOT NULL,
  `available` int(11) DEFAULT NULL,
  `cachable` tinyint(4) DEFAULT NULL
) ENGINE=MyISAM DEFAULT CHARSET=utf8 COLLATE=utf8_general_ci;

--
-- Dumping data for table `cms_module_smarty_plugins`
--

INSERT INTO `cms_module_smarty_plugins` (`sig`, `name`, `module`, `type`, `callback`, `available`, `cachable`) VALUES
('1067553f16c8b101d638109a3192c66b', 'FileManager', 'FileManager', 'function', 's:15:\"function_plugin\";', 1, 0),
('29b6be99c1766d29c3aa133f3bfb74dd', 'MenuManager', 'MenuManager', 'function', 's:15:\"function_plugin\";', 1, 0),
('3a56cf7e025a641d45d9e226203be1f4', 'menu', 'MenuManager', 'function', 's:15:\"function_plugin\";', 1, 1),
('d84423f78fd018b58479f49bfcfd7dff', 'cms_breadcrumbs', 'MenuManager', 'function', 's:22:\"smarty_cms_breadcrumbs\";', 1, 1),
('89db15907b095c8b667635db366ce281', 'Navigator', 'Navigator', 'function', 's:15:\"function_plugin\";', 1, 0),
('6e48542c3a68893ddba764b6f7b87f4b', 'nav_breadcrumbs', 'Navigator', 'function', 's:15:\"nav_breadcrumbs\";', 1, 1),
('b9a594680999f1eba29c9090badd6687', 'News', 'News', 'function', 's:15:\"function_plugin\";', 1, 0),
('0a85af65a1365dea78ed7cd5e5bec265', 'news', 'News', 'function', 's:15:\"function_plugin\";', 1, 1),
('10cf00fc6ca5b59a961044ef0ea9c061', 'Search', 'Search', 'function', 's:15:\"function_plugin\";', 1, 0),
('ef6c9a9d4dab6989b5da62e2f9a68cf6', 'search', 'Search', 'function', 's:15:\"function_plugin\";', 1, 1);

-- --------------------------------------------------------

--
-- Struktura tabeli dla tabeli `cms_module_templates`
--

CREATE TABLE `cms_module_templates` (
  `module_name` varchar(160) DEFAULT NULL,
  `template_name` varchar(160) DEFAULT NULL,
  `content` text DEFAULT NULL,
  `create_date` datetime DEFAULT NULL,
  `modified_date` datetime DEFAULT NULL
) ENGINE=MyISAM DEFAULT CHARSET=utf8 COLLATE=utf8_general_ci;

--
-- Dumping data for table `cms_module_templates`
--

INSERT INTO `cms_module_templates` (`module_name`, `template_name`, `content`, `create_date`, `modified_date`) VALUES
('News', 'email_template', 'A new news article has been posted to your website.  The details are as follows:\nTitle:      {$title}\nIP Address: {$ipaddress}\nSummary:    {$summary|strip_tags}\nStart Date: {$startdate|date_format}\nEnd Date:   {$enddate|date_format}\n', '2025-05-15 17:54:57', '2025-05-15 17:54:57');

-- --------------------------------------------------------

--
-- Struktura tabeli dla tabeli `cms_mod_cmsjobmgr`
--

CREATE TABLE `cms_mod_cmsjobmgr` (
  `id` int(11) NOT NULL,
  `name` varchar(255) NOT NULL,
  `created` int(11) NOT NULL,
  `module` varchar(255) NOT NULL,
  `errors` int(11) NOT NULL DEFAULT 0,
  `start` int(11) NOT NULL,
  `recurs` varchar(255) DEFAULT NULL,
  `until` int(11) DEFAULT NULL,
  `data` longtext DEFAULT NULL
) ENGINE=MyISAM DEFAULT CHARSET=utf8 COLLATE=utf8_general_ci;

-- --------------------------------------------------------

--
-- Struktura tabeli dla tabeli `cms_mod_filepicker_profiles`
--

CREATE TABLE `cms_mod_filepicker_profiles` (
  `id` int(11) NOT NULL,
  `name` varchar(100) NOT NULL,
  `data` text DEFAULT NULL,
  `create_date` int(11) DEFAULT NULL,
  `modified_date` int(11) DEFAULT NULL
) ENGINE=MyISAM DEFAULT CHARSET=utf8 COLLATE=utf8_general_ci;

-- --------------------------------------------------------

--
-- Struktura tabeli dla tabeli `cms_permissions`
--

CREATE TABLE `cms_permissions` (
  `permission_id` int(11) NOT NULL,
  `permission_name` varchar(255) DEFAULT NULL,
  `permission_text` varchar(255) DEFAULT NULL,
  `permission_source` varchar(255) DEFAULT NULL,
  `create_date` datetime DEFAULT NULL,
  `modified_date` datetime DEFAULT NULL
) ENGINE=MyISAM DEFAULT CHARSET=utf8 COLLATE=utf8_general_ci;

--
-- Dumping data for table `cms_permissions`
--

INSERT INTO `cms_permissions` (`permission_id`, `permission_name`, `permission_text`, `permission_source`, `create_date`, `modified_date`) VALUES
(1, 'Add Pages', 'Add Pages', 'Core', '2025-05-15 17:54:55', '2025-05-15 17:54:55'),
(2, 'Manage Groups', 'Manage Groups', 'Core', '2025-05-15 17:54:55', '2025-05-15 17:54:55'),
(3, 'Add Templates', 'Add Templates', 'Core', '2025-05-15 17:54:55', '2025-05-15 17:54:55'),
(4, 'Manage Users', 'Manage Users', 'Core', '2025-05-15 17:54:55', '2025-05-15 17:54:55'),
(5, 'Modify Any Page', 'Modify Any Page', 'Core', '2025-05-15 17:54:55', '2025-05-15 17:54:55'),
(6, 'Modify Permissions', 'Modify Permissions', 'Core', '2025-05-15 17:54:55', '2025-05-15 17:54:55'),
(7, 'Modify Templates', 'Modify Templates', 'Core', '2025-05-15 17:54:55', '2025-05-15 17:54:55'),
(8, 'Remove Pages', 'Remove Pages', 'Core', '2025-05-15 17:54:55', '2025-05-15 17:54:55'),
(9, 'Modify Modules', 'Modify Modules', 'Core', '2025-05-15 17:54:55', '2025-05-15 17:54:55'),
(10, 'Modify Files', 'Modify Files', 'Core', '2025-05-15 17:54:55', '2025-05-15 17:54:55'),
(11, 'Modify Site Preferences', 'Modify Site Preferences', 'Core', '2025-05-15 17:54:55', '2025-05-15 17:54:55'),
(12, 'Manage Stylesheets', 'Manage Stylesheets', 'Core', '2025-05-15 17:54:55', '2025-05-15 17:54:55'),
(13, 'Manage Designs', 'Manage Designs', 'Core', '2025-05-15 17:54:55', '2025-05-15 17:54:55'),
(14, 'Modify User-defined Tags', 'Modify User-defined Tags', 'Core', '2025-05-15 17:54:55', '2025-05-15 17:54:55'),
(15, 'Clear Admin Log', 'Clear Admin Log', 'Core', '2025-05-15 17:54:55', '2025-05-15 17:54:55'),
(16, 'Modify Events', 'Modify Events', 'Core', '2025-05-15 17:54:55', '2025-05-15 17:54:55'),
(17, 'View Tag Help', 'View Tag Help', 'Core', '2025-05-15 17:54:55', '2025-05-15 17:54:55'),
(18, 'Manage All Content', 'Manage All Content', 'Core', '2025-05-15 17:54:55', '2025-05-15 17:54:55'),
(19, 'Reorder Content', 'Reorder Content', 'Core', '2025-05-15 17:54:55', '2025-05-15 17:54:55'),
(20, 'Manage My Settings', 'Manage My Settings', 'Core', '2025-05-15 17:54:55', '2025-05-15 17:54:55'),
(21, 'Manage My Account', 'Manage My Account', 'Core', '2025-05-15 17:54:55', '2025-05-15 17:54:55'),
(22, 'Manage My Bookmarks', 'Manage My Bookmarks', 'Core', '2025-05-15 17:54:55', '2025-05-15 17:54:55'),
(23, 'Use Admin Search', 'Use Admin Search', 'AdminSearch', '2025-05-15 17:54:57', '2025-05-15 17:54:57'),
(24, 'Manage Jobs', 'Manage Jobs', 'CmsJobManager', '2025-05-15 17:54:57', '2025-05-15 17:54:57'),
(25, 'Use FileManager Advanced', 'Zaawansowane używanie modułu Menadżera Plik&oacute;w', 'FileManager', '2025-05-15 17:54:57', '2025-05-15 17:54:57'),
(26, 'Modify News', 'Modify News', 'News', '2025-05-15 17:54:57', '2025-05-15 17:54:57'),
(27, 'Approve News', 'Approve News For Frontend Display', 'News', '2025-05-15 17:54:57', '2025-05-15 17:54:57'),
(28, 'Delete News', 'Delete News Articles', 'News', '2025-05-15 17:54:57', '2025-05-15 17:54:57');

-- --------------------------------------------------------

--
-- Struktura tabeli dla tabeli `cms_permissions_seq`
--

CREATE TABLE `cms_permissions_seq` (
  `id` int(11) NOT NULL
) ENGINE=MyISAM DEFAULT CHARSET=utf8mb4 COLLATE=utf8mb4_general_ci;

--
-- Dumping data for table `cms_permissions_seq`
--

INSERT INTO `cms_permissions_seq` (`id`) VALUES
(28);

-- --------------------------------------------------------

--
-- Struktura tabeli dla tabeli `cms_routes`
--

CREATE TABLE `cms_routes` (
  `term` varchar(255) NOT NULL,
  `key1` varchar(50) NOT NULL,
  `key2` varchar(50) DEFAULT NULL,
  `key3` varchar(50) DEFAULT NULL,
  `data` text DEFAULT NULL,
  `created` datetime DEFAULT NULL
) ENGINE=MyISAM DEFAULT CHARSET=utf8 COLLATE=utf8_general_ci;

--
-- Dumping data for table `cms_routes`
--

INSERT INTO `cms_routes` (`term`, `key1`, `key2`, `key3`, `data`, `created`) VALUES
('/[Nn]ews\\/(?P<articleid>[0-9]+)\\/(?P<returnid>[0-9]+)\\/(?P<junk>.*?)\\/d,(?P<detailtemplate>.*?)$/', 'News', NULL, NULL, 'O:8:\"CmsRoute\":2:{s:15:\"\0CmsRoute\0_data\";a:4:{s:4:\"term\";s:97:\"/[Nn]ews\\/(?P<articleid>[0-9]+)\\/(?P<returnid>[0-9]+)\\/(?P<junk>.*?)\\/d,(?P<detailtemplate>.*?)$/\";s:8:\"absolute\";b:0;s:4:\"key1\";s:4:\"News\";s:4:\"key2\";N;}s:18:\"\0CmsRoute\0_results\";N;}', '2025-05-15 17:54:57'),
('/[Nn]ews\\/(?P<articleid>[0-9]+)\\/(?P<returnid>[0-9]+)\\/(?P<junk>.*?)$/', 'News', NULL, NULL, 'O:8:\"CmsRoute\":2:{s:15:\"\0CmsRoute\0_data\";a:4:{s:4:\"term\";s:70:\"/[Nn]ews\\/(?P<articleid>[0-9]+)\\/(?P<returnid>[0-9]+)\\/(?P<junk>.*?)$/\";s:8:\"absolute\";b:0;s:4:\"key1\";s:4:\"News\";s:4:\"key2\";N;}s:18:\"\0CmsRoute\0_results\";N;}', '2025-05-15 17:54:57'),
('/[Nn]ews\\/(?P<articleid>[0-9]+)\\/(?P<returnid>[0-9]+)$/', 'News', NULL, NULL, 'O:8:\"CmsRoute\":2:{s:15:\"\0CmsRoute\0_data\";a:4:{s:4:\"term\";s:55:\"/[Nn]ews\\/(?P<articleid>[0-9]+)\\/(?P<returnid>[0-9]+)$/\";s:8:\"absolute\";b:0;s:4:\"key1\";s:4:\"News\";s:4:\"key2\";N;}s:18:\"\0CmsRoute\0_results\";N;}', '2025-05-15 17:54:57'),
('/[Nn]ews\\/(?P<articleid>[0-9]+)$/', 'News', NULL, NULL, 'O:8:\"CmsRoute\":2:{s:15:\"\0CmsRoute\0_data\";a:5:{s:4:\"term\";s:33:\"/[Nn]ews\\/(?P<articleid>[0-9]+)$/\";s:8:\"absolute\";b:0;s:4:\"key1\";s:4:\"News\";s:4:\"key2\";N;s:8:\"defaults\";a:1:{s:8:\"returnid\";i:-1;}}s:18:\"\0CmsRoute\0_results\";N;}', '2025-05-15 17:54:57');

-- --------------------------------------------------------

--
-- Struktura tabeli dla tabeli `cms_siteprefs`
--

CREATE TABLE `cms_siteprefs` (
  `sitepref_name` varchar(255) NOT NULL,
  `sitepref_value` text DEFAULT NULL,
  `create_date` datetime DEFAULT NULL,
  `modified_date` datetime DEFAULT NULL
) ENGINE=MyISAM DEFAULT CHARSET=utf8 COLLATE=utf8_general_ci;

--
-- Dumping data for table `cms_siteprefs`
--

INSERT INTO `cms_siteprefs` (`sitepref_name`, `sitepref_value`, `create_date`, `modified_date`) VALUES
('sitemask', '106e3d5b710b2e44', NULL, NULL),
('sitedownmessage', '<p>Site is currently down for maintenance</p>', NULL, NULL),
('metadata', '<meta name=\"Generator\" content=\"CMS Made Simple - Copyright (C) 2004-2025. All rights reserved.\" />\r\n<meta http-equiv=\"Content-Type\" content=\"text/html; charset=utf-8\" />\r\n', NULL, NULL),
('global_umask', '022', NULL, NULL),
('auto_clear_cache_age', '60', NULL, NULL),
('adminlog_lifetime', '2678400', NULL, NULL),
('allow_browser_cache', '1', NULL, NULL),
('browser_cache_expiry', '60', NULL, NULL),
('CMSMS\\LoginOperations', '428cfb07e88180be1bbec8ea55c40c28242673e0', NULL, NULL),
('sitename', 'CMSMS', NULL, NULL),
('CMSContentManager_mapi_pref_locktimeout', '60', NULL, NULL),
('CMSContentManager_mapi_pref_lockrefresh', '120', NULL, NULL),
('DesignManager_mapi_pref_lock_timeout', '60', NULL, NULL),
('DesignManager_mapi_pref_lock_refresh', '120', NULL, NULL),
('FileManager_mapi_pref_advancedmode', '0', NULL, NULL),
('FileManager_mapi_pref_iconsize', '32px', NULL, NULL),
('FileManager_mapi_pref_showhiddenfiles', '0', NULL, NULL),
('FileManager_mapi_pref_showthumbnails', '1', NULL, NULL),
('FileManager_mapi_pref_create_thumbnails', '1', NULL, NULL),
('FileManager_mapi_pref_permissionstyle', 'xxx', NULL, NULL),
('MicroTiny_mapi_pref_profile___frontend__', 'a:7:{s:4:\"name\";s:12:\"__frontend__\";s:5:\"label\";s:16:\"Frontend Editors\";s:7:\"menubar\";b:0;s:11:\"allowimages\";b:0;s:13:\"showstatusbar\";b:0;s:11:\"allowresize\";b:0;s:6:\"system\";b:1;}', NULL, NULL),
('MicroTiny_mapi_pref_profile___admin__', 'a:7:{s:4:\"name\";s:9:\"__admin__\";s:5:\"label\";s:13:\"Admin Editors\";s:7:\"menubar\";b:1;s:11:\"allowimages\";b:1;s:13:\"showstatusbar\";b:1;s:11:\"allowresize\";b:1;s:6:\"system\";b:1;}', NULL, NULL),
('ModuleManager_mapi_pref_module_repository', 'https://www.cmsmadesimple.org/ModuleRepository/request/v2/', NULL, NULL),
('News_mapi_pref_email_subject', 'Nowy news został dodany', NULL, NULL),
('News_mapi_pref_allowed_upload_types', 'gif,png,jpeg,jpg', NULL, NULL),
('News_mapi_pref_auto_create_thumbnails', 'gif,png,jpeg,jpg', NULL, NULL),
('Search_mapi_pref_stopwords', 'i, me, my, myself, we, our, ours, ourselves, you, your, yours, yourself, yourselves, he, him, his, himself, she, her, hers, herself, it, its, itself, they, them, their, theirs, themselves, what, which, who, whom, this, that, these, those, am, is, are, was, were, be, been, being, have, has, had, having, do, does, did, doing, a, an, the, and, but, if, or, because, as, until, while, of, at, by, for, with, about, against, between, into, through, during, before, after, above, below, to, from, up, down, in, out, on, off, over, under, again, further, then, once, here, there, when, where, why, how, all, any, both, each, few, more, most, other, some, such, no, nor, not, only, own, same, so, than, too, very', NULL, NULL),
('Search_mapi_pref_usestemming', 'false', NULL, NULL),
('Search_mapi_pref_searchtext', 'Enter Search...', NULL, NULL),
('CmsJobManager_mapi_pref_tasks_lastcheck', '1747329644', NULL, NULL),
('ClearCache_lastexecute', '1747324704', NULL, NULL),
('CmsJobManager_mapi_pref_last_async_trigger', '1747330514', NULL, NULL),
('CmsJobManager_mapi_pref_last_badjob_run', '1747328129', NULL, NULL),
('adminalert_b05a48b5f5c3e39922e569ad1dd82a8f', 'a:2:{s:6:\"module\";s:0:\"\";s:4:\"data\";s:659:\"O:35:\"CMSMS\\AdminAlerts\\TranslatableAlert\":10:{s:30:\"\0CMSMS\\AdminAlerts\\Alert\0_name\";s:24:\"CmsSecurityCheckTaskmail\";s:32:\"\0CMSMS\\AdminAlerts\\Alert\0_module\";N;s:33:\"\0CMSMS\\AdminAlerts\\Alert\0_created\";i:1747324704;s:34:\"\0CMSMS\\AdminAlerts\\Alert\0_priority\";s:5:\"_high\";s:32:\"\0CMSMS\\AdminAlerts\\Alert\0_loaded\";N;s:43:\"\0CMSMS\\AdminAlerts\\TranslatableAlert\0_perms\";a:1:{i:0;s:23:\"Modify Site Preferences\";}s:42:\"\0CMSMS\\AdminAlerts\\TranslatableAlert\0_icon\";N;s:46:\"\0CMSMS\\AdminAlerts\\TranslatableAlert\0_titlekey\";s:12:\"config_issue\";s:44:\"\0CMSMS\\AdminAlerts\\TranslatableAlert\0_msgkey\";s:16:\"info_mail_notset\";s:45:\"\0CMSMS\\AdminAlerts\\TranslatableAlert\0_msgargs\";N;}\";}', NULL, NULL),
('CmsSecurityCheckTask', '1747324704', NULL, NULL),
('adminalert_00c52e26a29608df166d8222638fa354', 'a:2:{s:6:\"module\";s:0:\"\";s:4:\"data\";s:707:\"O:35:\"CMSMS\\AdminAlerts\\TranslatableAlert\":10:{s:30:\"\0CMSMS\\AdminAlerts\\Alert\0_name\";s:19:\"CMSMS Version Check\";s:32:\"\0CMSMS\\AdminAlerts\\Alert\0_module\";N;s:33:\"\0CMSMS\\AdminAlerts\\Alert\0_created\";i:1747324704;s:34:\"\0CMSMS\\AdminAlerts\\Alert\0_priority\";s:7:\"_normal\";s:32:\"\0CMSMS\\AdminAlerts\\Alert\0_loaded\";N;s:43:\"\0CMSMS\\AdminAlerts\\TranslatableAlert\0_perms\";a:1:{i:0;s:23:\"Modify Site Preferences\";}s:42:\"\0CMSMS\\AdminAlerts\\TranslatableAlert\0_icon\";N;s:46:\"\0CMSMS\\AdminAlerts\\TranslatableAlert\0_titlekey\";s:23:\"new_version_avail_title\";s:44:\"\0CMSMS\\AdminAlerts\\TranslatableAlert\0_msgkey\";s:18:\"new_version_avail2\";s:45:\"\0CMSMS\\AdminAlerts\\TranslatableAlert\0_msgargs\";a:2:{i:0;s:6:\"2.2.14\";i:1;s:6:\"2.2.21\";}}\";}', NULL, NULL),
('CmsVersionCheckTask', '1747324704', NULL, NULL),
('PruneAdminlog_lastexecute', '1747324704', NULL, NULL),
('ReduceAdminlog_lastexecute', '1747324704', NULL, NULL);

-- --------------------------------------------------------

--
-- Struktura tabeli dla tabeli `cms_userplugins`
--

CREATE TABLE `cms_userplugins` (
  `userplugin_id` int(11) NOT NULL,
  `userplugin_name` varchar(255) DEFAULT NULL,
  `code` text DEFAULT NULL,
  `description` text DEFAULT NULL,
  `create_date` datetime DEFAULT NULL,
  `modified_date` datetime DEFAULT NULL
) ENGINE=MyISAM DEFAULT CHARSET=utf8 COLLATE=utf8_general_ci;

--
-- Dumping data for table `cms_userplugins`
--

INSERT INTO `cms_userplugins` (`userplugin_id`, `userplugin_name`, `code`, `description`, `create_date`, `modified_date`) VALUES
(1, 'user_agent', '//Code to show the users user agent information.\necho $_SERVER[\'HTTP_USER_AGENT\'];', 'Code to show the user\'s user agent information', '2025-05-15 17:54:55', '2025-05-15 17:54:55'),
(2, 'custom_copyright', '//set start to date your site was published\n$startCopyRight=\'2004\';\n\n// check if start year is this year\nif(date(\'Y\') == $startCopyRight){\n// it was, just print this year\n    echo $startCopyRight;\n}else{\n// it wasnt, print startyear and this year delimited with a dash\n    echo $startCopyRight.\'-\'. date(\'Y\');\n}', 'Code to output copyright information', '2025-05-15 17:54:55', '2025-05-15 17:54:55');

-- --------------------------------------------------------

--
-- Struktura tabeli dla tabeli `cms_userplugins_seq`
--

CREATE TABLE `cms_userplugins_seq` (
  `id` int(11) NOT NULL
) ENGINE=MyISAM DEFAULT CHARSET=utf8mb4 COLLATE=utf8mb4_general_ci;

--
-- Dumping data for table `cms_userplugins_seq`
--

INSERT INTO `cms_userplugins_seq` (`id`) VALUES
(2);

-- --------------------------------------------------------

--
-- Struktura tabeli dla tabeli `cms_userprefs`
--

CREATE TABLE `cms_userprefs` (
  `user_id` int(11) NOT NULL,
  `preference` varchar(50) NOT NULL,
  `value` text DEFAULT NULL,
  `type` varchar(25) DEFAULT NULL
) ENGINE=MyISAM DEFAULT CHARSET=utf8 COLLATE=utf8_general_ci;

--
-- Dumping data for table `cms_userprefs`
--

INSERT INTO `cms_userprefs` (`user_id`, `preference`, `value`, `type`) VALUES
(1, 'wysiwyg', 'MicroTiny', NULL),
(1, 'opened_pages', '11,33', NULL);

-- --------------------------------------------------------

--
-- Struktura tabeli dla tabeli `cms_users`
--

CREATE TABLE `cms_users` (
  `user_id` int(11) NOT NULL,
  `username` varchar(25) DEFAULT NULL,
  `password` varchar(40) DEFAULT NULL,
  `admin_access` tinyint(4) DEFAULT NULL,
  `first_name` varchar(50) DEFAULT NULL,
  `last_name` varchar(50) DEFAULT NULL,
  `email` varchar(255) DEFAULT NULL,
  `active` tinyint(4) DEFAULT NULL,
  `create_date` datetime DEFAULT NULL,
  `modified_date` datetime DEFAULT NULL
) ENGINE=MyISAM DEFAULT CHARSET=utf8 COLLATE=utf8_general_ci;

--
-- Dumping data for table `cms_users`
--

INSERT INTO `cms_users` (`user_id`, `username`, `password`, `admin_access`, `first_name`, `last_name`, `email`, `active`, `create_date`, `modified_date`) VALUES
(1, 'admin', 'c18a84f32df5651e388457da0c5d1440', 1, '', '', '', 1, '2025-05-15 17:54:55', '2025-05-15 17:54:55');

-- --------------------------------------------------------

--
-- Struktura tabeli dla tabeli `cms_users_seq`
--

CREATE TABLE `cms_users_seq` (
  `id` int(11) NOT NULL
) ENGINE=MyISAM DEFAULT CHARSET=utf8mb4 COLLATE=utf8mb4_general_ci;

--
-- Dumping data for table `cms_users_seq`
--

INSERT INTO `cms_users_seq` (`id`) VALUES
(1);

-- --------------------------------------------------------

--
-- Struktura tabeli dla tabeli `cms_user_groups`
--

CREATE TABLE `cms_user_groups` (
  `group_id` int(11) NOT NULL,
  `user_id` int(11) NOT NULL,
  `create_date` datetime DEFAULT NULL,
  `modified_date` datetime DEFAULT NULL
) ENGINE=MyISAM DEFAULT CHARSET=utf8 COLLATE=utf8_general_ci;

--
-- Dumping data for table `cms_user_groups`
--

INSERT INTO `cms_user_groups` (`group_id`, `user_id`, `create_date`, `modified_date`) VALUES
(1, 1, '2025-05-15 17:54:55', '2025-05-15 17:54:55');

-- --------------------------------------------------------

--
-- Struktura tabeli dla tabeli `cms_version`
--

CREATE TABLE `cms_version` (
  `version` int(11) DEFAULT NULL
) ENGINE=MyISAM DEFAULT CHARSET=utf8 COLLATE=utf8_general_ci;

--
-- Dumping data for table `cms_version`
--

INSERT INTO `cms_version` (`version`) VALUES
(202);

--
-- Indeksy dla zrzutów tabel
--

--
-- Indeksy dla tabeli `cms_additional_users`
--
ALTER TABLE `cms_additional_users`
  ADD PRIMARY KEY (`additional_users_id`);

--
-- Indeksy dla tabeli `cms_adminlog`
--
ALTER TABLE `cms_adminlog`
  ADD KEY `cms_index_adminlog1` (`timestamp`);

--
-- Indeksy dla tabeli `cms_admin_bookmarks`
--
ALTER TABLE `cms_admin_bookmarks`
  ADD PRIMARY KEY (`bookmark_id`),
  ADD KEY `cms_index_admin_bookmarks_by_user_id` (`user_id`);

--
-- Indeksy dla tabeli `cms_content`
--
ALTER TABLE `cms_content`
  ADD PRIMARY KEY (`content_id`),
  ADD KEY `cms_idx_content_by_alias_active` (`content_alias`,`active`),
  ADD KEY `cms_idx_content_default_content` (`default_content`),
  ADD KEY `cms_idx_content_by_parent_id` (`parent_id`),
  ADD KEY `cms_idx_content_by_hier` (`hierarchy`),
  ADD KEY `cms_index_content_by_idhier` (`content_id`,`hierarchy`),
  ADD KEY `cms_idx_content_by_modified` (`modified_date`);

--
-- Indeksy dla tabeli `cms_content_props`
--
ALTER TABLE `cms_content_props`
  ADD KEY `cms_idx_content_props_by_content` (`content_id`);

--
-- Indeksy dla tabeli `cms_events`
--
ALTER TABLE `cms_events`
  ADD PRIMARY KEY (`event_id`),
  ADD KEY `cms_originator` (`originator`),
  ADD KEY `cms_event_name` (`event_name`),
  ADD KEY `cms_event_id` (`event_id`);

--
-- Indeksy dla tabeli `cms_event_handlers`
--
ALTER TABLE `cms_event_handlers`
  ADD PRIMARY KEY (`handler_id`);

--
-- Indeksy dla tabeli `cms_groups`
--
ALTER TABLE `cms_groups`
  ADD PRIMARY KEY (`group_id`);

--
-- Indeksy dla tabeli `cms_group_perms`
--
ALTER TABLE `cms_group_perms`
  ADD PRIMARY KEY (`group_perm_id`),
  ADD KEY `cms_idx_grp_perms_by_grp_id_perm_id` (`group_id`,`permission_id`);

--
-- Indeksy dla tabeli `cms_layout_designs`
--
ALTER TABLE `cms_layout_designs`
  ADD PRIMARY KEY (`id`),
  ADD UNIQUE KEY `cms_idx_layout_dsn_1` (`name`);

--
-- Indeksy dla tabeli `cms_layout_design_cssassoc`
--
ALTER TABLE `cms_layout_design_cssassoc`
  ADD PRIMARY KEY (`design_id`,`css_id`);

--
-- Indeksy dla tabeli `cms_layout_design_tplassoc`
--
ALTER TABLE `cms_layout_design_tplassoc`
  ADD PRIMARY KEY (`design_id`,`tpl_id`),
  ADD KEY `cms_index_dsnassoc1` (`tpl_id`);

--
-- Indeksy dla tabeli `cms_layout_stylesheets`
--
ALTER TABLE `cms_layout_stylesheets`
  ADD PRIMARY KEY (`id`),
  ADD UNIQUE KEY `cms_idx_layout_css_1` (`name`);

--
-- Indeksy dla tabeli `cms_layout_templates`
--
ALTER TABLE `cms_layout_templates`
  ADD PRIMARY KEY (`id`),
  ADD UNIQUE KEY `cms_idx_layout_tpl_1` (`name`),
  ADD KEY `cms_idx_layout_tpl_2` (`type_id`,`type_dflt`);

--
-- Indeksy dla tabeli `cms_layout_tpl_addusers`
--
ALTER TABLE `cms_layout_tpl_addusers`
  ADD PRIMARY KEY (`tpl_id`,`user_id`);

--
-- Indeksy dla tabeli `cms_layout_tpl_categories`
--
ALTER TABLE `cms_layout_tpl_categories`
  ADD PRIMARY KEY (`id`),
  ADD UNIQUE KEY `cms_idx_layout_tpl_cat_1` (`name`);

--
-- Indeksy dla tabeli `cms_layout_tpl_type`
--
ALTER TABLE `cms_layout_tpl_type`
  ADD PRIMARY KEY (`id`),
  ADD UNIQUE KEY `cms_idx_layout_tpl_type_1` (`originator`,`name`);

--
-- Indeksy dla tabeli `cms_locks`
--
ALTER TABLE `cms_locks`
  ADD PRIMARY KEY (`id`),
  ADD UNIQUE KEY `cms_index_locks1` (`type`,`oid`),
  ADD KEY `cms_index_locks2` (`expires`),
  ADD KEY `cms_index_locks3` (`uid`);

--
-- Indeksy dla tabeli `cms_modules`
--
ALTER TABLE `cms_modules`
  ADD PRIMARY KEY (`module_name`),
  ADD KEY `cms_idx_modules_by_name` (`module_name`);

--
-- Indeksy dla tabeli `cms_module_news`
--
ALTER TABLE `cms_module_news`
  ADD PRIMARY KEY (`news_id`),
  ADD KEY `cms_news_postdate` (`news_date`),
  ADD KEY `cms_news_daterange` (`start_time`,`end_time`),
  ADD KEY `cms_news_author` (`author_id`),
  ADD KEY `cms_news_hier` (`news_category_id`),
  ADD KEY `cms_news_url` (`news_url`),
  ADD KEY `cms_news_startenddate` (`start_time`,`end_time`);

--
-- Indeksy dla tabeli `cms_module_news_categories`
--
ALTER TABLE `cms_module_news_categories`
  ADD PRIMARY KEY (`news_category_id`);

--
-- Indeksy dla tabeli `cms_module_news_fielddefs`
--
ALTER TABLE `cms_module_news_fielddefs`
  ADD PRIMARY KEY (`id`);

--
-- Indeksy dla tabeli `cms_module_news_fieldvals`
--
ALTER TABLE `cms_module_news_fieldvals`
  ADD PRIMARY KEY (`news_id`,`fielddef_id`);

--
-- Indeksy dla tabeli `cms_module_search_index`
--
ALTER TABLE `cms_module_search_index`
  ADD KEY `cms_index_search_count` (`count`),
  ADD KEY `cms_index_search_index` (`word`);

--
-- Indeksy dla tabeli `cms_module_search_items`
--
ALTER TABLE `cms_module_search_items`
  ADD PRIMARY KEY (`id`),
  ADD KEY `module_name` (`module_name`),
  ADD KEY `content_id` (`content_id`),
  ADD KEY `extra_attr` (`extra_attr`),
  ADD KEY `cms_index_search_items` (`module_name`,`content_id`);

--
-- Indeksy dla tabeli `cms_module_search_words`
--
ALTER TABLE `cms_module_search_words`
  ADD PRIMARY KEY (`word`);

--
-- Indeksy dla tabeli `cms_module_smarty_plugins`
--
ALTER TABLE `cms_module_smarty_plugins`
  ADD PRIMARY KEY (`sig`),
  ADD KEY `cms_idx_smp_module` (`module`);

--
-- Indeksy dla tabeli `cms_module_templates`
--
ALTER TABLE `cms_module_templates`
  ADD KEY `cms_idx_module_templates_by_module_and_tpl_name` (`module_name`,`template_name`);

--
-- Indeksy dla tabeli `cms_mod_cmsjobmgr`
--
ALTER TABLE `cms_mod_cmsjobmgr`
  ADD PRIMARY KEY (`id`);

--
-- Indeksy dla tabeli `cms_mod_filepicker_profiles`
--
ALTER TABLE `cms_mod_filepicker_profiles`
  ADD PRIMARY KEY (`id`),
  ADD UNIQUE KEY `cms_cmsfp_idx0` (`name`);

--
-- Indeksy dla tabeli `cms_permissions`
--
ALTER TABLE `cms_permissions`
  ADD PRIMARY KEY (`permission_id`);

--
-- Indeksy dla tabeli `cms_routes`
--
ALTER TABLE `cms_routes`
  ADD PRIMARY KEY (`term`,`key1`);

--
-- Indeksy dla tabeli `cms_siteprefs`
--
ALTER TABLE `cms_siteprefs`
  ADD PRIMARY KEY (`sitepref_name`);

--
-- Indeksy dla tabeli `cms_userplugins`
--
ALTER TABLE `cms_userplugins`
  ADD PRIMARY KEY (`userplugin_id`);

--
-- Indeksy dla tabeli `cms_userprefs`
--
ALTER TABLE `cms_userprefs`
  ADD PRIMARY KEY (`user_id`,`preference`),
  ADD KEY `cms_idx_userprefs_by_user_id` (`user_id`);

--
-- Indeksy dla tabeli `cms_users`
--
ALTER TABLE `cms_users`
  ADD PRIMARY KEY (`user_id`);

--
-- Indeksy dla tabeli `cms_user_groups`
--
ALTER TABLE `cms_user_groups`
  ADD PRIMARY KEY (`group_id`,`user_id`);

--
-- AUTO_INCREMENT for dumped tables
--

--
-- AUTO_INCREMENT for table `cms_layout_designs`
--
ALTER TABLE `cms_layout_designs`
  MODIFY `id` int(11) NOT NULL AUTO_INCREMENT, AUTO_INCREMENT=11;

--
-- AUTO_INCREMENT for table `cms_layout_stylesheets`
--
ALTER TABLE `cms_layout_stylesheets`
  MODIFY `id` int(11) NOT NULL AUTO_INCREMENT, AUTO_INCREMENT=24;

--
-- AUTO_INCREMENT for table `cms_layout_templates`
--
ALTER TABLE `cms_layout_templates`
  MODIFY `id` int(11) NOT NULL AUTO_INCREMENT, AUTO_INCREMENT=35;

--
-- AUTO_INCREMENT for table `cms_layout_tpl_categories`
--
ALTER TABLE `cms_layout_tpl_categories`
  MODIFY `id` int(11) NOT NULL AUTO_INCREMENT;

--
-- AUTO_INCREMENT for table `cms_layout_tpl_type`
--
ALTER TABLE `cms_layout_tpl_type`
  MODIFY `id` int(11) NOT NULL AUTO_INCREMENT, AUTO_INCREMENT=12;

--
-- AUTO_INCREMENT for table `cms_locks`
--
ALTER TABLE `cms_locks`
  MODIFY `id` int(11) NOT NULL AUTO_INCREMENT, AUTO_INCREMENT=75;

--
-- AUTO_INCREMENT for table `cms_module_news_fielddefs`
--
ALTER TABLE `cms_module_news_fielddefs`
  MODIFY `id` int(11) NOT NULL AUTO_INCREMENT;

--
-- AUTO_INCREMENT for table `cms_mod_cmsjobmgr`
--
ALTER TABLE `cms_mod_cmsjobmgr`
  MODIFY `id` int(11) NOT NULL AUTO_INCREMENT, AUTO_INCREMENT=6;

--
-- AUTO_INCREMENT for table `cms_mod_filepicker_profiles`
--
ALTER TABLE `cms_mod_filepicker_profiles`
  MODIFY `id` int(11) NOT NULL AUTO_INCREMENT;
COMMIT;

/*!40101 SET CHARACTER_SET_CLIENT=@OLD_CHARACTER_SET_CLIENT */;
/*!40101 SET CHARACTER_SET_RESULTS=@OLD_CHARACTER_SET_RESULTS */;
/*!40101 SET COLLATION_CONNECTION=@OLD_COLLATION_CONNECTION */;
